path_id,t,posterior_stress,regime_true,predicted_stress
0,1,0.09236032042952673,0,0
0,2,0.06463494741540661,0,0
0,3,0.004327915349590748,0,0
0,4,0.003929926880406561,0,0
0,5,0.13375769216856262,0,0
0,6,0.01151007512089068,0,0
0,7,0.027502517757545076,0,0
0,8,0.0014799066859473196,0,0
0,9,0.287456894729516,0,0
0,10,0.0036039458785352627,0,0
0,11,0.025399648909085845,0,0
0,12,0.0015970561287547173,0,0
0,13,0.015769016261264972,0,0
1,1,0.9924686303886983,1,1
1,2,0.9999637185350055,1,1
1,3,0.9973720572964286,1,1
1,4,0.23925535778077694,0,0
1,5,0.9760948189275614,1,1
1,6,0.8811885353123502,0,1
1,7,0.09526076772308152,0,0
1,8,0.005179295639892669,0,0
1,9,0.03958754555829685,0,0
1,10,0.001963594254496039,0,0
1,11,0.001169154066596935,0,0
1,12,0.09332520279159055,0,0
1,13,0.010852141314339644,0,0
2,1,0.007699889958366445,0,0
2,2,0.11254819968822954,0,0
2,3,0.01235995179761847,0,0
2,4,0.02863249974084352,0,0
2,5,0.5548559029023251,1,1
2,6,0.9730864106960191,1,1
2,7,0.9917800688208404,1,1
2,8,0.3141260136633848,1,0
2,9,0.978830388468656,1,1
2,10,0.9797337430691364,1,1
2,11,0.9999951779291516,1,1
2,12,0.9994406227895973,1,1
2,13,0.9950492801391516,1,1
3,1,0.04493601313882828,0,0
3,2,0.011908609861734176,0,0
3,3,0.07875435122432804,0,0
3,4,0.06549972814108479,0,0
3,5,0.030232785116681146,0,0
3,6,0.00962856826409872,0,0
3,7,0.001933506377312537,0,0
3,8,0.0026909723087931384,0,0
3,9,0.01169597001318952,0,0
3,10,0.02114862536228556,0,0
3,11,0.14620284154025417,0,0
3,12,0.009988007151522557,0,0
3,13,0.05438225049723582,0,0
4,1,0.1851574353944702,0,0
4,2,0.11717744132468973,0,0
4,3,0.019175205398336455,0,0
4,4,0.04246886087150148,0,0
4,5,0.015255921146354498,0,0
4,6,0.006041051708119166,0,0
4,7,0.019892033298639627,0,0
4,8,0.0017063826548981142,0,0
4,9,0.998990476219603,1,1
4,10,0.8426575969523968,1,1
4,11,0.47223442081749584,1,0
4,12,0.4872716115352227,1,0
4,13,0.023141311216530704,0,0
5,1,0.12107174185283176,0,0
5,2,0.7911142044359234,1,1
5,3,0.5937670760379722,1,1
5,4,0.998639353151718,1,1
5,5,0.22702959302733616,0,0
5,6,0.18116676052759953,0,0
5,7,0.005574293871643836,0,0
5,8,0.010161177053689848,0,0
5,9,0.0016583323276780752,0,0
5,10,0.05253601735697916,0,0
5,11,0.005369673518290256,0,0
5,12,0.0012442797964111348,0,0
5,13,0.011396586858485663,0,0
6,1,0.557306957182924,0,1
6,2,0.3301941409369328,0,0
6,3,0.9989620889473155,1,1
6,4,0.38002823177789086,0,0
6,5,0.03693488321378148,0,0
6,6,0.0664209245120127,0,0
6,7,0.003068780267299161,0,0
6,8,0.2255213900970278,0,0
6,9,0.015553884227996882,0,0
6,10,0.013705966699398891,0,0
6,11,0.0016384516912128283,0,0
6,12,0.02450957078668275,0,0
6,13,0.06981044163645253,0,0
7,1,0.1041696263184802,0,0
7,2,0.021760959954809915,0,0
7,3,0.003896116955793354,0,0
7,4,0.034259105422029396,0,0
7,5,0.04107675467334531,0,0
7,6,0.05723450387167887,0,0
7,7,0.0215541069042048,0,0
7,8,0.002347867429052618,0,0
7,9,0.005119720155821577,0,0
7,10,0.007658375427153868,0,0
7,11,0.0032018771422839074,0,0
7,12,0.0010669621853680083,0,0
7,13,0.11167605931528586,0,0
8,1,0.8388553671655029,1,1
8,2,0.9944710330320339,1,1
8,3,0.9988237382179359,1,1
8,4,0.9277975011019947,1,1
8,5,0.999999854326155,1,1
8,6,0.9989532802515686,1,1
8,7,0.9999999802534967,1,1
8,8,0.9774566557156993,1,1
8,9,0.45270645684657657,1,0
8,10,0.03959220002212961,0,0
8,11,0.00789519852630486,0,0
8,12,0.007758731898769394,0,0
8,13,0.009839727952484363,0,0
9,1,0.059510150708335145,0,0
9,2,0.014704859337304081,0,0
9,3,0.00046734945292104695,0,0
9,4,0.033597174881331626,0,0
9,5,0.09360924476450705,0,0
9,6,0.044525919973243705,0,0
9,7,0.006855494657816555,0,0
9,8,0.005331609308034851,0,0
9,9,0.0032015278543314615,0,0
9,10,0.017278580707954915,0,0
9,11,0.0016562590051702663,0,0
9,12,0.024870294553293718,0,0
9,13,0.0026892199430694724,0,0
10,1,0.9373081623168518,1,1
10,2,0.999775310881136,1,1
10,3,0.9911517634304589,1,1
10,4,0.9999794143835519,1,1
10,5,0.9998795122910379,1,1
10,6,0.9777420411797706,1,1
10,7,0.9808330689816414,1,1
10,8,0.1534981673853947,1,0
10,9,0.9991615934228378,1,1
10,10,0.9960739892744961,1,1
10,11,0.9999382372378403,1,1
10,12,0.9968640444877908,1,1
10,13,0.9353861477394214,1,1
11,1,0.018423048672840583,0,0
11,2,0.0018404538151589771,0,0
11,3,0.39404792313156817,0,0
11,4,0.04865387287092172,0,0
11,5,0.0031342691061222614,0,0
11,6,0.2844820307437588,0,0
11,7,0.4572634632083059,0,0
11,8,0.036905775455729456,0,0
11,9,0.14889957946699345,0,0
11,10,0.003590252155069746,0,0
11,11,0.0011171775063227348,0,0
11,12,0.03995346625390667,1,0
11,13,0.984499077979867,1,1
12,1,0.7774245693932833,1,1
12,2,0.7015938658842987,1,1
12,3,0.9746917595555,1,1
12,4,0.9985744656937547,1,1
12,5,0.3900752646451921,0,0
12,6,0.03187666481229527,0,0
12,7,0.008669647690791557,0,0
12,8,0.0007051146440814256,0,0
12,9,0.001225054363898382,0,0
12,10,0.0009935506155025367,0,0
12,11,0.0015103133326569852,0,0
12,12,0.008806432344761235,0,0
12,13,0.008169756118420548,0,0
13,1,0.44118228994369124,0,0
13,2,0.1617216808359276,0,0
13,3,0.0024446211354688142,0,0
13,4,0.928543507133297,1,1
13,5,0.9989392465089348,1,1
13,6,0.9868636980201536,1,1
13,7,0.9905877364948797,1,1
13,8,0.9999647373908411,1,1
13,9,0.9980744628498648,1,1
13,10,0.14382861316267156,0,0
13,11,0.03685636768977457,0,0
13,12,0.03540339969687201,0,0
13,13,0.0008723728306883893,0,0
14,1,0.01116349705064134,0,0
14,2,0.0042480713525856854,0,0
14,3,0.001411850938833991,0,0
14,4,0.0012101252366289136,0,0
14,5,0.005950747158625073,0,0
14,6,0.049736150338543,0,0
14,7,0.003198874750151347,0,0
14,8,0.023186549497766395,0,0
14,9,0.011718104076378114,0,0
14,10,0.0017370755142794363,0,0
14,11,0.011160669356798464,0,0
14,12,0.04127163684324133,0,0
14,13,0.016069594572346305,0,0
15,1,0.010426607934055105,0,0
15,2,0.15000642156191998,0,0
15,3,0.0030689776812009256,0,0
15,4,0.013797310131069818,0,0
15,5,0.0337049287823481,0,0
15,6,0.0010625849199922914,0,0
15,7,0.927222413642795,1,1
15,8,0.10346804723373011,0,0
15,9,0.08161059826990012,0,0
15,10,0.003793190504821242,0,0
15,11,0.0015432200192524888,0,0
15,12,0.11938091333739241,0,0
15,13,0.0018562358072329937,0,0
16,1,0.008749325131848906,0,0
16,2,0.014424620994163148,0,0
16,3,0.0012555416976684128,0,0
16,4,0.001599998021283398,0,0
16,5,0.0020357612618293304,0,0
16,6,0.018479203676068902,0,0
16,7,0.0454490710337409,0,0
16,8,0.0026638857432767526,0,0
16,9,0.008384594836016375,0,0
16,10,0.001687707622471323,0,0
16,11,0.06195259527281158,0,0
16,12,0.0018411136956329377,0,0
16,13,0.02190439869746091,1,0
17,1,0.9996040638680258,1,1
17,2,0.999750483373762,1,1
17,3,0.8226922774282373,1,1
17,4,0.2782438474981465,0,0
17,5,0.007531832084073149,0,0
17,6,0.003170039762654949,0,0
17,7,0.0015214163822422585,0,0
17,8,0.00029210730926260093,0,0
17,9,0.18306561579337338,0,0
17,10,0.2878417600506229,0,0
17,11,0.005213755954338842,0,0
17,12,0.0061785863106828464,0,0
17,13,0.08952582022898865,0,0
18,1,0.20386159564937445,1,0
18,2,0.9035618432616197,1,1
18,3,0.2533998886046875,0,0
18,4,0.005487771865462711,0,0
18,5,0.0063887515381382525,0,0
18,6,0.0037081672208817973,0,0
18,7,0.002712405602793514,0,0
18,8,0.013662985847373476,0,0
18,9,0.007123599988051521,0,0
18,10,0.006076924464336141,0,0
18,11,0.0008156708053065946,0,0
18,12,0.0005337262422891891,0,0
18,13,0.020851601031104477,1,0
19,1,0.7329399159438574,1,1
19,2,0.9936710855147383,1,1
19,3,0.20348892490379636,0,0
19,4,0.009614930056556595,0,0
19,5,0.007889805964485064,0,0
19,6,0.0477690403549747,0,0
19,7,0.02679132107607981,0,0
19,8,0.006745374434994332,0,0
19,9,0.1817187661424633,0,0
19,10,0.005964638473927797,0,0
19,11,0.001388471349585161,0,0
19,12,0.008674640555373968,0,0
19,13,0.016637843105911248,0,0
20,1,0.03452253679682594,0,0
20,2,0.0005570594708387686,0,0
20,3,0.005002392903579097,0,0
20,4,0.002455376399808701,0,0
20,5,0.008165855288648702,0,0
20,6,0.025576745861436868,0,0
20,7,0.00843101361103985,0,0
20,8,0.0017341367295975192,0,0
20,9,0.15573249316693807,0,0
20,10,0.008162335396697497,0,0
20,11,0.2623177803489941,1,0
20,12,0.7710881535633171,1,1
20,13,0.107431728861213,0,0
21,1,0.005105654869532917,0,0
21,2,0.9854280128693628,1,1
21,3,0.3991406367481275,1,0
21,4,0.027298924705514135,0,0
21,5,0.016574967304428666,0,0
21,6,0.001397563438107193,0,0
21,7,0.4649697429551716,1,0
21,8,0.6576833573544231,1,1
21,9,0.999999967542356,1,1
21,10,0.9984379486213136,1,1
21,11,0.054711639728401734,0,0
21,12,0.0019330151446808994,0,0
21,13,0.010022913561194748,0,0
22,1,0.1431385625470347,0,0
22,2,0.04342971092988621,0,0
22,3,0.010980395470026832,0,0
22,4,0.006949499770060474,0,0
22,5,0.0012437823821588453,0,0
22,6,0.0022689051427941006,0,0
22,7,0.0008407063858076184,0,0
22,8,0.0037703746889437453,0,0
22,9,0.07878678908916853,0,0
22,10,0.0029054203365161406,0,0
22,11,0.032746060685069425,0,0
22,12,0.003432907432022926,0,0
22,13,0.013887692513931975,0,0
23,1,0.028201078638009733,0,0
23,2,0.02837423966899091,0,0
23,3,0.015592549620374204,0,0
23,4,0.0026259818502149283,0,0
23,5,0.002661053948971865,0,0
23,6,0.006136554165584114,0,0
23,7,0.020632982627225308,0,0
23,8,0.001122962363457631,0,0
23,9,0.0047858558317055416,0,0
23,10,0.007148711289879363,0,0
23,11,0.0256781473642919,0,0
23,12,0.004269102522146347,0,0
23,13,0.0002618930407380575,0,0
24,1,0.0481399911402428,0,0
24,2,0.006937355094403187,0,0
24,3,0.017352313633325865,0,0
24,4,0.007186222420538239,0,0
24,5,0.008324416068054386,0,0
24,6,0.0010676558112430814,0,0
24,7,0.0055809707630185635,0,0
24,8,0.0017625387713478095,0,0
24,9,0.0005579860361074117,0,0
24,10,0.0009353695738459953,0,0
24,11,0.0040724781480299625,0,0
24,12,0.000758404629094605,0,0
24,13,0.003642952322911188,0,0
25,1,0.014665247578230232,0,0
25,2,0.002176692218340444,0,0
25,3,0.0029088495813687962,0,0
25,4,0.04059203966948967,0,0
25,5,0.016644789395398315,0,0
25,6,0.0013549276068413843,0,0
25,7,0.006500533782176841,0,0
25,8,0.08128301768108327,1,0
25,9,0.7814507009451945,1,1
25,10,0.28434739585753754,1,0
25,11,0.8201930614015293,1,1
25,12,0.49562005872515846,1,0
25,13,0.9871504546319275,1,1
26,1,0.8583212799588041,1,1
26,2,0.9999999573948006,1,1
26,3,0.9890759127701968,1,1
26,4,0.9901540310077225,1,1
26,5,0.9915523985883204,1,1
26,6,0.02063183743738721,0,0
26,7,0.011250870562651257,0,0
26,8,0.9869065123265603,1,1
26,9,0.9987963885591338,1,1
26,10,0.18087291273789713,1,0
26,11,0.7077091375281372,1,1
26,12,0.8224982281194064,1,1
26,13,0.9926211835959963,1,1
27,1,0.06783596175254032,0,0
27,2,0.09691953551197506,0,0
27,3,0.023477818285555268,0,0
27,4,0.007211867205936775,0,0
27,5,0.001538620563083586,0,0
27,6,0.10900646789958456,0,0
27,7,0.04526736045987794,0,0
27,8,0.18936706627649208,0,0
27,9,0.11950701420373776,0,0
27,10,0.05729996649315024,0,0
27,11,0.0022611225208202307,0,0
27,12,0.004595807888763656,0,0
27,13,0.005170940914295234,0,0
28,1,0.04503135635630686,0,0
28,2,0.003590073261330671,0,0
28,3,0.17238184258868322,0,0
28,4,0.010455011983741927,0,0
28,5,0.02094126899867716,0,0
28,6,0.007598272757207887,0,0
28,7,0.03089376034134681,0,0
28,8,0.018517582651710635,0,0
28,9,0.0012744996962061538,0,0
28,10,0.015714604564960773,0,0
28,11,0.01638460554420719,0,0
28,12,0.00189420221539369,0,0
28,13,0.8224619017839371,1,1
29,1,0.04071561718232558,0,0
29,2,0.0062063529022310495,0,0
29,3,0.013667619885026957,0,0
29,4,0.0031220126400346004,0,0
29,5,0.024925429205359652,0,0
29,6,0.020608507418406936,0,0
29,7,0.004241659987749892,0,0
29,8,0.0436960432375911,0,0
29,9,0.0023438876704045815,0,0
29,10,0.2763067127779453,1,0
29,11,0.40070477770148416,1,0
29,12,0.029816322812280152,0,0
29,13,0.0046186475880001555,0,0
30,1,0.03106177163756584,0,0
30,2,0.04114435351300886,0,0
30,3,0.015962110372906103,0,0
30,4,0.010532740519703113,0,0
30,5,0.038278990753490644,1,0
30,6,0.09184662713342996,1,0
30,7,0.027343113433906087,1,0
30,8,0.9958980420280983,1,1
30,9,0.9983698352728058,1,1
30,10,0.9997573639586343,1,1
30,11,0.6845043212024401,1,1
30,12,0.9882147775366398,1,1
30,13,0.9996687192874962,1,1
31,1,0.019035994441271836,0,0
31,2,0.00144268903902197,0,0
31,3,0.0005977795873778613,0,0
31,4,0.005689601827573456,0,0
31,5,0.004212054052675005,0,0
31,6,0.014011473045453603,0,0
31,7,0.06020082324065657,1,0
31,8,0.040228068116003816,1,0
31,9,0.28002708058006653,1,0
31,10,0.04267948318351982,0,0
31,11,0.05448184145835751,0,0
31,12,0.004749145355208376,0,0
31,13,0.007298010761598417,0,0
32,1,0.015550751991403568,0,0
32,2,0.0032721264270773,0,0
32,3,0.005730919058116362,0,0
32,4,0.030991308027044535,0,0
32,5,0.006643520195092995,0,0
32,6,0.04386751278922463,0,0
32,7,0.013118073593103761,0,0
32,8,0.0013411104011642905,0,0
32,9,0.001619882847946297,0,0
32,10,0.01248529087345228,0,0
32,11,0.0023475705386655174,0,0
32,12,0.0014380016040923262,0,0
32,13,0.014173823376764597,0,0
33,1,0.0025445669706165093,0,0
33,2,0.9342617607897064,1,1
33,3,0.799896080960112,1,1
33,4,0.9979698005403111,1,1
33,5,0.059434442861756434,0,0
33,6,0.0075273984803687615,0,0
33,7,0.011947255584942182,0,0
33,8,0.06633078032749927,0,0
33,9,0.00721818393195438,0,0
33,10,0.35588180274739495,0,0
33,11,0.006612848727355177,0,0
33,12,0.0020509457956822672,0,0
33,13,0.002115371573451119,0,0
34,1,0.004161073166630629,0,0
34,2,0.000546738279752862,0,0
34,3,0.001894587966661077,0,0
34,4,0.4247302555576743,0,0
34,5,0.06687706618315088,0,0
34,6,0.0031608769022280657,0,0
34,7,0.0020233125203059656,0,0
34,8,0.0018394582313293725,0,0
34,9,0.0032426807311308993,0,0
34,10,0.02876722065891958,1,0
34,11,0.05220749229360021,1,0
34,12,0.7018236841871891,1,1
34,13,0.9318143826269834,1,1
35,1,0.056274180419477016,0,0
35,2,0.0038393954979948474,0,0
35,3,0.005178260461467214,0,0
35,4,0.005720921147994406,0,0
35,5,0.0027565016487794028,0,0
35,6,0.001912118094974516,0,0
35,7,0.0011313646893490762,0,0
35,8,0.008014890150347433,0,0
35,9,0.05020403383431374,0,0
35,10,0.0005414064390448272,0,0
35,11,0.0007578288086311283,0,0
35,12,0.7075128679288885,0,1
35,13,0.06843756773632155,0,0
36,1,0.0073261447474226955,0,0
36,2,0.0051968447731743335,0,0
36,3,0.0007251448477236026,0,0
36,4,0.007179429006534234,0,0
36,5,0.11300695875390135,1,0
36,6,0.8111714493171474,1,1
36,7,0.9999978710823134,1,1
36,8,0.9436150867790006,1,1
36,9,0.999237422145708,1,1
36,10,0.9963643024463833,1,1
36,11,0.9999998653921229,1,1
36,12,0.9877176218561003,1,1
36,13,0.9999998433688668,1,1
37,1,0.0036603731499123397,0,0
37,2,0.035292234831014666,0,0
37,3,0.005389659198834969,0,0
37,4,0.0010391232211973322,0,0
37,5,0.02228360394735056,0,0
37,6,0.0028681415584023984,0,0
37,7,0.028972744381124904,0,0
37,8,0.006161455932487348,0,0
37,9,0.0010386060357506657,0,0
37,10,0.008794350962748327,0,0
37,11,0.2833771255036166,0,0
37,12,0.17280965957106362,0,0
37,13,0.005498045838523128,0,0
38,1,0.982440871032755,1,1
38,2,0.9999961501099445,1,1
38,3,0.9985993034444159,1,1
38,4,0.999985805537204,1,1
38,5,0.9999530294743134,1,1
38,6,0.9850402084202518,1,1
38,7,0.9912633249371354,1,1
38,8,0.9743865517646237,1,1
38,9,0.3626794812755529,1,0
38,10,0.7812210875367986,1,1
38,11,0.9999914563583908,1,1
38,12,0.9946867928244976,1,1
38,13,0.39298283567766434,1,0
39,1,0.008381337529183418,0,0
39,2,0.0018504698518787012,0,0
39,3,0.004158359231787056,0,0
39,4,0.01402879155571786,0,0
39,5,0.0031864188874445977,0,0
39,6,0.02805136236086209,0,0
39,7,0.0033125679492337213,0,0
39,8,0.06241756290213667,0,0
39,9,0.002326390936766637,0,0
39,10,0.010396833673222687,0,0
39,11,0.009414729175201154,0,0
39,12,0.002285249116564444,0,0
39,13,0.008755502378305219,0,0
40,1,0.04956536897993632,0,0
40,2,0.9999996152272311,1,1
40,3,0.9995670744612062,1,1
40,4,0.9999899010099605,1,1
40,5,0.999954397754047,1,1
40,6,0.9999733912553762,1,1
40,7,0.3027427430244597,0,0
40,8,0.008360339254026124,0,0
40,9,0.0016965043559671806,0,0
40,10,0.0036770280341830355,0,0
40,11,0.005041784517544632,0,0
40,12,0.13763838484406407,0,0
40,13,0.013227053175650967,0,0
41,1,0.013477583229171372,0,0
41,2,0.003790124683936054,0,0
41,3,0.05958953488191018,0,0
41,4,0.029102600068412334,0,0
41,5,0.0018428280377635244,0,0
41,6,0.01088167950170023,0,0
41,7,0.002045742427039571,0,0
41,8,0.0008981229763373965,0,0
41,9,0.013058550443855732,0,0
41,10,0.003070318574221133,0,0
41,11,0.014443090049511016,0,0
41,12,0.0017505806333907629,0,0
41,13,0.0013646694066271892,0,0
42,1,0.02178757533317032,0,0
42,2,0.0384616442299686,0,0
42,3,0.00505667866640169,0,0
42,4,0.6784723457093854,1,1
42,5,0.9987513011277932,1,1
42,6,0.06975193402007245,0,0
42,7,0.02216332369131214,0,0
42,8,0.03187259645837525,0,0
42,9,0.006927046658767342,0,0
42,10,0.0008312642352939981,0,0
42,11,0.0020811293520254254,0,0
42,12,0.026411150027310662,0,0
42,13,0.3848584895486505,1,0
43,1,0.007901950966825978,0,0
43,2,0.08335050048967818,1,0
43,3,0.7200367951599218,1,1
43,4,0.3166006130942358,1,0
43,5,0.9952880607404633,1,1
43,6,0.790805082043128,1,1
43,7,0.9991615768008978,1,1
43,8,0.4492763577830253,1,0
43,9,0.04746408479403441,0,0
43,10,0.008948699281638177,0,0
43,11,0.39562709072263,1,0
43,12,0.008390544582827647,0,0
43,13,0.019698146738214704,0,0
44,1,0.05562131133336688,0,0
44,2,0.04756989691730667,0,0
44,3,0.009376770373777222,0,0
44,4,0.003137811914985409,0,0
44,5,0.012236062551630069,0,0
44,6,0.0008891572774022883,0,0
44,7,0.0045339195892287526,0,0
44,8,0.0013555505165360284,0,0
44,9,0.0033613727340154414,0,0
44,10,0.0008393480159760491,0,0
44,11,0.0006308007418928789,0,0
44,12,0.0031190213728476135,0,0
44,13,0.0901525270196617,0,0
45,1,0.01771118746642905,0,0
45,2,0.012931986741944065,0,0
45,3,0.0015535893485864312,0,0
45,4,0.0018851983654992095,0,0
45,5,0.003795435241385557,0,0
45,6,0.004976341525027494,0,0
45,7,0.0013145160449561128,0,0
45,8,0.004454394568525859,0,0
45,9,0.030089063430407344,1,0
45,10,0.15371440281121826,1,0
45,11,0.9918227258262466,1,1
45,12,0.37192980123463093,0,0
45,13,0.01614750376325718,0,0
46,1,0.00663187731043449,0,0
46,2,0.003860560781651863,0,0
46,3,0.13381428549231864,0,0
46,4,0.00234478658810527,0,0
46,5,0.34242305161999886,1,0
46,6,0.4838163605340177,1,0
46,7,0.992153781675306,1,1
46,8,0.9992579516776561,1,1
46,9,0.9999915065870794,1,1
46,10,0.9517627564057752,1,1
46,11,0.22695731065926153,1,0
46,12,0.043583936403671406,0,0
46,13,0.0026135171489684744,0,0
47,1,0.08931536409343205,0,0
47,2,0.004713868527490615,0,0
47,3,0.0018213888229021754,0,0
47,4,0.09109649628825087,0,0
47,5,0.04675102640786463,0,0
47,6,0.036128887417661494,0,0
47,7,0.0012340085722864172,0,0
47,8,0.001812507749330505,0,0
47,9,0.003822079142752216,0,0
47,10,0.0009999658753987494,0,0
47,11,0.0049416618928220515,0,0
47,12,0.03270453758225605,0,0
47,13,0.007846753592881573,0,0
48,1,0.010179862677257248,0,0
48,2,0.0015002272995983813,0,0
48,3,0.0005904005699829224,0,0
48,4,0.007229298733366513,0,0
48,5,0.009584478956271602,0,0
48,6,0.006249288905845874,0,0
48,7,0.0030131847221003924,0,0
48,8,0.03913951208231148,1,0
48,9,0.7505471902845829,1,1
48,10,0.7444169879312781,1,1
48,11,0.9609987154447373,1,1
48,12,0.9594348431833603,1,1
48,13,0.9998443598175468,1,1
49,1,0.9359342097044933,1,1
49,2,0.9987511474782391,1,1
49,3,0.9893751958631918,1,1
49,4,0.9970984110090041,1,1
49,5,0.9873265104804668,1,1
49,6,0.9999949709174332,1,1
49,7,0.5194007196606842,1,1
49,8,0.9609484785053064,1,1
49,9,0.9766413629536628,1,1
49,10,0.9996525352759633,1,1
49,11,0.9934270952581132,1,1
49,12,0.5320839868361874,0,1
49,13,0.017597336808031164,0,0
50,1,0.004640017288715901,0,0
50,2,0.006391785387461541,0,0
50,3,0.007213123989474362,0,0
50,4,0.014599171564370215,0,0
50,5,0.09018337835879563,0,0
50,6,0.006933355447056724,0,0
50,7,0.0025572519836312264,0,0
50,8,0.0347562282952401,0,0
50,9,0.012625736159571297,0,0
50,10,0.0314453765946858,1,0
50,11,0.006500652035837892,0,0
50,12,0.0007026501790111997,0,0
50,13,0.002978069575147709,0,0
51,1,0.011704572500088254,0,0
51,2,0.005112646074593338,0,0
51,3,0.0028130353318317008,0,0
51,4,0.0010989671154103553,0,0
51,5,0.0066640370130332,0,0
51,6,0.33152769933607973,1,0
51,7,0.8033380816337329,1,1
51,8,0.11140781740958548,1,0
51,9,0.04164935488282535,1,0
51,10,0.06820723479562671,1,0
51,11,0.9003905050567823,1,1
51,12,0.9251411183652534,1,1
51,13,0.9723933525150563,1,1
52,1,0.023863396871335,0,0
52,2,0.05517907636641383,0,0
52,3,0.0761454695487429,0,0
52,4,0.017583862674552822,0,0
52,5,0.022789952171941685,0,0
52,6,0.0013144622065074606,0,0
52,7,0.030764697142622515,0,0
52,8,0.019904347412339988,0,0
52,9,0.001057794086626658,0,0
52,10,0.016866420207633476,0,0
52,11,0.0020920753983809724,0,0
52,12,0.0023349359046593338,0,0
52,13,0.02008325121111505,0,0
53,1,0.020506927541462095,0,0
53,2,0.005916125658020569,0,0
53,3,0.0021801052536180574,0,0
53,4,0.0025339842564537107,0,0
53,5,0.014975254864563713,0,0
53,6,0.001096433643325123,0,0
53,7,0.001680993551328903,0,0
53,8,0.0063218638385314635,0,0
53,9,0.0052377895745208064,0,0
53,10,0.0041671990131055036,0,0
53,11,0.0032590163052238314,0,0
53,12,0.001385062854877645,0,0
53,13,0.0014776645965078282,0,0
54,1,0.04334091012379781,0,0
54,2,0.016723034299863285,0,0
54,3,0.0010068168897572833,0,0
54,4,0.027937655978963125,0,0
54,5,0.0034895755581267644,0,0
54,6,0.01964988380894907,0,0
54,7,0.012887880686494374,0,0
54,8,0.0008315591843554662,0,0
54,9,0.013414982676984282,0,0
54,10,0.0076541892894250955,0,0
54,11,0.03628338808075373,0,0
54,12,0.0007598711334369621,0,0
54,13,0.003515627379992483,0,0
55,1,0.4215863633689666,0,0
55,2,0.11934227929291107,0,0
55,3,0.014439058735956646,0,0
55,4,0.0022156099123392245,0,0
55,5,0.23834564080790796,0,0
55,6,0.9999610745746944,1,1
55,7,0.9999753419788459,1,1
55,8,0.968299972459218,1,1
55,9,0.21409738908954515,0,0
55,10,0.12055524063990417,0,0
55,11,0.059008746956851786,0,0
55,12,0.02019289600988865,0,0
55,13,0.009683783047670123,0,0
56,1,0.03866007764319961,0,0
56,2,0.02077790663453333,0,0
56,3,0.0015546273681648522,0,0
56,4,0.004677218772629918,0,0
56,5,0.3566421419212312,0,0
56,6,0.27942894988451406,0,0
56,7,0.16625923959973082,1,0
56,8,0.682108335684926,1,1
56,9,0.8697314579567501,1,1
56,10,0.10597043855470195,0,0
56,11,0.8624637318077831,1,1
56,12,0.9015730739492137,1,1
56,13,0.03553520913251475,0,0
57,1,0.034290049459977344,0,0
57,2,0.0050198250449439005,0,0
57,3,0.026960979686740716,0,0
57,4,0.009408131180625535,0,0
57,5,0.010846998688416298,0,0
57,6,0.01330675476333536,0,0
57,7,0.003719319415924783,0,0
57,8,0.007569170665516012,0,0
57,9,0.006235144790398502,0,0
57,10,0.0052525804595826625,0,0
57,11,0.011476886270256382,0,0
57,12,0.001074617068997106,0,0
57,13,0.008871247747370022,0,0
58,1,0.021794169032638786,0,0
58,2,0.04630664269433652,0,0
58,3,0.055074984980016,0,0
58,4,0.004206660760609746,0,0
58,5,0.01212814962847141,0,0
58,6,0.04365921710838831,0,0
58,7,0.01692809518951648,0,0
58,8,0.01388142571907355,0,0
58,9,0.004875643023166936,0,0
58,10,0.0019875394814631788,0,0
58,11,0.054356426222764126,0,0
58,12,0.015456633962014896,0,0
58,13,0.005033949800911699,0,0
59,1,0.24114845744188626,0,0
59,2,0.012426246372605483,0,0
59,3,0.013306523675809116,0,0
59,4,0.07116206210493156,0,0
59,5,0.005585813028658488,0,0
59,6,0.010293255354711008,0,0
59,7,0.0033102166662758413,0,0
59,8,0.007595642155655039,0,0
59,9,0.009424887329579062,0,0
59,10,0.020841186996327272,0,0
59,11,0.027653043829537205,0,0
59,12,0.01495202665239622,0,0
59,13,0.0010521861984523644,0,0
60,1,0.05241847109179907,0,0
60,2,0.008539716593890427,0,0
60,3,0.012006989400211757,0,0
60,4,0.0016132695895022219,0,0
60,5,0.005687673279188971,0,0
60,6,0.5312407891896486,0,1
60,7,0.007048849546851737,0,0
60,8,0.008946577589641116,0,0
60,9,0.06767278660332827,0,0
60,10,0.044044906680383446,0,0
60,11,0.015579333019310452,0,0
60,12,0.14260865935297395,0,0
60,13,0.00488230248649943,0,0
61,1,0.009287631714955537,0,0
61,2,0.001587671682823952,0,0
61,3,0.0005628146720814654,0,0
61,4,0.07301978263253865,0,0
61,5,0.02354992173063707,0,0
61,6,0.03272335202223158,0,0
61,7,0.004596861148552545,0,0
61,8,0.0023146793222551827,0,0
61,9,0.004836016387617602,0,0
61,10,0.0014451311041318907,0,0
61,11,0.03854813668951708,0,0
61,12,0.0028760438162241113,0,0
61,13,0.0027033049743605394,0,0
62,1,0.027776979988630355,0,0
62,2,0.00824815827701955,0,0
62,3,0.011413560100246125,0,0
62,4,0.01851335231981333,0,0
62,5,0.07522788047420179,0,0
62,6,0.0009504485388749082,0,0
62,7,0.0008825545476415263,0,0
62,8,0.006446716579947874,0,0
62,9,0.002739121613776077,0,0
62,10,0.0017528508301106196,0,0
62,11,0.030220432980373538,0,0
62,12,0.08728430493035035,1,0
62,13,0.7048621550051911,1,1
63,1,0.2494837792625647,0,0
63,2,0.02915696801158945,0,0
63,3,0.003122819241901918,0,0
63,4,0.09672578819549077,1,0
63,5,0.010979699778048376,1,0
63,6,0.9995097129692585,1,1
63,7,0.978415540278812,1,1
63,8,0.9796171019837683,1,1
63,9,0.9994881613708367,1,1
63,10,0.9958250483499635,1,1
63,11,0.3737010470694438,1,0
63,12,0.9959607082261717,1,1
63,13,0.99073176342168,1,1
64,1,0.0019299185511852989,0,0
64,2,0.012069708010251238,0,0
64,3,0.19082240786954982,0,0
64,4,0.10995614301488502,0,0
64,5,0.2387430267035086,0,0
64,6,0.04549815609850672,0,0
64,7,0.013289007658654282,0,0
64,8,0.004916945962320146,0,0
64,9,0.21767473201906304,0,0
64,10,0.038917221783441217,0,0
64,11,0.012991881850733578,0,0
64,12,0.000724868659913317,0,0
64,13,0.00039769933868136507,0,0
65,1,0.07878219827477709,0,0
65,2,0.06114093985162323,0,0
65,3,0.005472362423793918,0,0
65,4,0.0002948110868382834,0,0
65,5,0.014657927207490862,0,0
65,6,0.02005348529017467,0,0
65,7,0.009891086473035878,0,0
65,8,0.0008261146659346528,0,0
65,9,0.027353946638795725,0,0
65,10,0.0064285597449494246,0,0
65,11,0.001239328923647315,0,0
65,12,0.008730318882704993,0,0
65,13,0.0005296335236371122,0,0
66,1,0.036626010306804575,0,0
66,2,0.0049772435799316245,0,0
66,3,0.0030478437775012775,0,0
66,4,0.0024028049279627072,0,0
66,5,0.011160057007282188,0,0
66,6,0.0037957521636858504,0,0
66,7,0.007506332674601211,0,0
66,8,0.0020092740793528144,0,0
66,9,0.031569308655304544,0,0
66,10,0.002815330806869319,0,0
66,11,0.004861577927430601,0,0
66,12,0.0182305420097782,0,0
66,13,0.0142697137314118,0,0
67,1,0.9766401956051364,1,1
67,2,0.9872421606137551,1,1
67,3,0.9992139721216476,1,1
67,4,0.7609789971275872,0,1
67,5,0.17684776480416883,0,0
67,6,0.13222292388234383,0,0
67,7,0.09813560397990517,0,0
67,8,0.005516293835978195,0,0
67,9,0.09786213363817274,0,0
67,10,0.006223061077199764,0,0
67,11,0.4030964131485178,0,0
67,12,0.12050397363470187,0,0
67,13,0.26874259861211075,0,0
68,1,0.017505051882750887,0,0
68,2,0.0009559256217039489,0,0
68,3,0.00437234139496626,0,0
68,4,0.8919479024059761,1,1
68,5,0.9999470961953445,1,1
68,6,0.23125429853760593,0,0
68,7,0.005877678090267471,0,0
68,8,0.007366813479460037,0,0
68,9,0.02406502010913457,0,0
68,10,0.39178309069163486,0,0
68,11,0.31844887068127775,0,0
68,12,0.9470155718158234,1,1
68,13,0.9911324388319637,1,1
69,1,0.009597957096956254,0,0
69,2,0.006945698734372541,0,0
69,3,0.07653595743907636,0,0
69,4,0.00500392368371548,0,0
69,5,0.09561332073720014,0,0
69,6,0.01264980906781374,0,0
69,7,0.005032780056809172,0,0
69,8,0.022869622847496055,0,0
69,9,0.0020248583576388157,0,0
69,10,0.7749656214197757,1,1
69,11,0.1622429080438392,0,0
69,12,0.007830340039901679,0,0
69,13,0.4445008039635283,1,0
70,1,0.008141192972443494,0,0
70,2,0.002952337504489024,0,0
70,3,0.012070483337377567,0,0
70,4,0.9929175887429538,1,1
70,5,0.9805677551833033,1,1
70,6,0.9877140419070672,1,1
70,7,0.9999733787849064,1,1
70,8,0.8130361388298417,0,1
70,9,0.029553565908919104,0,0
70,10,0.004410662219889425,0,0
70,11,0.025482951062035266,0,0
70,12,0.008949486494783054,0,0
70,13,0.11875319769003587,0,0
71,1,0.9382460085866107,1,1
71,2,0.8594478972744122,1,1
71,3,0.9999860758165656,1,1
71,4,0.9863766019390752,1,1
71,5,0.9980179197670163,1,1
71,6,0.7159873210079328,0,1
71,7,0.31056807722179947,0,0
71,8,0.003216733883673954,0,0
71,9,0.014323844312069286,0,0
71,10,0.011266396738135244,0,0
71,11,0.21061370777075367,0,0
71,12,0.008397324867289222,0,0
71,13,0.0018923746112461486,0,0
72,1,0.07796302158536152,0,0
72,2,0.14412525055234224,0,0
72,3,0.0031351984857371476,0,0
72,4,0.007013466465737739,0,0
72,5,0.07307377566832544,0,0
72,6,0.0033983655309720267,0,0
72,7,0.02417845731211467,0,0
72,8,0.48695778336267886,0,0
72,9,0.4266688066259323,0,0
72,10,0.0067268207859020115,0,0
72,11,0.1260700123707145,0,0
72,12,0.06987297443722129,0,0
72,13,0.011511376019486617,0,0
73,1,0.01921682482814361,0,0
73,2,0.0033731234697854445,0,0
73,3,0.0014503545144156445,0,0
73,4,0.01043935423483032,0,0
73,5,0.007527400770046884,0,0
73,6,0.006298537466493246,0,0
73,7,0.003981273502958394,0,0
73,8,0.002785857438670254,0,0
73,9,0.0032825586425691074,0,0
73,10,0.00675547285429829,0,0
73,11,0.0007464364480430736,0,0
73,12,0.003953882507631573,0,0
73,13,0.010806137804056377,0,0
74,1,0.8252712190260258,1,1
74,2,0.2091264646285315,1,0
74,3,0.0025604402297198544,0,0
74,4,0.02480147197938866,0,0
74,5,0.14628899803985793,1,0
74,6,0.9746728355053781,1,1
74,7,0.12265512432809088,0,0
74,8,0.053704054054418096,0,0
74,9,0.006483436144407242,0,0
74,10,0.01543845944277514,0,0
74,11,0.003801380819606139,0,0
74,12,0.0006014192569645592,0,0
74,13,0.002777789049489935,0,0
75,1,0.034373544512137706,0,0
75,2,0.002083005198650967,0,0
75,3,0.04428165378162322,0,0
75,4,0.06389314225645303,0,0
75,5,0.02097340984042553,0,0
75,6,0.0022867223995823387,0,0
75,7,0.007321309632962607,0,0
75,8,0.0008680055303174688,0,0
75,9,0.21544637050728954,0,0
75,10,0.09490819497066098,0,0
75,11,0.005041396347890318,0,0
75,12,0.0011115882377877896,0,0
75,13,0.08158014311626334,0,0
76,1,0.733059360417365,0,1
76,2,0.2724815381876148,0,0
76,3,0.3379458820137812,0,0
76,4,0.14247810380597348,0,0
76,5,0.03644105429883668,0,0
76,6,0.002774496158433938,0,0
76,7,0.009066715443208945,0,0
76,8,0.24138354098993692,0,0
76,9,0.005802175364523906,0,0
76,10,0.009062808472238582,0,0
76,11,0.0026851183485911757,0,0
76,12,0.560903501585158,1,1
76,13,0.9999646203079495,1,1
77,1,0.008336468899355414,0,0
77,2,0.004751576193344957,0,0
77,3,0.002687305640950083,0,0
77,4,0.09631165853862134,0,0
77,5,0.016954807316941264,0,0
77,6,0.4125051070064406,0,0
77,7,0.014633342422124829,0,0
77,8,0.0004919742065508229,0,0
77,9,0.016276553635654615,0,0
77,10,0.007114141758001551,0,0
77,11,0.004725295287775624,0,0
77,12,0.0008535483237285667,0,0
77,13,0.009298556171769577,0,0
78,1,0.11046382999825652,0,0
78,2,0.03343214940302778,0,0
78,3,0.023428766183269712,0,0
78,4,0.009341219862897923,0,0
78,5,0.038927946821832204,0,0
78,6,0.0007682924955991119,0,0
78,7,0.05154618257479948,0,0
78,8,0.001114164330004755,0,0
78,9,0.005266803838231307,0,0
78,10,0.0016087852637598034,0,0
78,11,0.023312643764317388,1,0
78,12,0.9132558529154605,1,1
78,13,0.9975748548155969,1,1
79,1,0.019341453994006712,0,0
79,2,0.02365148519753808,0,0
79,3,0.0009223800760087998,0,0
79,4,0.0313651161420579,0,0
79,5,0.009044077624360245,0,0
79,6,0.8571868120487609,1,1
79,7,0.9777729868050167,1,1
79,8,0.903399428103471,1,1
79,9,0.943116548939759,1,1
79,10,0.9825974569908068,1,1
79,11,0.4319274265084141,0,0
79,12,0.3293619726671954,0,0
79,13,0.007557935792284566,0,0
80,1,0.6746190818005824,1,1
80,2,0.186127397595063,0,0
80,3,0.06292482991527597,0,0
80,4,0.043856660366893764,0,0
80,5,0.03586640970541367,0,0
80,6,0.5482659889617908,1,1
80,7,0.9169240388857827,1,1
80,8,0.8309867789057352,1,1
80,9,0.9782590359043231,1,1
80,10,0.43379672298179306,0,0
80,11,0.023852148358074768,0,0
80,12,0.017705106276394347,0,0
80,13,0.026870493680548658,0,0
81,1,0.3678898687193701,0,0
81,2,0.49041261079058207,0,0
81,3,0.006686281037684458,0,0
81,4,0.0033573598118999803,0,0
81,5,0.002554251557973262,0,0
81,6,0.01811732549945533,0,0
81,7,0.0012264253336687976,0,0
81,8,0.002508870378631696,0,0
81,9,0.01147047798890585,0,0
81,10,0.8093823626121487,1,1
81,11,0.9646022173664273,1,1
81,12,0.9999210211762424,1,1
81,13,0.9912881356285563,1,1
82,1,0.00940613882279314,0,0
82,2,0.007461015167668792,0,0
82,3,0.0003520018627816932,0,0
82,4,0.21794622603138852,1,0
82,5,0.9458555248155817,1,1
82,6,0.15985429899275597,0,0
82,7,0.0449123400464202,0,0
82,8,0.006087374497999697,0,0
82,9,0.005385049460947879,0,0
82,10,0.008079807350717672,0,0
82,11,0.004525670261164589,0,0
82,12,0.02759866784638493,0,0
82,13,0.0013686788115753628,0,0
83,1,0.37624702568910207,0,0
83,2,0.9754263864403566,1,1
83,3,0.07453900471058901,0,0
83,4,0.0666755907505185,0,0
83,5,0.001471387922250661,0,0
83,6,0.015766635875873278,0,0
83,7,0.0009984180874108041,0,0
83,8,0.008999472432347616,0,0
83,9,0.003603951024002144,0,0
83,10,0.0015262100828003847,0,0
83,11,0.009506496486138903,0,0
83,12,0.0028392854650083088,0,0
83,13,0.011972738047374898,0,0
84,1,0.012619371241377178,0,0
84,2,0.005211213901905834,0,0
84,3,0.021211121078820405,0,0
84,4,0.0015282441623491153,0,0
84,5,0.004233477881356097,0,0
84,6,0.0012073553216333105,0,0
84,7,0.020202753950967028,0,0
84,8,0.019968465720633665,1,0
84,9,0.46983632560683763,1,0
84,10,0.4035071231881157,1,0
84,11,0.14006962846109536,0,0
84,12,0.01310102247033419,0,0
84,13,0.026033197708618103,0,0
85,1,0.07396313473927221,1,0
85,2,0.2658824653329313,0,0
85,3,0.006296852752959112,0,0
85,4,0.005319069418417092,0,0
85,5,0.11771862155463751,0,0
85,6,0.056559902397370285,0,0
85,7,0.004110263472891096,0,0
85,8,0.0017940649730066628,0,0
85,9,0.06169441261339546,0,0
85,10,0.0020633790572405415,0,0
85,11,0.004771966467283806,0,0
85,12,0.00590540080819063,0,0
85,13,0.0028202132030181104,0,0
86,1,0.01985864819191704,0,0
86,2,0.35792216752509554,0,0
86,3,0.01321602221399269,0,0
86,4,0.04070995177920191,0,0
86,5,0.3266169176581502,0,0
86,6,0.07488520867376369,0,0
86,7,0.004147354613809685,0,0
86,8,0.004927977326214566,0,0
86,9,0.4520897510411209,1,0
86,10,0.5181352942165811,1,1
86,11,0.2719351237132592,0,0
86,12,0.016911125109929474,0,0
86,13,0.01674108347645988,0,0
87,1,0.11957146789744857,0,0
87,2,0.0031948826860469827,0,0
87,3,0.0022042780881264563,0,0
87,4,0.001760844903156848,0,0
87,5,0.002039192545018371,0,0
87,6,0.0035306477513298066,0,0
87,7,0.001012868789509323,0,0
87,8,0.00626529140131561,0,0
87,9,0.025745224964195564,0,0
87,10,0.04233200403746015,0,0
87,11,0.0022023817887352613,0,0
87,12,0.005048348263815938,0,0
87,13,0.0022559650953807324,0,0
88,1,0.999999149046564,1,1
88,2,0.964057818375137,1,1
88,3,0.6816881178946598,1,1
88,4,0.9969944104942037,1,1
88,5,0.9659598274077729,1,1
88,6,0.5921834936046504,1,1
88,7,0.9996721111387838,1,1
88,8,0.6300406218316366,0,1
88,9,0.04057057096697737,0,0
88,10,0.0012556234202019607,0,0
88,11,0.020487366772228812,0,0
88,12,0.005040127163496498,0,0
88,13,0.013848438435331708,0,0
89,1,0.5603881140458672,0,1
89,2,0.0431593885287381,0,0
89,3,0.0014918490686699152,0,0
89,4,0.03741390184788132,0,0
89,5,0.0012346132837420644,0,0
89,6,0.0026060047560538366,0,0
89,7,0.020669750856541123,0,0
89,8,0.01617796946879714,0,0
89,9,0.025707852315126498,0,0
89,10,0.0014194915428690285,0,0
89,11,0.01988374853012739,0,0
89,12,0.07126692436354307,0,0
89,13,0.8704221542780363,1,1
90,1,0.054510639255510966,0,0
90,2,0.0019251544261752421,0,0
90,3,0.0018868289581042803,0,0
90,4,0.014196619066863727,0,0
90,5,0.016352388248972973,0,0
90,6,0.0037420299608257835,0,0
90,7,0.0011157180807012874,0,0
90,8,0.09313068392353732,1,0
90,9,0.9957779950322219,1,1
90,10,0.9636715792681857,1,1
90,11,0.827665933331529,1,1
90,12,0.9781118816349212,1,1
90,13,0.9482288544356549,1,1
91,1,0.2478150669659638,1,0
91,2,0.9969933057462894,1,1
91,3,0.8340710368225575,1,1
91,4,0.8491577328316202,1,1
91,5,0.9936632011793585,1,1
91,6,0.8130644053699926,1,1
91,7,0.9998162412171672,1,1
91,8,0.9993982646923493,1,1
91,9,0.9043190282783785,1,1
91,10,0.7156007593722191,1,1
91,11,0.006982804142707087,0,0
91,12,0.00726546661616336,0,0
91,13,0.012395016266493794,0,0
92,1,0.06913446048903396,0,0
92,2,0.0017380164782523375,0,0
92,3,0.12751278089384782,0,0
92,4,0.011300052921887932,0,0
92,5,0.07239431782656962,0,0
92,6,0.0025800358624110094,0,0
92,7,0.03835175444914427,0,0
92,8,0.001490311335147271,0,0
92,9,0.9955206617683845,1,1
92,10,0.1771569435167842,0,0
92,11,0.7065877183221059,0,1
92,12,0.13055196724803408,0,0
92,13,0.0789525447454622,0,0
93,1,0.01327180160006513,0,0
93,2,0.032616019589633415,0,0
93,3,0.05129979664767807,0,0
93,4,0.023876350971684616,0,0
93,5,0.014270776619631676,0,0
93,6,0.006403766747451193,1,0
93,7,0.5977927848701724,1,1
93,8,0.9999592894295626,1,1
93,9,0.9999386205656088,1,1
93,10,0.6672575655430593,0,1
93,11,0.016417204527428498,0,0
93,12,0.0010879585532318687,0,0
93,13,0.002373515096655306,0,0
94,1,0.06119006237171101,0,0
94,2,0.0033522538053897084,0,0
94,3,0.024479102413679885,1,0
94,4,0.009651185402982437,0,0
94,5,0.0019850574473109154,0,0
94,6,0.004729433095318355,0,0
94,7,0.05280431199301239,0,0
94,8,0.046795260142612385,0,0
94,9,0.009984512506157834,0,0
94,10,0.11130026343385446,0,0
94,11,0.0016593463278682166,0,0
94,12,0.25028803897886065,1,0
94,13,0.9747466205493822,1,1
95,1,0.007902468757472298,0,0
95,2,0.0020632746385673144,0,0
95,3,0.0013272629448651248,0,0
95,4,0.01725971080466385,0,0
95,5,0.004057826108181649,0,0
95,6,0.0013855710311082646,0,0
95,7,0.000681137452748161,0,0
95,8,0.0028746612582143437,0,0
95,9,0.09220456238776971,0,0
95,10,0.20577637530596346,0,0
95,11,0.012597475995893675,0,0
95,12,0.0027048178508711036,0,0
95,13,0.13023577726895869,0,0
96,1,0.16381004545457786,0,0
96,2,0.010133798409892997,0,0
96,3,0.012728765198551513,0,0
96,4,0.004977815683227652,0,0
96,5,0.008628471485497495,0,0
96,6,0.014964627712176512,0,0
96,7,0.049534421826285646,0,0
96,8,0.08426701499184781,0,0
96,9,0.002980341624817831,0,0
96,10,0.0018301819060634768,0,0
96,11,0.17918172138753138,0,0
96,12,0.025059130282916686,0,0
96,13,0.008631409238059023,0,0
97,1,0.004969410249561612,0,0
97,2,0.0009209668242712859,0,0
97,3,0.036579304588820374,0,0
97,4,0.008104741713133785,0,0
97,5,0.020869975011289624,0,0
97,6,0.1697011777941873,0,0
97,7,0.06296815449005311,0,0
97,8,0.005805289989858891,0,0
97,9,0.020772977893442696,0,0
97,10,0.020645763315208742,0,0
97,11,0.007158985692200744,0,0
97,12,0.0070587625713476035,0,0
97,13,0.002154988787925957,0,0
98,1,0.0071485504197748104,0,0
98,2,0.18159759146671667,0,0
98,3,0.39849310675082406,0,0
98,4,0.09868829256026614,0,0
98,5,0.05309147607560307,0,0
98,6,0.01151263864274225,0,0
98,7,0.03080920213527708,0,0
98,8,0.0010801328828157362,0,0
98,9,0.0017389874647971118,0,0
98,10,0.05154255433316211,0,0
98,11,0.033204887246894424,0,0
98,12,0.0010417197684192976,0,0
98,13,0.7438787567658136,0,1
99,1,0.004421415081736186,0,0
99,2,0.05682477155465224,0,0
99,3,0.011972702438863794,0,0
99,4,0.008431319761308476,0,0
99,5,0.006332456606312481,0,0
99,6,0.0006559240706619712,0,0
99,7,0.0017237757355815268,0,0
99,8,0.011089254689120816,0,0
99,9,0.02164824421165279,0,0
99,10,0.00705797140139522,0,0
99,11,0.018663992908243728,0,0
99,12,0.0013847393636865146,0,0
99,13,0.01163925628291087,0,0
100,1,0.005361550811744017,0,0
100,2,0.0049315414095403454,0,0
100,3,0.04077210473292231,0,0
100,4,0.01977133335679238,0,0
100,5,0.04787459748423464,0,0
100,6,0.002175064253449311,0,0
100,7,0.002099768386159394,0,0
100,8,0.001398282032523204,0,0
100,9,0.0010446749655077972,0,0
100,10,0.0009401825660294232,0,0
100,11,0.002468776267807644,0,0
100,12,0.013367614283876167,0,0
100,13,0.9995120289932733,1,1
101,1,0.06891898937858162,0,0
101,2,0.008738768828262472,0,0
101,3,0.016543376232193246,0,0
101,4,0.07294426814667046,0,0
101,5,0.016933816166095537,0,0
101,6,0.02628410624141245,0,0
101,7,0.013688980873013745,0,0
101,8,0.001785682038175523,0,0
101,9,0.00047248600934581486,0,0
101,10,0.9684369310840647,1,1
101,11,0.9985938433417967,1,1
101,12,0.06946697320508233,0,0
101,13,0.007563030560868038,0,0
102,1,0.25417236173919455,0,0
102,2,0.007526715203763531,0,0
102,3,0.04220321868367185,0,0
102,4,0.002578285716379778,0,0
102,5,0.00290267983473653,0,0
102,6,0.30038917175618673,0,0
102,7,0.012462617051571393,0,0
102,8,0.0013217678770949303,0,0
102,9,0.022081771416779198,0,0
102,10,0.009435492262017686,1,0
102,11,0.9369811601548537,1,1
102,12,0.09224406011685078,0,0
102,13,0.9963057282340599,1,1
103,1,0.32225899687203474,0,0
103,2,0.011209495360501504,0,0
103,3,0.001478568667201061,0,0
103,4,0.009587248330417054,1,0
103,5,0.6159505070779511,1,1
103,6,0.9682504318631614,1,1
103,7,0.6039016887760419,0,1
103,8,0.13113523003060787,0,0
103,9,0.012825479940479665,0,0
103,10,0.0031490388360359773,0,0
103,11,0.17932213355467388,0,0
103,12,0.061078371878390374,0,0
103,13,0.0007293056976742962,0,0
104,1,0.97216201529788,0,1
104,2,0.22140475650730748,0,0
104,3,0.02153471066386287,0,0
104,4,0.017138779166489856,0,0
104,5,0.05755629358715603,0,0
104,6,0.002571861598588849,0,0
104,7,0.002416849868504992,1,0
104,8,0.023391033284524753,0,0
104,9,0.006145335358421963,0,0
104,10,0.007831765001721934,0,0
104,11,0.0009287794362164035,0,0
104,12,0.012802403775832298,0,0
104,13,0.13954877874029825,0,0
105,1,0.9945770887030919,1,1
105,2,0.4121951751607284,1,0
105,3,0.34717991192352216,1,0
105,4,0.9969168658727809,1,1
105,5,0.9860365185271635,0,1
105,6,0.14068130282269067,0,0
105,7,0.011425754304182599,0,0
105,8,0.005314827857891993,0,0
105,9,0.01039152950192369,0,0
105,10,0.008014750450723382,0,0
105,11,0.008548013466494,0,0
105,12,0.005969313078794064,0,0
105,13,0.005571834892940136,0,0
106,1,0.3852822034747954,0,0
106,2,0.21740126445138877,0,0
106,3,0.002748542706827925,0,0
106,4,0.1436740637251857,1,0
106,5,0.980930101153005,1,1
106,6,0.8400936051654373,1,1
106,7,0.9822539562599353,1,1
106,8,0.9953269108378064,1,1
106,9,0.9916948442540371,1,1
106,10,0.917459441657543,1,1
106,11,0.9572480551543472,1,1
106,12,0.9922722134044726,1,1
106,13,0.9999999864138257,1,1
107,1,0.03452247431251457,0,0
107,2,0.9031117304870918,1,1
107,3,0.9998362668959143,1,1
107,4,0.29386788029366867,0,0
107,5,0.7662121825089051,0,1
107,6,0.1602225420034736,0,0
107,7,0.026211954023948377,0,0
107,8,0.03404306803416185,0,0
107,9,0.038267744548577724,0,0
107,10,0.00790885871928948,0,0
107,11,0.000605609359387949,0,0
107,12,0.25338630903077664,0,0
107,13,0.0477237166560765,0,0
108,1,0.04670649937689481,0,0
108,2,0.010683347095860331,0,0
108,3,0.0018382309208696196,0,0
108,4,0.02330377119492754,0,0
108,5,0.0047653726882921025,0,0
108,6,0.005957318811029853,0,0
108,7,0.057348885104596035,0,0
108,8,0.007368614645567905,0,0
108,9,0.031983326397671666,0,0
108,10,0.0011925673679073817,0,0
108,11,0.025989438271481053,0,0
108,12,0.02783103415110316,0,0
108,13,0.011020687063103022,0,0
109,1,0.04844581580645742,1,0
109,2,0.8682162885699085,1,1
109,3,0.9594584544737096,1,1
109,4,0.9936774111926477,1,1
109,5,0.9974578431837561,1,1
109,6,0.9993381559193971,1,1
109,7,0.5515729727745596,1,1
109,8,0.05587986372992143,1,0
109,9,0.003627917893600424,0,0
109,10,0.0015423114007192603,0,0
109,11,0.038600107826070956,0,0
109,12,0.006465577261241319,0,0
109,13,0.3483962573396358,0,0
110,1,0.02311619742784767,0,0
110,2,0.0009151464274073256,0,0
110,3,0.013078736214785803,0,0
110,4,0.012690765250397557,0,0
110,5,0.05552224116273608,0,0
110,6,0.1344991959635378,0,0
110,7,0.4499282360393928,0,0
110,8,0.20407967954989073,0,0
110,9,0.005241176203950145,0,0
110,10,0.0010199226250614689,0,0
110,11,0.0009901028287458708,0,0
110,12,0.2743338792464287,0,0
110,13,0.6200877650592714,0,1
111,1,0.6416090406724925,0,1
111,2,0.26487296146830125,0,0
111,3,0.005908752865970763,0,0
111,4,0.002043214882413309,0,0
111,5,0.0054544326895005,0,0
111,6,0.004954068506638361,0,0
111,7,0.5409844291631096,1,1
111,8,0.9369621997989496,1,1
111,9,0.9790495691215313,1,1
111,10,0.9993419587698307,1,1
111,11,0.9210061629172284,1,1
111,12,0.5158746103210851,1,1
111,13,0.9997147333233121,1,1
112,1,0.9996421324533717,1,1
112,2,0.9236741649700552,0,1
112,3,0.8586060135975435,0,1
112,4,0.12047210213778858,0,0
112,5,0.03360487613518529,0,0
112,6,0.001156371278172306,0,0
112,7,0.03616089057317132,0,0
112,8,0.018509345797742983,0,0
112,9,0.0020628589414145746,0,0
112,10,0.0031735020908037967,0,0
112,11,0.002132504069274698,0,0
112,12,0.021170198921776726,0,0
112,13,0.011495876951461783,0,0
113,1,0.09599049168679717,0,0
113,2,0.02635702898084605,0,0
113,3,0.0018080412861563346,0,0
113,4,0.0013915915608821185,0,0
113,5,0.9627335661324656,1,1
113,6,0.9999980456377247,1,1
113,7,0.9999979941587076,1,1
113,8,0.9927695138938091,1,1
113,9,0.9999894109431651,1,1
113,10,0.9779197313521802,1,1
113,11,0.2458709774046514,0,0
113,12,0.006999291069746979,0,0
113,13,0.054106100799535144,0,0
114,1,0.23313682490962165,0,0
114,2,0.10395343413713391,0,0
114,3,0.02045282674942584,0,0
114,4,0.006064132282600075,0,0
114,5,0.0015413697278772794,0,0
114,6,0.00963939868171851,0,0
114,7,0.003918666790060008,0,0
114,8,0.10755518900162933,0,0
114,9,0.002667095019780831,0,0
114,10,0.023567337873593535,0,0
114,11,0.08270709575297583,0,0
114,12,0.9962808071745644,1,1
114,13,0.9993376127971145,1,1
115,1,0.07089837190765617,0,0
115,2,0.001344986149365406,0,0
115,3,0.015161821734898587,0,0
115,4,0.007857954243374871,0,0
115,5,0.001780524006332991,0,0
115,6,0.9792494332339552,1,1
115,7,0.9998396295342171,1,1
115,8,0.988993916213732,1,1
115,9,0.9998573509606873,1,1
115,10,0.7520613281434902,1,1
115,11,0.639322680361972,1,1
115,12,0.9999836914217533,1,1
115,13,0.5055653221071075,0,1
116,1,0.013461851315494424,1,0
116,2,0.12277786723420024,1,0
116,3,0.9908612202278677,1,1
116,4,0.9802323931020405,1,1
116,5,0.9847658325859034,1,1
116,6,0.9973776075789076,1,1
116,7,0.956106818826597,1,1
116,8,0.961113701913627,1,1
116,9,0.8648949853777727,0,1
116,10,0.0501674012466509,0,0
116,11,0.05275049056879278,0,0
116,12,0.008556013590514182,0,0
116,13,0.009876831779117605,0,0
117,1,0.0943289195610308,1,0
117,2,0.025494931665415402,1,0
117,3,0.9993181824597036,1,1
117,4,0.06529100451372884,0,0
117,5,0.0014739022909913467,0,0
117,6,0.004900954908146665,0,0
117,7,0.012469461694151283,0,0
117,8,0.020848125309197146,0,0
117,9,0.012343742748500187,0,0
117,10,0.023806298051110376,0,0
117,11,0.059040867676533285,0,0
117,12,0.03447817494815683,0,0
117,13,0.012445830294323368,0,0
118,1,0.9996630954053588,1,1
118,2,0.9558652443016971,1,1
118,3,0.9512765289803293,1,1
118,4,0.9999994561673948,1,1
118,5,0.9999956732897128,1,1
118,6,0.9914597452836916,1,1
118,7,0.5792389763527653,1,1
118,8,0.9861736798054923,1,1
118,9,0.3076897938641821,0,0
118,10,0.25356318815854895,0,0
118,11,0.007457687804777002,0,0
118,12,0.010816601386608055,0,0
118,13,0.1782875630944461,0,0
119,1,0.7387501008564359,1,1
119,2,0.09636435327088173,0,0
119,3,0.03554920019359273,0,0
119,4,0.0040372114580028194,0,0
119,5,0.001010138074531649,0,0
119,6,0.0016247840034531089,0,0
119,7,0.9584077390931647,1,1
119,8,0.04829315588904094,0,0
119,9,0.746712844757629,1,1
119,10,0.36245234647550856,1,0
119,11,0.044434467758580114,0,0
119,12,0.004540183311691722,0,0
119,13,0.0014158779591214477,0,0
120,1,0.005596243249985029,0,0
120,2,0.001074820655362125,0,0
120,3,0.0027131304679437794,0,0
120,4,0.0035126389059970307,0,0
120,5,0.0037032758868164985,0,0
120,6,0.019227264638637664,0,0
120,7,0.01065620239107133,0,0
120,8,0.05714058855577633,0,0
120,9,0.06116938174573367,0,0
120,10,0.05207410867402296,0,0
120,11,0.04341043824793655,0,0
120,12,0.0029337978074553666,0,0
120,13,0.9802916091348685,1,1
121,1,0.0645212801539163,0,0
121,2,0.013320638982593475,0,0
121,3,0.0019759380070957264,0,0
121,4,0.07254983293475283,0,0
121,5,0.0058935251450164625,0,0
121,6,0.0055489631359892195,0,0
121,7,0.00909030261508996,0,0
121,8,0.0038357856433327803,0,0
121,9,0.0018505100304890161,0,0
121,10,0.005281886245342287,0,0
121,11,0.006895273617364082,0,0
121,12,0.002973636068400795,0,0
121,13,0.0006411697127081528,0,0
122,1,0.1286180767605797,0,0
122,2,0.07146348387080655,0,0
122,3,0.1443760139341592,0,0
122,4,0.05250516646595936,0,0
122,5,0.03151767126718496,0,0
122,6,0.0073696349385412386,0,0
122,7,0.009893000437761213,0,0
122,8,0.01791543159882098,0,0
122,9,0.00875642390416245,0,0
122,10,0.20816147773555177,1,0
122,11,0.9999998407587072,1,1
122,12,0.9999435219794319,1,1
122,13,0.44348307282322325,1,0
123,1,0.04537526105736076,0,0
123,2,0.0005256070615426996,0,0
123,3,0.0035198875001328277,0,0
123,4,0.0009820746508155526,0,0
123,5,0.0024611907799791627,0,0
123,6,0.031715121383204134,0,0
123,7,0.002359357214050167,0,0
123,8,0.12211140335354574,0,0
123,9,0.02766017492507198,0,0
123,10,0.3193838370464222,0,0
123,11,0.01515255873701497,0,0
123,12,0.0005799310793681406,0,0
123,13,0.0019250235431810243,0,0
124,1,0.7616917586997846,0,1
124,2,0.22572362661232978,0,0
124,3,0.08525043491040454,0,0
124,4,0.025134664569740128,0,0
124,5,0.0013816583866786494,0,0
124,6,0.002980473676760184,0,0
124,7,0.130132958337966,0,0
124,8,0.07699956180997537,0,0
124,9,0.00616027892695004,0,0
124,10,0.004202979763645544,0,0
124,11,0.0023237157777122263,0,0
124,12,0.006903519653299449,0,0
124,13,0.11993454932448483,0,0
125,1,0.04692404528698129,0,0
125,2,0.06178825152867512,0,0
125,3,0.004484457841796961,0,0
125,4,0.0012956568837363743,0,0
125,5,0.008573285759638376,0,0
125,6,0.00524279597742897,0,0
125,7,0.15354820072262718,0,0
125,8,0.009526388205188483,0,0
125,9,0.004786657422831107,0,0
125,10,0.016566651007660325,0,0
125,11,0.03497813418916698,0,0
125,12,0.08562303400835526,0,0
125,13,0.003418597732696619,0,0
126,1,0.003355090541246109,0,0
126,2,0.023627369960169523,0,0
126,3,0.01439866425448363,0,0
126,4,0.004615788788606883,0,0
126,5,0.010610043556611659,0,0
126,6,0.0012230432724202002,0,0
126,7,0.005668424746187862,0,0
126,8,0.00201829426860766,0,0
126,9,0.0037383625708935467,0,0
126,10,0.0004508543381036268,0,0
126,11,0.2855194296405202,1,0
126,12,0.8879183089244259,1,1
126,13,0.9942031576770354,1,1
127,1,0.07358569157359177,0,0
127,2,0.02347219220040097,0,0
127,3,0.5483862377235146,0,1
127,4,0.04279263396014174,0,0
127,5,0.012767791967768526,0,0
127,6,0.024632985207645352,0,0
127,7,0.0005331253713992251,0,0
127,8,0.0014982631467881518,0,0
127,9,0.0013251933646059749,0,0
127,10,0.004689237895427525,0,0
127,11,0.0010276969527411972,0,0
127,12,0.02532344891066033,0,0
127,13,0.005557373324745878,0,0
128,1,0.003060387568033055,0,0
128,2,0.03136556961144833,0,0
128,3,0.05117791652580876,0,0
128,4,0.010218902836585662,0,0
128,5,0.01728616740196291,0,0
128,6,0.0028013465215703036,0,0
128,7,0.0021286058831303995,0,0
128,8,0.0004099132711398663,0,0
128,9,0.10040876743494827,0,0
128,10,0.00500380913664312,0,0
128,11,0.005111009274516792,0,0
128,12,0.12507519989698856,0,0
128,13,0.0695437332891827,0,0
129,1,0.007834920824581192,0,0
129,2,0.18729958161781174,0,0
129,3,0.007011468297825035,0,0
129,4,0.0014525579334063684,0,0
129,5,0.000893773126118288,0,0
129,6,0.0016510763205336793,0,0
129,7,0.019232705070031785,0,0
129,8,0.004576139575590745,0,0
129,9,0.015972580191755542,0,0
129,10,0.2189908919837482,0,0
129,11,0.009899124809843224,0,0
129,12,0.0036185642624378695,0,0
129,13,0.7981672089887671,0,1
130,1,0.3731908068245592,1,0
130,2,0.9763412445638158,1,1
130,3,0.9983716479273976,1,1
130,4,0.9858607413638422,1,1
130,5,0.9908418620624517,1,1
130,6,0.9873428171315096,1,1
130,7,0.89510628721972,1,1
130,8,0.877222042675977,1,1
130,9,0.9862308460606385,1,1
130,10,0.9816975464785658,1,1
130,11,0.5425594911866202,1,1
130,12,0.13393539694375198,0,0
130,13,0.0429626498436521,0,0
131,1,0.06889285345946994,0,0
131,2,0.21796159419830402,0,0
131,3,0.14524672621947238,0,0
131,4,0.002441952938936183,0,0
131,5,0.0043744344129614966,0,0
131,6,0.003423155898587939,0,0
131,7,0.0015953309052518132,0,0
131,8,0.06918790253657432,0,0
131,9,0.002863316889787015,0,0
131,10,0.0010793735308304436,0,0
131,11,0.30427411113561664,0,0
131,12,0.01758170610525945,0,0
131,13,0.004650610228430769,0,0
132,1,0.033063116518004386,0,0
132,2,0.0023326674200668065,0,0
132,3,0.0014535724309888585,0,0
132,4,0.0016779124071542963,0,0
132,5,0.0020445604016550534,0,0
132,6,0.001649292644389951,0,0
132,7,0.009854394023309943,0,0
132,8,0.0014403736580289098,0,0
132,9,0.0012435956034854035,0,0
132,10,0.010236033611945602,0,0
132,11,0.001721372634038714,0,0
132,12,0.001022025759019849,0,0
132,13,0.0023060220162301175,0,0
133,1,0.27346936066858096,1,0
133,2,0.9945757643767983,1,1
133,3,0.8524352884208257,1,1
133,4,0.9561497464371792,1,1
133,5,0.9997998068676748,1,1
133,6,0.05223740117200866,0,0
133,7,0.023839948279604777,0,0
133,8,0.024268237394535725,0,0
133,9,0.004486170210659495,0,0
133,10,0.06061322873987154,0,0
133,11,0.003668969839295688,0,0
133,12,0.004790833076092192,0,0
133,13,0.007382782137992187,0,0
134,1,0.1239536600126386,0,0
134,2,0.02346823510179922,0,0
134,3,0.001088810326414779,0,0
134,4,0.0464116081721235,0,0
134,5,0.0034465187592982354,0,0
134,6,0.02253321153278058,0,0
134,7,0.001895900282483869,0,0
134,8,0.003219713526257883,0,0
134,9,0.003690809756989431,0,0
134,10,0.0028448833047408956,0,0
134,11,0.006698754281231089,0,0
134,12,0.026261487531383586,0,0
134,13,0.004584223174570299,0,0
135,1,0.0046670816433430126,0,0
135,2,0.02860298293551685,0,0
135,3,0.9979547108048188,1,1
135,4,0.5546584140718144,0,1
135,5,0.021979548020504662,0,0
135,6,0.003028900012201923,0,0
135,7,0.06978193943902727,0,0
135,8,0.87583615644243,1,1
135,9,0.9990874279797061,1,1
135,10,0.5259926940651576,0,1
135,11,0.010788596407043488,0,0
135,12,0.0010478157093804436,0,0
135,13,0.010467310690651084,0,0
136,1,0.3072519056132742,1,0
136,2,0.9964578843318413,1,1
136,3,0.9997401108110365,1,1
136,4,0.9666587343505245,0,1
136,5,0.11987872765719297,0,0
136,6,0.003776797981476472,0,0
136,7,0.004766671114716169,0,0
136,8,0.014094784284166616,0,0
136,9,0.008073389285013777,0,0
136,10,0.05839444763327538,0,0
136,11,0.15894573361555395,0,0
136,12,0.011282624829025797,0,0
136,13,0.8502710170631683,1,1
137,1,0.013808476536187397,0,0
137,2,0.0018364309037499928,0,0
137,3,0.00385772894334791,0,0
137,4,0.06694450930638686,0,0
137,5,0.0014471635710278934,0,0
137,6,0.059757644986130794,0,0
137,7,0.037798450544483796,0,0
137,8,0.025072115818210207,0,0
137,9,0.012389198484391468,0,0
137,10,0.012657765618617091,0,0
137,11,0.0024641056446110658,0,0
137,12,0.9999999776605508,1,1
137,13,0.9988032321102357,1,1
138,1,0.010568816563068488,0,0
138,2,0.03151231747834281,0,0
138,3,0.09126319561599759,0,0
138,4,0.029357912732769137,0,0
138,5,0.01949908153146172,0,0
138,6,0.0007403827947866273,0,0
138,7,0.02437427495663495,0,0
138,8,0.017533248604127617,0,0
138,9,0.09489831395821431,0,0
138,10,0.016606577725803706,0,0
138,11,0.047248583322709974,0,0
138,12,0.039268066621948323,0,0
138,13,0.02613315712820868,0,0
139,1,0.0026117098934335314,0,0
139,2,0.03705627971865194,0,0
139,3,0.012037219478490888,0,0
139,4,0.004346730504808967,0,0
139,5,0.0015332622495524413,0,0
139,6,0.012442856634440188,0,0
139,7,0.023986272259489277,0,0
139,8,0.009596448058247194,0,0
139,9,0.009543555191384884,0,0
139,10,0.339834915703569,1,0
139,11,0.9962176615779156,1,1
139,12,0.999982489191297,1,1
139,13,0.9897434274399179,1,1
140,1,0.3891997884289718,0,0
140,2,0.09841333396094644,0,0
140,3,0.035097877300163845,0,0
140,4,0.0344800135461298,0,0
140,5,0.01073469951949625,0,0
140,6,0.003020252169989304,0,0
140,7,0.004958901836177539,0,0
140,8,0.0011862274208548984,0,0
140,9,0.025293658842952465,0,0
140,10,0.003171670524707993,0,0
140,11,0.04449211702748158,0,0
140,12,0.20915626033851153,0,0
140,13,0.003454572504940569,0,0
141,1,0.2471687139376016,1,0
141,2,0.9996226822676807,1,1
141,3,0.9999994667395674,1,1
141,4,0.2783214611805857,0,0
141,5,0.031082206522619213,0,0
141,6,0.0028250069838935106,0,0
141,7,0.006850765920285509,0,0
141,8,0.018705241158091284,0,0
141,9,0.010072803196570614,0,0
141,10,0.0008761460483528857,0,0
141,11,0.006639621794286564,0,0
141,12,0.006252825267644831,0,0
141,13,0.22418876505413013,0,0
142,1,0.9840186899527943,0,1
142,2,0.15440652497055388,0,0
142,3,0.006869083562450098,0,0
142,4,0.012782084791408766,0,0
142,5,0.03090169748058102,0,0
142,6,0.002112129074539166,0,0
142,7,0.007596009465215583,0,0
142,8,0.00492318488054793,0,0
142,9,0.004278550371339599,0,0
142,10,0.015296591649573466,0,0
142,11,0.005880295960300388,0,0
142,12,0.005734870788422805,0,0
142,13,0.006930470547010088,0,0
143,1,0.990336083540979,1,1
143,2,0.8128522217522537,1,1
143,3,0.9899156117619732,1,1
143,4,0.9847209033721646,1,1
143,5,0.9803840971661961,1,1
143,6,0.9885844104742989,1,1
143,7,0.9999754600278552,1,1
143,8,0.9968847234341688,1,1
143,9,0.24800386704972857,0,0
143,10,0.007049445744014074,0,0
143,11,0.9999976487777699,1,1
143,12,0.3249086543370383,1,0
143,13,0.9998031324332418,1,1
144,1,0.05317345690213423,0,0
144,2,0.019685342000916074,0,0
144,3,0.017282413162595548,0,0
144,4,0.7004752235789595,0,1
144,5,0.14179118721631842,0,0
144,6,0.2340340517168308,0,0
144,7,0.9952439108236656,1,1
144,8,0.9999375210848778,1,1
144,9,0.9998598777849574,1,1
144,10,0.9279621865565209,1,1
144,11,0.08266013182221182,0,0
144,12,0.011743798710488815,0,0
144,13,0.9985810453427556,1,1
145,1,0.5233026837872382,1,1
145,2,0.994458340670488,1,1
145,3,0.9163342411316754,1,1
145,4,0.9998124833755033,1,1
145,5,0.9999373058024617,1,1
145,6,0.9926278658896054,1,1
145,7,0.922979664374889,1,1
145,8,0.2621923780874221,0,0
145,9,0.019118141578965193,0,0
145,10,0.02413336586270421,0,0
145,11,0.08237952995197163,0,0
145,12,0.01487671458774007,0,0
145,13,0.015552535356383608,0,0
146,1,0.028566416771032853,0,0
146,2,0.0018570104698960033,0,0
146,3,0.2155269644126103,0,0
146,4,0.06454444636126257,0,0
146,5,0.0033592342013647933,0,0
146,6,0.00537008910686421,0,0
146,7,0.01155608312198634,0,0
146,8,0.012631127018894829,0,0
146,9,0.0055702601145085524,0,0
146,10,0.0076500076083756445,0,0
146,11,0.0010073130497740017,0,0
146,12,0.001204603994808139,0,0
146,13,0.007566250253657325,0,0
147,1,0.9998268595520199,1,1
147,2,0.9993556669778212,1,1
147,3,0.6194877846545725,0,1
147,4,0.5674340984866271,0,1
147,5,0.02280210348178127,0,0
147,6,0.014863430361859983,0,0
147,7,0.004916228108531313,0,0
147,8,0.0009145940106326722,0,0
147,9,0.030919473772783024,1,0
147,10,0.8804664213985326,1,1
147,11,0.9865401035196517,1,1
147,12,0.7011831605048934,1,1
147,13,0.9615533556560653,1,1
148,1,0.005422820239120439,0,0
148,2,0.007180443563751643,0,0
148,3,0.009149983417595079,0,0
148,4,0.003452706097120013,0,0
148,5,0.0039318645334251705,0,0
148,6,0.0008564002816024923,0,0
148,7,0.02397376340776329,0,0
148,8,0.2654538914500822,0,0
148,9,0.014472076301581777,0,0
148,10,0.007033893456784822,0,0
148,11,0.9764788497026341,1,1
148,12,0.9997844137773066,1,1
148,13,0.9999238118390583,1,1
149,1,0.007007853778530691,0,0
149,2,0.01438036138488823,0,0
149,3,0.028827005190380617,0,0
149,4,0.0011563056993564476,0,0
149,5,0.013193443801183874,0,0
149,6,0.6374036826698721,1,1
149,7,0.9994029686028512,1,1
149,8,0.9163474770239391,1,1
149,9,0.9993014176656047,1,1
149,10,0.9990250555059593,1,1
149,11,0.167204218457362,0,0
149,12,0.0028263247165962635,0,0
149,13,0.000516623780445956,0,0
150,1,0.031675845269773746,0,0
150,2,0.020667934644638036,0,0
150,3,0.004764297455767189,0,0
150,4,0.0008535556921046969,0,0
150,5,0.0029716435232838784,0,0
150,6,0.13249316975483305,0,0
150,7,0.008780003344838184,0,0
150,8,0.006124914403910435,0,0
150,9,0.006572067544559754,0,0
150,10,0.0026863389353046336,0,0
150,11,0.007151082098186607,0,0
150,12,0.00734526351067474,0,0
150,13,0.08097391590089799,0,0
151,1,0.01056989697296431,0,0
151,2,0.3390077006502115,0,0
151,3,0.05357296463645159,0,0
151,4,0.016035487014228973,0,0
151,5,0.0017887805690976761,0,0
151,6,0.051714335176036276,0,0
151,7,0.009535507610969985,0,0
151,8,0.00258831612619122,0,0
151,9,0.11959521423346098,0,0
151,10,0.43315040980545655,0,0
151,11,0.030798229168380792,0,0
151,12,0.003958649309053982,0,0
151,13,0.11923449855538952,0,0
152,1,0.03846899283531524,0,0
152,2,0.014385136081319142,0,0
152,3,0.0017020127803460984,0,0
152,4,0.009124835004222969,0,0
152,5,0.001862467075373283,0,0
152,6,0.010141293241954508,0,0
152,7,0.006297763187186298,0,0
152,8,0.8658089056164974,1,1
152,9,0.997434728096036,1,1
152,10,0.986587609268675,1,1
152,11,0.4420059655911257,1,0
152,12,0.9985697767892174,1,1
152,13,0.9968565182021628,1,1
153,1,0.008268291677407726,0,0
153,2,0.0031174721902085738,0,0
153,3,0.00949709090665428,0,0
153,4,0.010215698663139679,0,0
153,5,0.07163858004837191,0,0
153,6,0.026536059239072093,0,0
153,7,0.002159147718036272,0,0
153,8,0.057055862476084185,0,0
153,9,0.03555354889538707,0,0
153,10,0.001688026474854196,0,0
153,11,0.006197959555427156,0,0
153,12,0.0033948464527488267,0,0
153,13,0.0668165896399782,0,0
154,1,0.12092088997548395,0,0
154,2,0.011440787699057797,0,0
154,3,0.0661538321439573,0,0
154,4,0.06034788695740739,0,0
154,5,0.008068317478312484,0,0
154,6,0.0011161265827179187,0,0
154,7,0.017297711622081977,0,0
154,8,0.02376481097916475,0,0
154,9,0.05170412471001297,0,0
154,10,0.008344423937012542,0,0
154,11,0.009106324946298771,0,0
154,12,0.003833689218277126,0,0
154,13,0.0006735623316916991,0,0
155,1,0.9995577731338925,1,1
155,2,0.9838307870910279,1,1
155,3,0.9985612447772204,1,1
155,4,0.2755312222229938,0,0
155,5,0.038017401435425126,0,0
155,6,0.010253517132750132,0,0
155,7,0.14365917472871703,0,0
155,8,0.09987481048566121,0,0
155,9,0.0035302069960822685,0,0
155,10,0.03699124483575978,0,0
155,11,0.03406780862762253,0,0
155,12,0.028926643974322368,1,0
155,13,0.31607235855382415,1,0
156,1,0.05900934879404965,0,0
156,2,0.2744089926417619,0,0
156,3,0.004899103255270682,0,0
156,4,0.0007777331960437571,0,0
156,5,0.0010275172622728642,0,0
156,6,0.0011487754933315114,0,0
156,7,0.0019826221448287543,0,0
156,8,0.007155170577816994,0,0
156,9,0.007210562544441964,0,0
156,10,0.07971394732439399,0,0
156,11,0.7851764659393738,1,1
156,12,0.9999994416068225,1,1
156,13,0.9932409242993019,1,1
157,1,0.04274186822605119,0,0
157,2,0.008484647850988581,0,0
157,3,0.007916311143657507,0,0
157,4,0.0022737494919889247,0,0
157,5,0.001984267809458048,0,0
157,6,0.0022157462063726696,0,0
157,7,0.008299335752362271,0,0
157,8,0.02176133811958846,0,0
157,9,0.0012623246195229028,0,0
157,10,0.0003386290845426824,0,0
157,11,0.045066776031374246,0,0
157,12,0.0015629851780950554,0,0
157,13,0.0064687895872224685,0,0
158,1,0.010021964261188065,0,0
158,2,0.004230276045415807,0,0
158,3,0.011219156099737022,0,0
158,4,0.006568209987366276,0,0
158,5,0.5908901554682081,1,1
158,6,0.999712135421412,1,1
158,7,0.9908161355920635,1,1
158,8,0.9705076054356798,1,1
158,9,0.30329203738661104,0,0
158,10,0.017975478646834266,0,0
158,11,0.006650653576634997,0,0
158,12,0.0009136788250321372,0,0
158,13,0.01034249743154182,0,0
159,1,0.002936405918426545,0,0
159,2,0.03518856538384583,0,0
159,3,0.9840585681008398,1,1
159,4,0.9999951130118478,1,1
159,5,0.34060600541153446,0,0
159,6,0.06033283466574174,0,0
159,7,0.008565888136583254,0,0
159,8,0.0012546305940036042,0,0
159,9,0.021719860123915014,0,0
159,10,0.01224305067331673,0,0
159,11,0.0020386143938571164,0,0
159,12,0.007796795716371549,0,0
159,13,0.0021326539654131825,0,0
160,1,0.12153919551682119,0,0
160,2,0.007075628401891457,0,0
160,3,0.0029185575128300493,0,0
160,4,0.011574393033608216,0,0
160,5,0.012618103407430288,0,0
160,6,0.012292380382283035,0,0
160,7,0.0012559650563404657,0,0
160,8,0.0009156217214102847,0,0
160,9,0.006506243166724235,0,0
160,10,0.0011403717790340027,0,0
160,11,0.0011416957872919214,0,0
160,12,0.0028512433573767773,0,0
160,13,0.055176306639819456,0,0
161,1,0.005624527473158597,0,0
161,2,0.0018624557816014234,0,0
161,3,0.03983458317552632,0,0
161,4,0.0007845012647854024,0,0
161,5,0.050117950058833946,0,0
161,6,0.006548296411873904,0,0
161,7,0.009914744841304236,0,0
161,8,0.03944604506441155,0,0
161,9,0.0046668054502603945,0,0
161,10,0.0017100111376114056,0,0
161,11,0.10695605238800589,0,0
161,12,0.00935684399703868,0,0
161,13,0.007486454439134923,0,0
162,1,0.051933708213397725,0,0
162,2,0.010899204547855524,0,0
162,3,0.020047157874094966,0,0
162,4,0.0014368715060666627,0,0
162,5,0.00046582615187952623,0,0
162,6,0.0021777183662250823,0,0
162,7,0.004812700790008299,0,0
162,8,0.0026042541655704227,0,0
162,9,0.00715563076343964,0,0
162,10,0.04204118052273588,0,0
162,11,0.016505132155306468,0,0
162,12,0.0519133054680699,0,0
162,13,0.7038451799671813,1,1
163,1,0.6635188191388964,0,1
163,2,0.1123414914665818,0,0
163,3,0.03553810210684307,0,0
163,4,0.00217711216521886,0,0
163,5,0.001539354617500794,0,0
163,6,0.8023559465756477,0,1
163,7,0.021672708852006593,0,0
163,8,0.0029062059819231017,0,0
163,9,0.8957109053409924,1,1
163,10,0.9999784490523834,1,1
163,11,0.9866527632859565,1,1
163,12,0.9781784549436818,1,1
163,13,0.9999999668740026,1,1
164,1,0.07285920450060682,0,0
164,2,0.0025590034674074884,0,0
164,3,0.011999457454127916,0,0
164,4,0.0832150258198085,0,0
164,5,0.00701208981092984,0,0
164,6,0.0013101486152786973,0,0
164,7,0.0018668518753253963,0,0
164,8,0.009024206492980563,0,0
164,9,0.0029334469832685765,0,0
164,10,0.021607547715558485,0,0
164,11,0.004138911990559436,0,0
164,12,0.0022813045256549966,0,0
164,13,0.0011215006376886403,0,0
165,1,0.132349995051137,0,0
165,2,0.06522909302571875,0,0
165,3,0.008819164778637997,0,0
165,4,0.009676273417399245,0,0
165,5,0.014967172063951541,0,0
165,6,0.009947272728303112,0,0
165,7,0.38965253160840585,1,0
165,8,0.554902272029613,1,1
165,9,0.9867346251393369,1,1
165,10,0.9985691219721246,1,1
165,11,0.9383161752545777,1,1
165,12,0.035016828677012043,0,0
165,13,0.015059467686922633,0,0
166,1,0.004558805759229193,0,0
166,2,0.022570132815440513,0,0
166,3,0.020445777928905534,0,0
166,4,0.0018516931496017884,0,0
166,5,0.003336811824777667,0,0
166,6,0.006599407788536252,0,0
166,7,0.06461618891487328,0,0
166,8,0.039612088587919606,0,0
166,9,0.0023687361454330248,0,0
166,10,0.025959718209265088,0,0
166,11,0.003323899149128857,0,0
166,12,0.0009216216785261952,0,0
166,13,0.0003837072473371603,0,0
167,1,0.03516365749641563,0,0
167,2,0.002296194149164516,0,0
167,3,0.006145058197132979,0,0
167,4,0.014867378077105399,0,0
167,5,0.9949958607325419,1,1
167,6,0.9769277956116593,1,1
167,7,0.9999979292973274,1,1
167,8,0.9978297036670098,1,1
167,9,0.956764393916188,1,1
167,10,0.9999998084238199,1,1
167,11,0.9926503367822391,1,1
167,12,0.9639941597341403,1,1
167,13,0.12276221758751583,0,0
168,1,0.9998341367016315,1,1
168,2,0.9627510986575699,1,1
168,3,0.9575087862401839,1,1
168,4,0.9096159606887024,1,1
168,5,0.6149284262645546,1,1
168,6,0.2755028930743707,1,0
168,7,0.9932491578430106,1,1
168,8,0.7026990449511251,1,1
168,9,0.9999278179972125,1,1
168,10,0.9103017731262156,1,1
168,11,0.9662959077034782,1,1
168,12,0.9206709398800391,0,1
168,13,0.655506268139002,0,1
169,1,0.017304359938944115,0,0
169,2,0.002656631839910305,0,0
169,3,0.009656858589658115,0,0
169,4,0.01365199979034335,0,0
169,5,0.10609272324296533,0,0
169,6,0.04592604785809278,0,0
169,7,0.016025896553548996,0,0
169,8,0.015985494052092653,0,0
169,9,0.007416575292246652,0,0
169,10,0.0018130907089627076,0,0
169,11,0.21446375466265852,0,0
169,12,0.0043884807163486455,0,0
169,13,0.0076193767798601085,0,0
170,1,0.011353283659208499,0,0
170,2,0.999064578332003,1,1
170,3,0.1817576867899156,1,0
170,4,0.9958006266439544,1,1
170,5,0.9689744077235589,1,1
170,6,0.9842304636774101,1,1
170,7,0.9992713548920903,1,1
170,8,0.36825471015778766,0,0
170,9,0.5165371672036756,0,1
170,10,0.036239323134494794,0,0
170,11,0.019504105168672094,0,0
170,12,0.09261821862678227,0,0
170,13,0.02520032066006656,0,0
171,1,0.2652903596266519,0,0
171,2,0.09725100609320884,0,0
171,3,0.01774266043546213,0,0
171,4,0.0018235635116911394,0,0
171,5,0.0070420243398469,0,0
171,6,0.004061310180852281,0,0
171,7,0.0025750259066787164,0,0
171,8,0.0157649117562553,0,0
171,9,0.0008872857988197776,0,0
171,10,0.0011874124013748328,0,0
171,11,0.0010045202382709109,0,0
171,12,0.0028550438765737284,0,0
171,13,0.8727442475794993,1,1
172,1,0.05512081125431004,0,0
172,2,0.001411998478630149,0,0
172,3,0.0031722384241965125,0,0
172,4,0.001534100540722022,0,0
172,5,0.002752881979220322,0,0
172,6,0.0008010992056764509,0,0
172,7,0.02324647318418136,0,0
172,8,0.0013654876347573162,0,0
172,9,0.03141877183618607,0,0
172,10,0.0017846989050115203,0,0
172,11,0.01994691019015888,0,0
172,12,0.014078748929644584,0,0
172,13,0.00403880768011178,0,0
173,1,0.9999294716577628,1,1
173,2,0.9996859284619135,1,1
173,3,0.042940759248442414,0,0
173,4,0.3037708357936961,0,0
173,5,0.006319573226268006,0,0
173,6,0.0071895072092314355,0,0
173,7,0.262734965806774,0,0
173,8,0.06891181865117826,0,0
173,9,0.010444332244619568,0,0
173,10,0.09879687017005068,0,0
173,11,0.003249137386416917,0,0
173,12,0.0011546079878702986,0,0
173,13,0.0018396074769282554,0,0
174,1,0.010554899925785352,0,0
174,2,0.04515820178465273,0,0
174,3,0.0005382128837451405,0,0
174,4,0.013409700662052668,0,0
174,5,0.001982896227225554,0,0
174,6,0.010767844811310337,0,0
174,7,0.031642338269358666,0,0
174,8,0.005046187001601441,0,0
174,9,0.008631935461423903,0,0
174,10,0.08167822402599394,0,0
174,11,0.13293696031485225,0,0
174,12,0.03686214680404718,0,0
174,13,0.00852053429118034,0,0
175,1,0.9999226690301317,1,1
175,2,0.9992431428567867,1,1
175,3,0.9854176860574092,1,1
175,4,0.33659568418178204,0,0
175,5,0.806764446579614,1,1
175,6,0.15276414954331466,0,0
175,7,0.01386192942046157,0,0
175,8,0.022161763075579217,0,0
175,9,0.005868040048275945,0,0
175,10,0.9841966610441536,1,1
175,11,0.585531104597092,0,1
175,12,0.04745609129776499,0,0
175,13,0.04628031990341071,0,0
176,1,0.0421087159739853,0,0
176,2,0.5547121006685437,1,1
176,3,0.9911683998286054,1,1
176,4,0.4812251409438401,1,0
176,5,0.5862367241192853,1,1
176,6,0.09060085886541237,0,0
176,7,0.0011308967175168915,0,0
176,8,0.016829505668415103,0,0
176,9,0.004216947994332586,0,0
176,10,0.0010448071265853598,0,0
176,11,0.0013637074256985316,0,0
176,12,0.009048541598981804,0,0
176,13,0.022754315705478582,1,0
177,1,0.002831007510338966,0,0
177,2,0.0027719314088655352,0,0
177,3,0.020487932888677618,0,0
177,4,0.06723449010099881,0,0
177,5,0.0036105321716960277,0,0
177,6,0.004430589720001965,0,0
177,7,0.0006579775172361942,0,0
177,8,0.004134537498701969,0,0
177,9,0.028406783951436487,0,0
177,10,0.49746954209728267,0,0
177,11,0.8188593565998888,0,1
177,12,0.14962920838419205,0,0
177,13,0.09947069488025849,0,0
178,1,0.016041026469188275,0,0
178,2,0.040140705543840624,0,0
178,3,0.0022261681737938284,0,0
178,4,0.010684546034670915,0,0
178,5,0.005248298153958597,0,0
178,6,0.001036923926650018,0,0
178,7,0.0035822935205056562,0,0
178,8,0.006837538360861397,0,0
178,9,0.0076959992478354226,0,0
178,10,0.015424772621938103,0,0
178,11,0.003831943494645708,0,0
178,12,0.022261241203627255,1,0
178,13,0.6214804339219319,1,1
179,1,0.020054078018610255,0,0
179,2,0.016186583153985346,0,0
179,3,0.0022083466146127725,0,0
179,4,0.0016723679220110213,0,0
179,5,0.12022062729519958,0,0
179,6,0.0059308742163269425,0,0
179,7,0.033412469759097785,1,0
179,8,0.9997038786656239,1,1
179,9,0.9987078954485502,1,1
179,10,0.08369545996604372,0,0
179,11,0.0009632556491743867,0,0
179,12,0.003495213022001533,0,0
179,13,0.0025621851160193506,0,0
180,1,0.21332405563350934,1,0
180,2,0.9958390712173625,1,1
180,3,0.9516396727014816,1,1
180,4,0.9843946026554142,1,1
180,5,0.8498836304407583,1,1
180,6,0.9999793332862886,1,1
180,7,0.8092898756709489,0,1
180,8,0.04666537529960954,0,0
180,9,0.0032996872793561523,0,0
180,10,0.0011341868067984483,0,0
180,11,0.000760784355106617,0,0
180,12,0.016494220249115354,0,0
180,13,0.003142066942693287,0,0
181,1,0.030717059501108594,0,0
181,2,0.014057729905425002,0,0
181,3,0.052592546539314694,0,0
181,4,0.022757321318396567,0,0
181,5,0.0020498360218022178,0,0
181,6,0.026781745117734734,0,0
181,7,0.016097740822727323,0,0
181,8,0.002771656465699257,0,0
181,9,0.0064312714499064946,0,0
181,10,0.005994779657490418,0,0
181,11,0.0024960702101096415,0,0
181,12,0.004486942384446874,0,0
181,13,0.003986235001291532,0,0
182,1,0.5605286113565974,1,1
182,2,0.9001394544105713,1,1
182,3,0.31249055343295146,1,0
182,4,0.8443906808482932,1,1
182,5,0.43564674613989735,1,0
182,6,0.055342532802820386,0,0
182,7,0.03886642127311852,0,0
182,8,0.0005284511636093757,0,0
182,9,0.006639356895995125,0,0
182,10,0.05046739637641906,0,0
182,11,0.00822500568650015,0,0
182,12,0.0022755097924592655,0,0
182,13,0.0050388652917970666,0,0
183,1,0.027634519104970143,0,0
183,2,0.005623690812340351,0,0
183,3,0.005675366437148318,0,0
183,4,0.013431950173631569,1,0
183,5,0.8964561076104653,1,1
183,6,0.9998122362878791,1,1
183,7,0.978227465856632,1,1
183,8,0.12656178555955086,0,0
183,9,0.006231012764863889,0,0
183,10,0.01960525473380123,0,0
183,11,0.4268100461021731,0,0
183,12,0.08487861074555487,0,0
183,13,0.0013758830422203594,0,0
184,1,0.2897894728417886,1,0
184,2,0.9264103813143563,1,1
184,3,0.8731589408063037,0,1
184,4,0.03360284449141024,0,0
184,5,0.48760318502474465,1,0
184,6,0.9998608344267662,1,1
184,7,0.9999692631274711,1,1
184,8,0.9413045305746304,1,1
184,9,0.97633245236371,1,1
184,10,0.12459245632824063,0,0
184,11,0.00916436900320976,0,0
184,12,0.031534094333218826,0,0
184,13,0.7124702657557588,1,1
185,1,0.005745821034792194,0,0
185,2,0.000990159627946645,0,0
185,3,0.012917202540323143,0,0
185,4,0.05227133786942572,0,0
185,5,0.0017618566779102453,0,0
185,6,0.2268748285685046,0,0
185,7,0.018251235098032035,0,0
185,8,0.006699268191222279,0,0
185,9,0.00040902490020719987,0,0
185,10,0.4240427344642838,1,0
185,11,0.9997079352082738,1,1
185,12,0.9953953090792191,1,1
185,13,0.7431633180580035,1,1
186,1,0.9999935196551683,1,1
186,2,0.7314416831689234,1,1
186,3,0.999996388732396,1,1
186,4,0.29161822354747385,0,0
186,5,0.012786515931501501,0,0
186,6,0.003973331986658164,0,0
186,7,0.004576890187454056,0,0
186,8,0.008577872259508417,0,0
186,9,0.04739583697496554,0,0
186,10,0.009264768545206517,0,0
186,11,0.018072692831401036,0,0
186,12,0.09080843942416492,0,0
186,13,0.007302251792754771,0,0
187,1,0.9424830313434855,1,1
187,2,0.999919987801304,1,1
187,3,0.9999927738378184,1,1
187,4,0.9999999466966752,1,1
187,5,0.9502067453882166,1,1
187,6,0.9999339361860515,1,1
187,7,0.9999996142495353,1,1
187,8,0.9158325609499727,1,1
187,9,0.21834129301647046,0,0
187,10,0.3793104155391238,0,0
187,11,0.0061938792581820515,0,0
187,12,0.001323625219809041,0,0
187,13,0.0017975723672624911,0,0
188,1,0.972426391714102,1,1
188,2,0.9997545306668392,1,1
188,3,0.9773742101576891,1,1
188,4,0.8909075088390382,1,1
188,5,0.9999996393887083,1,1
188,6,0.1110239644006819,0,0
188,7,0.0031045795709692403,0,0
188,8,0.001378849712425839,0,0
188,9,0.031681922249589246,0,0
188,10,0.028560052697628922,0,0
188,11,0.0009520647291267316,0,0
188,12,0.03326925721379948,0,0
188,13,0.04441714018882827,0,0
189,1,0.024539108458176803,0,0
189,2,0.0003595088608555105,0,0
189,3,0.0027862246200894944,0,0
189,4,0.001418548289959203,0,0
189,5,0.002425316905129952,0,0
189,6,0.0018651541093528473,0,0
189,7,0.0016513214556470673,0,0
189,8,0.0124508468348225,0,0
189,9,0.0005163083532468736,0,0
189,10,0.00151803185590695,0,0
189,11,0.0018043316828467726,0,0
189,12,0.009670828396969271,0,0
189,13,0.011850219031379465,0,0
190,1,0.09777858753526796,1,0
190,2,0.9996785030363013,1,1
190,3,0.9999091971414356,1,1
190,4,0.9842051862187818,1,1
190,5,0.4164219143193222,0,0
190,6,0.12712772852375717,0,0
190,7,0.34918939003807,0,0
190,8,0.09695004254442108,0,0
190,9,0.008531994819606613,0,0
190,10,0.13350308407237993,0,0
190,11,0.8387085129994432,1,1
190,12,0.8541376610625676,1,1
190,13,0.997321875859105,1,1
191,1,0.9884786863662594,1,1
191,2,0.599126304238319,1,1
191,3,0.22296579752150802,1,0
191,4,0.3287876791982079,1,0
191,5,0.8584635812400712,1,1
191,6,0.999997396479538,1,1
191,7,0.9608186377141846,1,1
191,8,0.9999171261449883,1,1
191,9,0.9995960163261126,1,1
191,10,0.938271880175576,1,1
191,11,0.3440354655974046,0,0
191,12,0.07412547563311987,0,0
191,13,0.008206670478632746,0,0
192,1,0.033341293520980864,0,0
192,2,0.0018414570884019046,0,0
192,3,0.008226629756799667,0,0
192,4,0.0023382897440708717,0,0
192,5,0.008094755455103438,0,0
192,6,0.9850605458775251,1,1
192,7,0.9859720886542267,1,1
192,8,0.8291898334204088,0,1
192,9,0.11926945705210018,0,0
192,10,0.0014915151815835632,0,0
192,11,0.01953167760523672,0,0
192,12,0.01975212040424859,0,0
192,13,0.9967147151472654,1,1
193,1,0.8024798923656771,1,1
193,2,0.26658476154790667,1,0
193,3,0.06850462559120245,0,0
193,4,0.004959645181774393,0,0
193,5,0.010663539715945792,0,0
193,6,0.0011793763609523338,0,0
193,7,0.002131467566249837,0,0
193,8,0.0016531575970802658,0,0
193,9,0.01221506132600342,0,0
193,10,0.07811597455692751,0,0
193,11,0.0008203392653180647,0,0
193,12,0.010998382797431398,0,0
193,13,0.0961860631267085,0,0
194,1,0.002756111265680944,0,0
194,2,0.016875200679010383,0,0
194,3,0.04829826771432076,0,0
194,4,0.012826759079464683,0,0
194,5,0.09356985303024239,0,0
194,6,0.028352110586288944,0,0
194,7,0.9997117984143189,1,1
194,8,0.9998805946942917,1,1
194,9,0.9999957348090699,1,1
194,10,0.23587039056476775,0,0
194,11,0.026742346913086606,0,0
194,12,0.027436728373083332,0,0
194,13,0.012946415468282615,0,0
195,1,0.016196119460747487,0,0
195,2,0.03097552522950771,0,0
195,3,0.9052234198075677,1,1
195,4,0.998803194906942,1,1
195,5,0.3142293120283431,0,0
195,6,0.018307086928049485,0,0
195,7,0.012595158835176612,0,0
195,8,0.9807139742676164,1,1
195,9,0.9944352028320816,1,1
195,10,0.9597535427343792,1,1
195,11,0.39831843557975205,0,0
195,12,0.01232431585422218,0,0
195,13,0.014724435434759821,0,0
196,1,0.085890967118203,1,0
196,2,0.061322360722679055,0,0
196,3,0.01257325681808515,0,0
196,4,0.014734723420805075,0,0
196,5,0.0014562836234335008,0,0
196,6,0.950853792664403,1,1
196,7,0.9996690049490374,1,1
196,8,0.7054298574384544,1,1
196,9,0.5457981124530822,0,1
196,10,0.0602880353915964,0,0
196,11,0.0006913860253992197,0,0
196,12,0.005419601921554014,0,0
196,13,0.008458010654790668,0,0
197,1,0.002273107723444805,0,0
197,2,0.0007802911774495821,0,0
197,3,0.24816961914508415,1,0
197,4,0.9387664178962754,1,1
197,5,0.7984858736646002,1,1
197,6,0.9866953970778691,1,1
197,7,0.9999833120948005,1,1
197,8,0.6890535137110182,1,1
197,9,0.999999937363204,1,1
197,10,0.9999933815742562,1,1
197,11,0.24227337521757675,1,0
197,12,0.9987329959878025,1,1
197,13,0.24419577083431906,0,0
198,1,0.1278232986979776,0,0
198,2,0.0016436874052747135,0,0
198,3,0.005873172198250689,0,0
198,4,0.0013541919542071246,0,0
198,5,0.007427254615349952,0,0
198,6,0.009927054725058646,0,0
198,7,0.003744787143988586,0,0
198,8,0.0037473685284954935,0,0
198,9,0.06202684180165377,0,0
198,10,0.013160180817609371,0,0
198,11,0.0040659713578335135,0,0
198,12,0.0027908535418872302,0,0
198,13,0.011625831041267992,0,0
199,1,0.047896550389750714,0,0
199,2,0.011700262707993387,0,0
199,3,0.03064793748591451,0,0
199,4,0.014696645030956369,0,0
199,5,0.1965437753346751,0,0
199,6,0.007060918664931574,0,0
199,7,0.0052642206898676725,0,0
199,8,0.007399423850008053,0,0
199,9,0.0021659910545460677,0,0
199,10,0.001830355086396907,0,0
199,11,0.43531105369454853,0,0
199,12,0.12446995024003583,0,0
199,13,0.11910038390472003,0,0
200,1,0.005906451039775638,0,0
200,2,0.001184539448218176,0,0
200,3,0.0012717428126508758,0,0
200,4,0.0014123028804660428,0,0
200,5,0.19421060785859445,0,0
200,6,0.5317281618837619,0,1
200,7,0.05811445705167973,0,0
200,8,0.0026739469270128965,0,0
200,9,0.047391916402385124,0,0
200,10,0.023940502209210294,0,0
200,11,0.01622643593588765,0,0
200,12,0.0710446406655527,0,0
200,13,0.017333778281113692,0,0
201,1,0.006915437486107821,0,0
201,2,0.0017649093931525227,0,0
201,3,0.00769964052121234,0,0
201,4,0.008275750147184142,0,0
201,5,0.004259756042738622,0,0
201,6,0.007031907511227864,0,0
201,7,0.0020052880547029345,0,0
201,8,0.00149960394322237,0,0
201,9,0.009783814357253,0,0
201,10,0.01532234882480408,0,0
201,11,0.0055160874532602135,0,0
201,12,0.01500577671841171,0,0
201,13,0.0030602035089946043,0,0
202,1,0.0238893964192016,0,0
202,2,0.0036123615570936582,0,0
202,3,0.015256072561487932,0,0
202,4,0.011201111766878753,0,0
202,5,0.00817994877977474,0,0
202,6,0.003696429348212132,0,0
202,7,0.009484834209649181,0,0
202,8,0.02279489809220079,0,0
202,9,0.035212193275778104,0,0
202,10,0.004182972446884493,0,0
202,11,0.0031948818595241963,0,0
202,12,0.004853397394227968,0,0
202,13,0.0014469078831616307,0,0
203,1,0.012523122019364695,0,0
203,2,0.0038992206588822345,0,0
203,3,0.001455335335097711,0,0
203,4,0.008103612784970085,0,0
203,5,0.006696675688596904,0,0
203,6,0.013541073830895213,0,0
203,7,0.0005147509556347073,0,0
203,8,0.027570114255525285,0,0
203,9,0.036011361845397966,0,0
203,10,0.00682908395428158,0,0
203,11,0.0018242840828116536,0,0
203,12,0.5356439820075315,1,1
203,13,0.7269981540975591,1,1
204,1,0.04156627925415467,0,0
204,2,0.9850353740922421,1,1
204,3,0.9983361866238879,1,1
204,4,0.9906100532023787,1,1
204,5,0.9989981898609316,1,1
204,6,0.9999240070851791,1,1
204,7,0.9812852545522769,1,1
204,8,0.9997503415594591,1,1
204,9,0.9224506852513605,1,1
204,10,0.49818992923774047,0,0
204,11,0.05629346434207596,0,0
204,12,0.003850912321208177,0,0
204,13,0.003917926033466181,0,0
205,1,0.4508218099120763,0,0
205,2,0.7423001887568591,0,1
205,3,0.02877751831574462,0,0
205,4,0.00042384995600073996,0,0
205,5,0.002407708484333936,0,0
205,6,0.07933270745711117,0,0
205,7,0.0022857313224389515,0,0
205,8,0.9976771272045436,1,1
205,9,0.9999811427972933,1,1
205,10,0.7054004967964616,1,1
205,11,0.09258081192818815,0,0
205,12,0.02570025958354088,0,0
205,13,0.07499960609670728,1,0
206,1,0.9377922227326201,1,1
206,2,0.9947157136076482,1,1
206,3,0.3393646186910686,0,0
206,4,0.002994284732073407,0,0
206,5,0.013642015034873493,0,0
206,6,0.10891640623903129,0,0
206,7,0.020460002193623667,0,0
206,8,0.019875861644303498,0,0
206,9,0.001731771471544466,0,0
206,10,0.9960634847428202,1,1
206,11,0.9998566988455228,1,1
206,12,0.9768380505099776,1,1
206,13,0.9987268123024976,1,1
207,1,0.9996783896615886,1,1
207,2,0.9500494141489351,1,1
207,3,0.9691075756592956,1,1
207,4,0.9999974039492043,1,1
207,5,0.16852462863874415,1,0
207,6,0.0833466135699867,1,0
207,7,0.6240638315912209,1,1
207,8,0.09086316554136688,1,0
207,9,0.990236580000762,1,1
207,10,0.9997579954310549,1,1
207,11,0.9568028770691488,1,1
207,12,0.9939877468202947,1,1
207,13,0.9986888540727925,1,1
208,1,0.006266499331455419,0,0
208,2,0.007182832679823306,0,0
208,3,0.002860705903146547,0,0
208,4,0.002001314388223927,0,0
208,5,0.5720124572152263,1,1
208,6,0.9142471919528544,1,1
208,7,0.9999999356124855,1,1
208,8,0.9956069218376145,1,1
208,9,0.9996189112956203,1,1
208,10,0.9999659468360063,1,1
208,11,0.9999412359429405,1,1
208,12,0.21405949890926887,0,0
208,13,0.040367833791405315,0,0
209,1,0.0025118459580034326,0,0
209,2,0.0005692780303295581,0,0
209,3,0.011712202190807616,0,0
209,4,0.020020799984682407,0,0
209,5,0.006395217237118109,0,0
209,6,0.142191352550746,0,0
209,7,0.03870697823349522,0,0
209,8,0.15029395674819768,1,0
209,9,0.08646020581283707,1,0
209,10,0.8997905284048833,1,1
209,11,0.999388779620475,1,1
209,12,0.9343485403427515,1,1
209,13,0.9587138823455007,1,1
210,1,0.022191116060822854,0,0
210,2,0.07937172985118122,0,0
210,3,0.0018181087479967554,0,0
210,4,0.006004563531647189,0,0
210,5,0.09664395640371758,0,0
210,6,0.09399439701283599,0,0
210,7,0.7485203705270986,1,1
210,8,0.9879191906832515,1,1
210,9,0.9966885418238058,1,1
210,10,0.9967949791410307,1,1
210,11,0.9918077409861081,1,1
210,12,0.9887239881810632,1,1
210,13,0.9666805390815328,1,1
211,1,0.002915097468016423,0,0
211,2,0.00198705084082871,0,0
211,3,0.0037347576928199117,0,0
211,4,0.008235468501952649,0,0
211,5,0.04833831919232648,0,0
211,6,0.011875634114191557,0,0
211,7,0.033092970292991686,0,0
211,8,0.010145154048277424,0,0
211,9,0.03549306456758635,0,0
211,10,0.013093196717759784,0,0
211,11,0.012641504036054784,0,0
211,12,0.0019782158494496766,0,0
211,13,0.012535075446436752,0,0
212,1,0.05741603817738732,0,0
212,2,0.004588679396038557,0,0
212,3,0.007828215562203419,0,0
212,4,0.916926310213379,1,1
212,5,0.9925974937542297,1,1
212,6,0.02386722911842858,0,0
212,7,0.0005938163228878875,0,0
212,8,0.2965063421765282,1,0
212,9,0.8686924675849768,1,1
212,10,0.024769680901476753,0,0
212,11,0.01117109508948144,0,0
212,12,0.01531334134430003,0,0
212,13,0.0017756247764701186,0,0
213,1,0.016208961658362657,0,0
213,2,0.012881635250992975,0,0
213,3,0.0013804370370918352,0,0
213,4,0.0004165946198144354,0,0
213,5,0.0015485723437851802,0,0
213,6,0.2902367355174197,0,0
213,7,0.09854141141829048,0,0
213,8,0.03460363467632122,0,0
213,9,0.03711834501197949,0,0
213,10,0.006335436541680966,0,0
213,11,0.009431993234608513,0,0
213,12,0.003938503630616893,0,0
213,13,0.0004290707686444751,0,0
214,1,0.1697046240092535,0,0
214,2,0.5963807239119501,1,1
214,3,0.43070190686239074,1,0
214,4,0.015458740464565503,0,0
214,5,0.12995127480800506,0,0
214,6,0.015014310442520423,0,0
214,7,0.004625965207319903,0,0
214,8,0.07724514877917046,0,0
214,9,0.13984937949072496,0,0
214,10,0.02457992395110094,0,0
214,11,0.01984165685998935,0,0
214,12,0.0017061121441686905,0,0
214,13,0.016673151133432255,0,0
215,1,0.045226001329771885,0,0
215,2,0.047571535382961196,0,0
215,3,0.018587463702001414,0,0
215,4,0.015789852428885667,0,0
215,5,0.0016214527009851605,0,0
215,6,0.0023422525886732442,0,0
215,7,0.018130469181276143,0,0
215,8,0.018107102501691796,0,0
215,9,0.024307120440762275,0,0
215,10,0.012420631996327114,0,0
215,11,0.002290322672798366,0,0
215,12,0.01097883795805813,0,0
215,13,0.012575018800127234,0,0
216,1,0.016685760021807345,0,0
216,2,0.008328386354843951,0,0
216,3,0.9110643892789204,1,1
216,4,0.2562137038696279,0,0
216,5,0.048381528473387926,1,0
216,6,0.9931428406870906,1,1
216,7,0.9576801691303286,1,1
216,8,0.9968645995471457,1,1
216,9,0.9966625901568529,1,1
216,10,0.997987483063963,1,1
216,11,0.1449377254548806,0,0
216,12,0.030169159322520768,0,0
216,13,0.0016094429108582519,0,0
217,1,0.003671994061532913,0,0
217,2,0.004943457570258256,0,0
217,3,0.0023821306382917915,0,0
217,4,0.003041958143268877,0,0
217,5,0.012219230126670798,0,0
217,6,0.03810245090426502,0,0
217,7,0.010064904161520748,0,0
217,8,0.011631536170187235,0,0
217,9,0.05509136743514599,0,0
217,10,0.015186628929637019,0,0
217,11,0.10985292152797016,1,0
217,12,0.06979240548796978,0,0
217,13,0.05998166498224627,0,0
218,1,0.9188454145325676,1,1
218,2,0.09775946803509343,0,0
218,3,0.014487973330074849,0,0
218,4,0.9908045489992351,1,1
218,5,0.9996982716399333,1,1
218,6,0.43587310574161714,1,0
218,7,0.8730037144699014,1,1
218,8,0.9985642902257433,1,1
218,9,0.9929617264230728,1,1
218,10,0.9422392326977942,1,1
218,11,0.9995983899075216,1,1
218,12,0.9957167537234743,1,1
218,13,0.8039778969141765,1,1
219,1,0.685423368821759,0,1
219,2,0.432371983375914,0,0
219,3,0.614135307865957,0,1
219,4,0.6044972396754001,0,1
219,5,0.6229494719312952,0,1
219,6,0.02674045214179235,0,0
219,7,0.008630291610629745,0,0
219,8,0.0012696584712041457,0,0
219,9,0.01092092157515898,0,0
219,10,0.002115391664927152,0,0
219,11,0.014336064705377365,0,0
219,12,0.01689743346390582,0,0
219,13,0.011836629372903158,0,0
220,1,0.5674004751226513,1,1
220,2,0.20094621695055936,1,0
220,3,0.9751798150953152,1,1
220,4,0.987552783694787,1,1
220,5,0.9512767242629094,1,1
220,6,0.6370589473564018,0,1
220,7,0.5077005865316911,0,1
220,8,0.08651377405565168,0,0
220,9,0.027098066668012784,0,0
220,10,0.004715677612015268,0,0
220,11,0.002513039949028403,0,0
220,12,0.015026916516179406,0,0
220,13,0.006048462962681775,0,0
221,1,0.27299090589668845,0,0
221,2,0.11019450656099486,0,0
221,3,0.04142030003249759,0,0
221,4,0.025197264181339524,0,0
221,5,0.0015650389534856688,0,0
221,6,0.003305663715272383,0,0
221,7,0.001528516647842983,0,0
221,8,0.1282027497982779,0,0
221,9,0.004586302971330068,0,0
221,10,0.005611516238606951,0,0
221,11,0.010807821513822959,0,0
221,12,0.050154350166908314,1,0
221,13,0.20264896384891387,1,0
222,1,0.9885458001993124,1,1
222,2,0.9728166459335384,1,1
222,3,0.525535307830409,1,1
222,4,0.014818556753767817,0,0
222,5,0.00820574479694259,0,0
222,6,0.031436792977715775,0,0
222,7,0.03207298238567653,0,0
222,8,0.022240120656969415,0,0
222,9,0.08177520525667908,0,0
222,10,0.01701424886190536,0,0
222,11,0.004019981512110366,0,0
222,12,0.01155932996597871,0,0
222,13,0.02014072884132214,0,0
223,1,0.014330540472997632,0,0
223,2,0.005475269673510033,0,0
223,3,0.00045847839952191865,0,0
223,4,0.030130906234207246,0,0
223,5,0.0007322342803877896,0,0
223,6,0.001622058901037371,0,0
223,7,0.010188144189920064,0,0
223,8,0.24200216852792109,0,0
223,9,0.032413391958442235,0,0
223,10,0.011165615123099614,0,0
223,11,0.0024829559675661936,0,0
223,12,0.0028795353578023953,0,0
223,13,0.09717268500865603,0,0
224,1,0.0037714705009078,0,0
224,2,0.0153004798347035,0,0
224,3,0.0034807015210773173,0,0
224,4,0.002657437249781952,0,0
224,5,0.0011874865894085436,0,0
224,6,0.0008171717057815661,0,0
224,7,0.09726291010242803,0,0
224,8,0.7688374402754612,1,1
224,9,0.9991097360916578,1,1
224,10,0.9963442929676903,1,1
224,11,0.9482480267946862,1,1
224,12,0.922645187846156,1,1
224,13,0.7775584954098967,1,1
225,1,0.002199419968977461,0,0
225,2,0.004268216469352172,0,0
225,3,0.31861209102289395,0,0
225,4,0.0382255194991439,0,0
225,5,0.1515134938714494,0,0
225,6,0.026762256821923854,0,0
225,7,0.003821756123916862,0,0
225,8,0.00546202983556226,0,0
225,9,0.0012196219806108232,0,0
225,10,0.03321041577901534,0,0
225,11,0.0004745174612435524,0,0
225,12,0.0015658420250192987,0,0
225,13,0.636461863922297,0,1
226,1,0.01221245684151265,0,0
226,2,0.5505980746932987,1,1
226,3,0.9999844561430201,1,1
226,4,0.9983480962981964,1,1
226,5,0.9997877811355056,1,1
226,6,0.9737695858353795,1,1
226,7,0.9991289863149839,1,1
226,8,0.9950665814623726,1,1
226,9,0.9999907745349916,1,1
226,10,0.961068223839778,1,1
226,11,0.7012711269625496,0,1
226,12,0.14009760969125376,0,0
226,13,0.019414106060818212,0,0
227,1,0.9120885658451983,1,1
227,2,0.9971907691994761,1,1
227,3,0.8906913912643596,1,1
227,4,0.9946262537069753,1,1
227,5,0.993608425230754,1,1
227,6,0.6292883330415088,0,1
227,7,0.011396064599224723,0,0
227,8,0.014809107958563363,0,0
227,9,0.0018755937359954606,0,0
227,10,0.020977787809167817,0,0
227,11,0.0035264372561298763,0,0
227,12,0.12379258540115486,0,0
227,13,0.013946429483756987,0,0
228,1,0.07831120911983863,0,0
228,2,0.04427491460378384,0,0
228,3,0.08913932488756748,0,0
228,4,0.1947616077220244,0,0
228,5,0.03917200887394939,0,0
228,6,0.014953446305607727,0,0
228,7,0.09433349714301102,0,0
228,8,0.07846545322715638,0,0
228,9,0.0032441884820532626,0,0
228,10,0.004085129118345264,0,0
228,11,0.0077150685104404385,0,0
228,12,0.0243891732045416,0,0
228,13,0.016321646279657265,0,0
229,1,0.08763069030648614,0,0
229,2,0.006651664767906599,0,0
229,3,0.006222176668027763,0,0
229,4,0.05488907560351308,0,0
229,5,0.0012485243828243605,0,0
229,6,0.06546783541152304,0,0
229,7,0.0050122124848537624,0,0
229,8,0.008674990962022282,0,0
229,9,0.0014431441221093226,0,0
229,10,0.9958829203071197,1,1
229,11,0.20597299541008118,1,0
229,12,0.9790864222601449,1,1
229,13,0.9839248852338974,1,1
230,1,0.7700300987561564,1,1
230,2,0.9964592076421387,1,1
230,3,0.9930916880092484,1,1
230,4,0.997227431854319,1,1
230,5,0.9952992433270059,1,1
230,6,0.9973385505200492,1,1
230,7,0.9829823507926628,1,1
230,8,0.9996614070154227,1,1
230,9,0.9841134336104269,1,1
230,10,0.9964635590097359,1,1
230,11,0.613977617250312,0,1
230,12,0.0638723187336987,0,0
230,13,0.08364898673453414,0,0
231,1,0.01868933086334338,0,0
231,2,0.01626135114723489,0,0
231,3,0.008242904213473784,0,0
231,4,0.0074628868395049345,0,0
231,5,0.009897969271634372,0,0
231,6,0.006626652185708129,0,0
231,7,0.6824472443328221,1,1
231,8,0.013819572432206845,0,0
231,9,0.0005098355380691487,0,0
231,10,0.005616820156229775,0,0
231,11,0.028599385187474912,0,0
231,12,0.010869869564406864,0,0
231,13,0.005366285310228928,0,0
232,1,0.26904072783805943,1,0
232,2,0.921458944966934,1,1
232,3,0.9979522063464112,1,1
232,4,0.997962157510641,1,1
232,5,0.9949430762013045,1,1
232,6,0.9841289550742705,1,1
232,7,0.9986998243619972,1,1
232,8,0.9164096073045604,1,1
232,9,0.9996636033893745,1,1
232,10,0.8752252372341482,1,1
232,11,0.02265222091214863,0,0
232,12,0.02161181124266058,0,0
232,13,0.18893853872788455,0,0
233,1,0.6521658233329723,0,1
233,2,0.09564830196412066,0,0
233,3,0.015427255670207174,0,0
233,4,0.012557970611151372,0,0
233,5,0.002625366560932923,0,0
233,6,0.004467344305627927,0,0
233,7,0.031237769322819468,0,0
233,8,0.0008010508454034098,0,0
233,9,0.03629839309437035,0,0
233,10,0.004159159725390904,0,0
233,11,0.0012376587161311732,0,0
233,12,0.0012942757200421775,0,0
233,13,0.006686185320847489,0,0
234,1,0.010489670197235004,0,0
234,2,0.007749722105315076,0,0
234,3,0.00570434080271134,0,0
234,4,0.05541940005455457,0,0
234,5,0.007170302918610786,0,0
234,6,0.0027761661449455894,0,0
234,7,0.0012316057024734997,1,0
234,8,0.018258266982010166,0,0
234,9,0.027630122367953293,0,0
234,10,0.0018755984091211463,0,0
234,11,0.01777153281600469,0,0
234,12,0.02282589889720603,0,0
234,13,0.003064489343033147,0,0
235,1,0.9920620240129842,1,1
235,2,0.18470183858311112,0,0
235,3,0.04713208168520643,0,0
235,4,0.00698585626069255,0,0
235,5,0.0011163958247378052,0,0
235,6,0.0032430805418369167,0,0
235,7,0.09775331915130452,0,0
235,8,0.8364080980385528,0,1
235,9,0.16173065546939713,0,0
235,10,0.011346986309007196,0,0
235,11,0.00033827141255703754,0,0
235,12,0.001468163005166729,0,0
235,13,0.0013273054951652614,0,0
236,1,0.9999898426578139,1,1
236,2,0.9970230286148353,1,1
236,3,0.9562472387980268,1,1
236,4,0.724309178872346,1,1
236,5,0.992660469552171,1,1
236,6,0.9515630448174872,1,1
236,7,0.744460670349333,1,1
236,8,0.9657052059187203,0,1
236,9,0.3001321861380963,0,0
236,10,0.6785044331465627,0,1
236,11,0.04409396923630291,0,0
236,12,0.055046639117338175,0,0
236,13,0.008121666289846424,0,0
237,1,0.998687237408462,1,1
237,2,0.9218525230811616,1,1
237,3,0.9972036398156509,1,1
237,4,0.04168087848407183,0,0
237,5,0.014389271020480873,0,0
237,6,0.16539765172522236,0,0
237,7,0.050857577588783044,0,0
237,8,0.029681389881678188,0,0
237,9,0.008712067978121298,0,0
237,10,0.004939188863574923,0,0
237,11,0.001129348476551548,0,0
237,12,0.00574193655922339,0,0
237,13,0.004188414631073961,0,0
238,1,0.9984509121113924,1,1
238,2,0.9459492184834924,1,1
238,3,0.9467561769732961,1,1
238,4,0.9312325813125237,1,1
238,5,0.33258402101359313,1,0
238,6,0.6977622531514975,1,1
238,7,0.9999837034971161,1,1
238,8,0.9997363442675481,1,1
238,9,0.987508606966784,1,1
238,10,0.9992720577161739,1,1
238,11,0.9296350486794849,1,1
238,12,0.34858814545391154,1,0
238,13,0.7743828334250847,1,1
239,1,0.048548293813447066,0,0
239,2,0.012167863396409516,0,0
239,3,0.0021361617257189785,0,0
239,4,0.0008637709160543308,0,0
239,5,0.023155995489275265,0,0
239,6,0.0023615705664908945,0,0
239,7,0.15047364534145738,0,0
239,8,0.014802681798286975,0,0
239,9,0.012041766692399373,0,0
239,10,0.0021620941680664607,0,0
239,11,0.006016816447942306,0,0
239,12,0.031221253477365967,0,0
239,13,0.0900386118589176,0,0
240,1,0.0025972220188435163,0,0
240,2,0.006976300943884962,0,0
240,3,0.013863678960985787,0,0
240,4,0.04031549457828913,0,0
240,5,0.0021041659672450773,0,0
240,6,0.008051829885431417,0,0
240,7,0.012340417368351977,0,0
240,8,0.0009468818260107022,0,0
240,9,0.022638038694821477,0,0
240,10,0.0068559834089585575,0,0
240,11,0.0023758816421076386,0,0
240,12,0.026224655789167814,0,0
240,13,0.0009389563427980183,0,0
241,1,0.4753594019875047,0,0
241,2,0.2394521103109078,0,0
241,3,0.002692699215771072,0,0
241,4,0.015259648276219688,0,0
241,5,0.2767207910177673,0,0
241,6,0.24393378197042537,0,0
241,7,0.006057492276082533,0,0
241,8,0.018914507712418233,0,0
241,9,0.04157684599409561,0,0
241,10,0.0029582681746519747,0,0
241,11,0.005589674204147682,0,0
241,12,0.0005469703675514461,0,0
241,13,0.9576249898453959,1,1
242,1,0.2349448817347265,0,0
242,2,0.08479767427390685,0,0
242,3,0.005474061531866087,0,0
242,4,0.9998240171098917,1,1
242,5,0.07601542406036017,0,0
242,6,0.004923822179904408,0,0
242,7,0.8037070942331955,1,1
242,8,0.6887411632642381,1,1
242,9,0.46036869242750106,0,0
242,10,0.09458642674153779,0,0
242,11,0.01691536086428804,0,0
242,12,0.014688991379466602,0,0
242,13,0.0018753527402018157,0,0
243,1,0.01945758305942902,0,0
243,2,0.586737489192671,0,1
243,3,0.7059673918744022,0,1
243,4,0.5737354146821344,0,1
243,5,0.04820975384077462,0,0
243,6,0.007149352250685898,0,0
243,7,0.017346761998898688,0,0
243,8,0.004209012562208689,0,0
243,9,0.003018940866967605,0,0
243,10,0.009824675514712755,0,0
243,11,0.0036874774729709937,0,0
243,12,0.006024568985838333,0,0
243,13,0.005899818786903347,0,0
244,1,0.021647629141238876,0,0
244,2,0.007928999571086863,0,0
244,3,0.02787533620112763,0,0
244,4,0.08664955761072715,0,0
244,5,0.021923960219478178,0,0
244,6,0.5040542781718861,1,1
244,7,0.9573411983806206,1,1
244,8,0.9971449447886116,1,1
244,9,0.9337811817158024,1,1
244,10,0.27883918094646243,0,0
244,11,0.00477826187210502,0,0
244,12,0.0009091512370390754,0,0
244,13,0.0006621156127978326,0,0
245,1,0.5206590638457386,0,1
245,2,0.37092358629988365,0,0
245,3,0.005088671015863102,0,0
245,4,0.016827112029372673,0,0
245,5,0.005224405563446559,0,0
245,6,0.0007902587512996467,0,0
245,7,0.0026995556829656313,0,0
245,8,0.21144298551267915,0,0
245,9,0.00303843086349208,0,0
245,10,0.004279334452916199,0,0
245,11,0.04969563298842911,0,0
245,12,0.004109593287081019,0,0
245,13,0.007981506514934067,0,0
246,1,0.00608834999550512,0,0
246,2,0.013933209688925084,0,0
246,3,0.014698074278141578,0,0
246,4,0.001882195738163425,0,0
246,5,0.0019179873250507026,0,0
246,6,0.03165256680518222,0,0
246,7,0.06401577429955582,0,0
246,8,0.07653491269736142,0,0
246,9,0.02323156094020129,0,0
246,10,0.028739255409198854,0,0
246,11,0.053871123689691026,0,0
246,12,0.005835570023598114,0,0
246,13,0.016323060803089845,0,0
247,1,0.01792732618323428,0,0
247,2,0.0018099904276996652,0,0
247,3,0.0029580717710649663,0,0
247,4,0.0373843223942408,0,0
247,5,0.00145319731150683,0,0
247,6,0.07014934802034102,1,0
247,7,0.006763800654542475,0,0
247,8,0.005089904755150721,0,0
247,9,0.04764149812490495,0,0
247,10,0.003920295088459805,0,0
247,11,0.999265093671243,1,1
247,12,0.9999854563347778,1,1
247,13,0.9999907668924405,1,1
248,1,0.1028202694903549,0,0
248,2,0.004746704099864402,0,0
248,3,0.012582033409498785,0,0
248,4,0.0022917598327612154,0,0
248,5,0.0007065767847438772,0,0
248,6,0.03202215575303581,0,0
248,7,0.014420176504336569,0,0
248,8,0.024103205120785624,0,0
248,9,0.877471880597622,1,1
248,10,0.22305362647126256,0,0
248,11,0.03485535181244792,0,0
248,12,0.000439091723868908,0,0
248,13,0.006476556026736112,0,0
249,1,0.01727065068509602,0,0
249,2,0.0016553846480174459,0,0
249,3,0.007477642407364576,0,0
249,4,0.023314691824222047,0,0
249,5,0.0595965747849467,0,0
249,6,0.5526832264882271,0,1
249,7,0.029634981793022847,0,0
249,8,0.002119511157945686,0,0
249,9,0.0027935410535933763,0,0
249,10,0.0011528197474517012,0,0
249,11,0.0008456246782035868,0,0
249,12,0.018515812984031318,0,0
249,13,0.011474919458156378,0,0
250,1,0.9037291492471609,1,1
250,2,0.9739180977161842,1,1
250,3,0.9431028327699686,1,1
250,4,0.9992206840587561,1,1
250,5,0.516455612250783,0,1
250,6,0.056614454085346606,0,0
250,7,0.0024566930989378477,0,0
250,8,0.003138608797589154,0,0
250,9,0.000983496481436176,0,0
250,10,0.43255530391323743,0,0
250,11,0.16773043045801705,0,0
250,12,0.12017123495656303,0,0
250,13,0.010927789028064594,0,0
251,1,0.0896702302489909,0,0
251,2,0.003379434147705653,0,0
251,3,0.00525602877689865,0,0
251,4,0.08757406782986744,0,0
251,5,0.5423182423074637,0,1
251,6,0.023498955620679926,0,0
251,7,0.07188296901381261,0,0
251,8,0.00231418571872012,0,0
251,9,0.03685373566624867,0,0
251,10,0.1324890617683097,0,0
251,11,0.38659054891405115,0,0
251,12,0.042374310817366874,0,0
251,13,0.007000140863749324,0,0
252,1,0.034233280976334504,0,0
252,2,0.019397443363374567,0,0
252,3,0.016306504711487195,0,0
252,4,0.5381393758850089,0,1
252,5,0.06279936788058031,0,0
252,6,0.021651033664808764,0,0
252,7,0.005071722667119291,0,0
252,8,0.016163613114490903,0,0
252,9,0.0007719427960852117,0,0
252,10,0.03894935195141086,0,0
252,11,0.03480431252137255,0,0
252,12,0.0040542746090833194,0,0
252,13,0.005349117327867824,0,0
253,1,0.028797189585390577,0,0
253,2,0.006885812761456181,0,0
253,3,0.0017154730141891153,0,0
253,4,0.0023948269748738293,0,0
253,5,0.0032333702248686005,0,0
253,6,0.0018102383488456137,0,0
253,7,0.0030310507847872707,0,0
253,8,0.07596245880937412,0,0
253,9,0.012470081767632991,0,0
253,10,0.004730937185836228,0,0
253,11,0.004917963396184799,0,0
253,12,0.024392916869730618,0,0
253,13,0.46200484514415885,1,0
254,1,0.025748462738095328,0,0
254,2,0.008559384217736464,0,0
254,3,0.0029951142823030864,0,0
254,4,0.030622994836681953,0,0
254,5,0.005772098876703656,0,0
254,6,0.00921036186503705,0,0
254,7,0.0027989875408818148,0,0
254,8,0.0030223836391741333,0,0
254,9,0.0037077487949850572,0,0
254,10,0.009169229590597414,0,0
254,11,0.03708243063098934,0,0
254,12,0.003282514385542258,0,0
254,13,0.020390196888228834,0,0
255,1,0.013047782628171085,0,0
255,2,0.018687450358248554,0,0
255,3,0.03638678412606029,0,0
255,4,0.0009549308870140432,0,0
255,5,0.0004762126916074163,0,0
255,6,0.0038578749312510523,0,0
255,7,0.004605360286545854,0,0
255,8,0.004108825900123885,0,0
255,9,0.013194613491778126,0,0
255,10,0.005333322255298409,0,0
255,11,0.02122643513494957,0,0
255,12,0.007807999687806406,0,0
255,13,0.00047216718822602614,0,0
256,1,0.8285893302538644,1,1
256,2,0.9909556232738048,1,1
256,3,0.9847751451036619,1,1
256,4,0.9428117682225273,1,1
256,5,0.9979091789116116,1,1
256,6,0.8559137949447035,1,1
256,7,0.8286749703464907,1,1
256,8,0.9998411585795038,1,1
256,9,0.17593541758966874,0,0
256,10,0.009957959512514408,0,0
256,11,0.005210922215082496,0,0
256,12,0.0015541361855608944,0,0
256,13,0.006360574055332638,0,0
257,1,0.23259834208087582,0,0
257,2,0.019709767054251787,0,0
257,3,0.0029416500925962524,0,0
257,4,0.0013228572210178984,0,0
257,5,0.001297926575256904,0,0
257,6,0.015624531666207768,0,0
257,7,0.002544805754030621,0,0
257,8,0.003203260756285193,0,0
257,9,0.0042302634608665166,0,0
257,10,0.03491836316679807,0,0
257,11,0.0024736790788541354,0,0
257,12,0.00044484716484185393,0,0
257,13,0.0011268004092955665,0,0
258,1,0.9986215063822317,1,1
258,2,0.055834010298711906,0,0
258,3,0.015946377434494948,0,0
258,4,0.03210116120861331,0,0
258,5,0.0008901496596683366,0,0
258,6,0.007158485032660756,0,0
258,7,0.0029920444153803735,0,0
258,8,0.0007037601124201759,0,0
258,9,0.008989355608730036,0,0
258,10,0.0006927028822136187,0,0
258,11,0.005656469831893468,0,0
258,12,0.005165034697057725,0,0
258,13,0.019284155655073063,0,0
259,1,0.007845592717592552,0,0
259,2,0.013862407960067661,0,0
259,3,0.001828565744241232,0,0
259,4,0.0027254514238460956,0,0
259,5,0.00040264256383217093,0,0
259,6,0.0156809652935956,0,0
259,7,0.0020182434111016808,0,0
259,8,0.0034598098036634456,0,0
259,9,0.019860918492203405,0,0
259,10,0.04370616650516699,0,0
259,11,0.00399391041478672,0,0
259,12,0.008906710743027613,0,0
259,13,0.08841684040798228,0,0
260,1,0.009192234946932588,0,0
260,2,0.01967550393117603,0,0
260,3,0.01270980437532056,0,0
260,4,0.007548487515819762,0,0
260,5,0.0076106280721602694,0,0
260,6,0.05144707323595522,0,0
260,7,0.022486624175374097,0,0
260,8,0.013518807656279153,0,0
260,9,0.004537372418891629,0,0
260,10,0.5481083615653997,1,1
260,11,0.9861151818301575,1,1
260,12,0.9999142844517074,1,1
260,13,0.9967437622343852,1,1
261,1,0.022573310826727276,0,0
261,2,0.014614072243080057,0,0
261,3,0.0019730441583914915,0,0
261,4,0.0051171256024989415,0,0
261,5,0.9929604577466218,1,1
261,6,0.9918692360859238,1,1
261,7,0.9980068369097783,1,1
261,8,0.9220538460051197,1,1
261,9,0.37475729972696514,0,0
261,10,0.19172566715288025,0,0
261,11,0.04504443836894461,0,0
261,12,0.03514974991798246,0,0
261,13,0.0027858117010386386,0,0
262,1,0.9999978366266074,1,1
262,2,0.8617191239277857,1,1
262,3,0.9967775198473429,1,1
262,4,0.02472966907273334,0,0
262,5,0.004662915846241155,0,0
262,6,0.3747845204588391,0,0
262,7,0.16107465383011385,0,0
262,8,0.004730802922983814,0,0
262,9,0.10751868219270874,0,0
262,10,0.3309051494219457,0,0
262,11,0.016105851524912243,0,0
262,12,0.8664501498263042,1,1
262,13,0.9998979963653215,1,1
263,1,0.024988555224972477,0,0
263,2,0.0038953333909289103,0,0
263,3,0.005594018381833893,0,0
263,4,0.001644757949715357,0,0
263,5,0.0011731147843266274,0,0
263,6,0.000616769016051836,0,0
263,7,0.07574879144837172,0,0
263,8,0.061499976195668195,0,0
263,9,0.00739701911843748,0,0
263,10,0.002304160886797183,0,0
263,11,0.05377757013671791,0,0
263,12,0.006909925033941772,0,0
263,13,0.04097280103226601,0,0
264,1,0.05010297339633281,0,0
264,2,0.01705719295000011,0,0
264,3,0.010765930938264806,0,0
264,4,0.07183193338364495,0,0
264,5,0.020040400426731362,0,0
264,6,0.00644890696569601,0,0
264,7,0.012529390525426249,0,0
264,8,0.006629882318488133,0,0
264,9,0.0015501960094802913,0,0
264,10,0.005339579138223209,0,0
264,11,0.002267828000135805,0,0
264,12,0.006546503047475856,0,0
264,13,0.0011139491518326005,0,0
265,1,0.009416313626642817,0,0
265,2,0.005691236422726711,0,0
265,3,0.06248246443839599,0,0
265,4,0.05346797719123079,1,0
265,5,0.9953575207989382,1,1
265,6,0.9998647591379103,1,1
265,7,0.9983740171673979,1,1
265,8,0.14841177326645327,0,0
265,9,0.8602707324991836,0,1
265,10,0.06123932318460273,0,0
265,11,0.010060390081434997,0,0
265,12,0.002075714367225408,0,0
265,13,0.13746457371414447,0,0
266,1,0.037301479525630704,0,0
266,2,0.28081756513485445,1,0
266,3,0.6960405049873369,1,1
266,4,0.9999302741498501,1,1
266,5,0.9938364340747516,1,1
266,6,0.9999637302943778,1,1
266,7,0.3162628186060201,0,0
266,8,0.7049640966943804,0,1
266,9,0.21922169480734982,0,0
266,10,0.09722238930101708,0,0
266,11,0.04405119679200521,0,0
266,12,0.9999959220132623,1,1
266,13,0.9510885846922246,1,1
267,1,0.0039049937865867188,0,0
267,2,0.008418837337218217,0,0
267,3,0.0055232533583777395,0,0
267,4,0.017385177057784,0,0
267,5,0.006177903619294365,0,0
267,6,0.029267117935471654,0,0
267,7,0.014728377894953276,0,0
267,8,0.0012141196442100304,0,0
267,9,0.016740993556834335,0,0
267,10,0.013381738953656392,0,0
267,11,0.001001632364023654,0,0
267,12,0.005321234557367705,0,0
267,13,0.0029164664349090575,0,0
268,1,0.2443760797416089,1,0
268,2,0.9835261339674591,1,1
268,3,0.9987850122759854,1,1
268,4,0.9720452642819641,1,1
268,5,0.04436266389239469,0,0
268,6,0.002166378221993437,0,0
268,7,0.03165646986837678,0,0
268,8,0.07549694573298503,0,0
268,9,0.006635066665487341,0,0
268,10,0.024295938032620076,0,0
268,11,0.02819779134669471,0,0
268,12,0.005569442791177761,0,0
268,13,0.0020280185900862367,0,0
269,1,0.09678065272385562,0,0
269,2,0.02229658057393955,0,0
269,3,0.11814312875306698,0,0
269,4,0.17372541869212052,0,0
269,5,0.04531539670801782,0,0
269,6,0.011773720431653747,0,0
269,7,0.010160809552649433,0,0
269,8,0.01462210208009994,0,0
269,9,0.004922275980894134,0,0
269,10,0.014088178220872508,0,0
269,11,0.004099859706447185,0,0
269,12,0.03482366391401847,0,0
269,13,0.9917255335062476,1,1
270,1,0.10065810490861019,0,0
270,2,0.02539208155549075,0,0
270,3,0.10919578738606696,0,0
270,4,0.02686998976141855,0,0
270,5,0.0006921216558071649,0,0
270,6,0.025829448543584363,0,0
270,7,0.01342374561165971,0,0
270,8,0.5165836962411289,0,1
270,9,0.016385944062253608,0,0
270,10,0.0004968647517473536,0,0
270,11,0.0031017622433738663,0,0
270,12,0.011735837854026033,0,0
270,13,0.008947316087302159,0,0
271,1,0.030071154192266504,0,0
271,2,0.005019727537400968,0,0
271,3,0.0020972757283805998,0,0
271,4,0.01353155989095772,0,0
271,5,0.05417016780388179,0,0
271,6,0.04385307235902018,0,0
271,7,0.05118645006548289,0,0
271,8,0.008413825081179115,0,0
271,9,0.0028590761183495987,0,0
271,10,0.0011824680498277644,0,0
271,11,0.015267473634192782,0,0
271,12,0.0029876872124324897,0,0
271,13,0.0013904607707152647,0,0
272,1,0.16113787022723292,1,0
272,2,0.6970489516523866,0,1
272,3,0.019081107013908968,0,0
272,4,0.03182603895716762,0,0
272,5,0.0013499206152313775,0,0
272,6,0.001838613768937637,0,0
272,7,0.06615038019232268,0,0
272,8,0.014182985584944689,0,0
272,9,0.037202972487819064,0,0
272,10,0.0036563664172760877,0,0
272,11,0.013161176913004679,0,0
272,12,0.0022037886066014326,0,0
272,13,0.002956000493595478,0,0
273,1,0.004978378442174004,0,0
273,2,0.0064729690522273954,0,0
273,3,0.001044170723322358,0,0
273,4,0.003076072542589397,0,0
273,5,0.006592282783021804,0,0
273,6,0.024312036180554022,0,0
273,7,0.0030947591468896375,0,0
273,8,0.0011367778104555302,0,0
273,9,0.0012454293630485603,0,0
273,10,0.0027138447390787634,0,0
273,11,0.008491025459584427,0,0
273,12,0.009694567111902357,0,0
273,13,0.016371302937776944,0,0
274,1,0.004953430053631421,0,0
274,2,0.0027520497753080824,0,0
274,3,0.14426306052646304,0,0
274,4,0.029903161205161857,0,0
274,5,0.0028790409969600534,0,0
274,6,0.006281943340201309,0,0
274,7,0.002128445111143088,0,0
274,8,0.0063615684595310015,0,0
274,9,0.0011079011544283006,0,0
274,10,0.0015183493546843474,0,0
274,11,0.9976240472781672,1,1
274,12,0.18075925529198789,0,0
274,13,0.003106183223759036,0,0
275,1,0.7215888344104031,1,1
275,2,0.9998887152277575,1,1
275,3,0.9189991476819727,1,1
275,4,0.993660628324325,1,1
275,5,0.8275737959955625,1,1
275,6,0.9534111025318803,1,1
275,7,0.627379618121444,0,1
275,8,0.0680415623592488,0,0
275,9,0.006488899491407423,0,0
275,10,0.012463662212040642,0,0
275,11,0.004726863219226403,0,0
275,12,0.0017348289908228904,0,0
275,13,0.0011947507243539929,0,0
276,1,0.5741102632427976,0,1
276,2,0.08636968915750409,0,0
276,3,0.005438277236148505,0,0
276,4,0.004884579954497247,0,0
276,5,0.010656733903262218,0,0
276,6,0.001227194345326985,0,0
276,7,0.010158415934442418,0,0
276,8,0.0018119922343522055,0,0
276,9,0.0007715101706511717,0,0
276,10,0.02320234443109759,0,0
276,11,0.0020730362990727955,0,0
276,12,0.0066001389848186435,0,0
276,13,0.05399671723060017,0,0
277,1,0.23628590511108505,0,0
277,2,0.02676415665258997,0,0
277,3,0.001982939438981563,0,0
277,4,0.0057175957422832295,0,0
277,5,0.003052524809553513,0,0
277,6,0.11284630191236886,0,0
277,7,0.05830478495300982,0,0
277,8,0.07119146361118008,0,0
277,9,0.4185524560244014,0,0
277,10,0.024098262445375003,0,0
277,11,0.21775596015624366,1,0
277,12,0.9992399496477177,1,1
277,13,0.9095549026370439,0,1
278,1,0.05110352129070545,0,0
278,2,0.0017815610694124474,0,0
278,3,0.004655412757536261,0,0
278,4,0.20503342861649,0,0
278,5,0.017914972756213277,0,0
278,6,0.003413380058879535,0,0
278,7,0.009998330637842187,0,0
278,8,0.030853445557909677,0,0
278,9,0.006262705363978895,0,0
278,10,0.026659767697236752,0,0
278,11,0.0030654753329834488,0,0
278,12,0.0017516983029036615,0,0
278,13,0.2563921092856218,0,0
279,1,0.7139253353440038,0,1
279,2,0.42357384352157257,0,0
279,3,0.12267048128843472,0,0
279,4,0.2968866425481179,0,0
279,5,0.009026626575292759,0,0
279,6,0.006296626746578746,0,0
279,7,0.013834966956788016,0,0
279,8,0.00204838330078575,0,0
279,9,0.0033117899802219764,0,0
279,10,0.005159336990972378,0,0
279,11,0.024265495601616154,0,0
279,12,0.0013999034158373744,0,0
279,13,0.001310275780312759,0,0
280,1,0.017209813824880314,0,0
280,2,0.001367476805270506,0,0
280,3,0.014849334264225068,0,0
280,4,0.008018969771551341,0,0
280,5,0.008677004494665831,0,0
280,6,0.9996062698630436,1,1
280,7,0.8923118211976627,1,1
280,8,0.5619175565885535,1,1
280,9,0.9999481230692455,1,1
280,10,0.868799736557745,1,1
280,11,0.9839332458791766,1,1
280,12,0.10298985132814262,0,0
280,13,0.004357207635088844,0,0
281,1,0.15968103218970575,0,0
281,2,0.0032037210050790336,0,0
281,3,0.0028501585346759565,0,0
281,4,0.017840745829292185,0,0
281,5,0.0014139662473908762,0,0
281,6,0.048435664958846734,0,0
281,7,0.05528117476836702,0,0
281,8,0.020633497877469036,0,0
281,9,0.0021879388630706887,0,0
281,10,0.010994486371250852,0,0
281,11,0.024964151644800994,0,0
281,12,0.013609964761940473,0,0
281,13,0.04305467271411178,1,0
282,1,0.045728419342578604,0,0
282,2,0.00395237015005212,0,0
282,3,0.005239074943806748,0,0
282,4,0.020383298597684212,0,0
282,5,0.021938343341259475,0,0
282,6,0.17210905852660982,0,0
282,7,0.018135931076414286,0,0
282,8,0.0026580653000962337,0,0
282,9,0.011299529245874481,0,0
282,10,0.0017889870066170913,0,0
282,11,0.8951178578720722,1,1
282,12,0.058739504278555794,0,0
282,13,0.002104431916775488,0,0
283,1,0.2866629609462282,0,0
283,2,0.30789699342903004,0,0
283,3,0.06433778832065573,0,0
283,4,0.9389072205959839,1,1
283,5,0.9439778710139572,1,1
283,6,0.9724270897516303,1,1
283,7,0.9999655991413805,1,1
283,8,0.9993728494122951,1,1
283,9,0.3152602153041197,1,0
283,10,0.9905494380399622,1,1
283,11,0.8908581842189414,1,1
283,12,0.9999999973765004,1,1
283,13,0.9995011660483166,1,1
284,1,0.0057912372595606745,0,0
284,2,0.05056470784938078,0,0
284,3,0.02243489886609493,0,0
284,4,0.004060911897816508,0,0
284,5,0.0005507959928080783,0,0
284,6,0.0030316320025842686,0,0
284,7,0.0015610084022048692,0,0
284,8,0.010077217625211627,0,0
284,9,0.023379803063185788,0,0
284,10,0.0022240650085884575,0,0
284,11,0.012134597924292376,0,0
284,12,0.0021793583586400375,0,0
284,13,0.003500734479097845,0,0
285,1,0.0019826276869486514,0,0
285,2,0.001577065055040752,0,0
285,3,0.021413755096692553,0,0
285,4,0.08075582701405071,0,0
285,5,0.01041527226300459,0,0
285,6,0.0044483519005990655,0,0
285,7,0.0011454400921848081,0,0
285,8,0.0015331507875187486,0,0
285,9,0.0003785612386846431,0,0
285,10,0.14520599062730816,0,0
285,11,0.004421997500168208,0,0
285,12,0.002195759711097404,0,0
285,13,0.013657848297075021,0,0
286,1,0.9956666993053167,1,1
286,2,0.9881288355133312,1,1
286,3,0.9997146873104007,1,1
286,4,0.9818045072823255,1,1
286,5,0.9980895956492604,1,1
286,6,0.15461949358119723,0,0
286,7,0.9449117309491889,1,1
286,8,0.9999031551713972,1,1
286,9,0.999996519462644,1,1
286,10,0.36638333075867463,1,0
286,11,0.6637636119503278,1,1
286,12,0.9993981946665288,1,1
286,13,0.9448781577769141,1,1
287,1,0.013224046343557517,0,0
287,2,0.0017381848708728504,0,0
287,3,0.0037118569109248836,0,0
287,4,0.009381756966525705,0,0
287,5,0.029200791634813403,0,0
287,6,0.1218110885494241,0,0
287,7,0.017957529822353564,0,0
287,8,0.019073085060672627,0,0
287,9,0.0034297296560009153,0,0
287,10,0.0010859230367932715,0,0
287,11,0.022119806969134386,0,0
287,12,0.9121002736784634,1,1
287,13,0.999992685914234,1,1
288,1,0.013634434308470661,0,0
288,2,0.004483814941145357,0,0
288,3,0.0014114763786628526,0,0
288,4,0.005366986478428693,0,0
288,5,0.006412509248089769,0,0
288,6,0.984916724746255,1,1
288,7,0.9997743410717356,1,1
288,8,0.994572831121746,1,1
288,9,0.988035315438186,1,1
288,10,0.9999066042195326,1,1
288,11,0.4802171570173487,0,0
288,12,0.008312185254775183,0,0
288,13,0.001300151165591241,0,0
289,1,0.03956063297351858,0,0
289,2,0.16170795022424292,0,0
289,3,0.005085974684489839,0,0
289,4,0.2988360755641048,0,0
289,5,0.16390730744960813,0,0
289,6,0.006369162299657377,0,0
289,7,0.0015918047767288805,0,0
289,8,0.08866536484095727,0,0
289,9,0.4169647713906337,0,0
289,10,0.14819848739431293,0,0
289,11,0.01369372126368252,0,0
289,12,0.006238188676038573,0,0
289,13,0.0006175678041348284,0,0
290,1,0.9956546635373482,1,1
290,2,0.16275507571494394,0,0
290,3,0.0052680834761040666,0,0
290,4,0.002547734853843512,0,0
290,5,0.017911346602142067,0,0
290,6,0.0032380687342282153,0,0
290,7,0.0251481158717755,0,0
290,8,0.007491801523127107,0,0
290,9,0.04353098223127033,0,0
290,10,0.0007145876336251783,0,0
290,11,0.003702389706572569,0,0
290,12,0.04277276958084935,0,0
290,13,0.00527985238376769,0,0
291,1,0.007392924469910926,0,0
291,2,0.7558250767025947,1,1
291,3,0.7847043808366478,1,1
291,4,0.9984253079972208,1,1
291,5,0.39155105033969256,0,0
291,6,0.03620996337946739,0,0
291,7,0.008964632468303497,0,0
291,8,0.2841546523810314,0,0
291,9,0.13199855822717038,0,0
291,10,0.6789614563176251,0,1
291,11,0.9961669117196301,1,1
291,12,0.996343794168346,1,1
291,13,0.9992705113990866,1,1
292,1,0.06926928531646337,0,0
292,2,0.011237529452614596,0,0
292,3,0.000466112798141291,0,0
292,4,0.003637378299209484,0,0
292,5,0.0021928383999359155,0,0
292,6,0.0014722735695316914,0,0
292,7,0.04230061317676892,0,0
292,8,0.0063712568755305695,0,0
292,9,0.004399755620459889,0,0
292,10,0.0013380996024714763,0,0
292,11,0.005814364464574325,0,0
292,12,0.01660196083169072,0,0
292,13,0.05821913833590698,0,0
293,1,0.2933493869804168,0,0
293,2,0.31510173863009966,0,0
293,3,0.1078157420392742,0,0
293,4,0.008465927234911533,0,0
293,5,0.002139256000332006,0,0
293,6,0.1538870216372107,0,0
293,7,0.024698804814592152,0,0
293,8,0.0012289627765579801,0,0
293,9,0.00519617330394241,0,0
293,10,0.0006044090518490969,0,0
293,11,0.008838661946533773,0,0
293,12,0.0023192811688332064,0,0
293,13,0.0015176856233715306,0,0
294,1,0.006182064524297793,0,0
294,2,0.0062326262587885295,0,0
294,3,0.0055680184149141995,0,0
294,4,0.00865586030549592,0,0
294,5,0.015608781166721,0,0
294,6,0.0019498285026853992,0,0
294,7,0.011632374190430799,0,0
294,8,0.0014860872833359696,0,0
294,9,0.008925230861224433,0,0
294,10,0.007475522946751469,0,0
294,11,0.00854113047213254,0,0
294,12,0.0023820228417350117,0,0
294,13,0.0019082835021565349,0,0
295,1,0.010555742094154604,0,0
295,2,0.0031825410618930385,0,0
295,3,0.0016638385180436012,0,0
295,4,0.0046281152766447665,0,0
295,5,0.004228837040863347,0,0
295,6,0.005923798983843585,0,0
295,7,0.04733314955334142,0,0
295,8,0.00869327868395763,0,0
295,9,0.009791136151667618,0,0
295,10,0.00174099657128538,0,0
295,11,0.005110406744323429,0,0
295,12,0.041635015131746674,0,0
295,13,0.003828263078170428,0,0
296,1,0.4410242432197615,0,0
296,2,0.03404104193309188,0,0
296,3,0.0018179398423503349,0,0
296,4,0.0023972277194610485,0,0
296,5,0.005137353960619995,0,0
296,6,0.0034983612623371804,0,0
296,7,0.03587751914031474,0,0
296,8,0.011982313209379184,0,0
296,9,0.035865496951275,0,0
296,10,0.1420059617475574,0,0
296,11,0.013334425470109487,0,0
296,12,0.01074662890482711,0,0
296,13,0.011747197705226703,0,0
297,1,0.011747759580894619,0,0
297,2,0.00416287847787111,0,0
297,3,0.2201953145474549,1,0
297,4,0.9373170952646757,1,1
297,5,0.9985443292953645,1,1
297,6,0.8128223395096629,0,1
297,7,0.29263014472474264,0,0
297,8,0.06833397782191096,0,0
297,9,0.036820750155234186,0,0
297,10,0.00493649870077889,0,0
297,11,0.0016457286434399896,0,0
297,12,0.006156383417318995,0,0
297,13,0.09399227902888965,0,0
298,1,0.07827136184875773,0,0
298,2,0.002776413181021676,0,0
298,3,0.03314013114315107,0,0
298,4,0.015617180943793864,0,0
298,5,0.001223411232088699,0,0
298,6,0.9998241088126771,1,1
298,7,0.9433806847655166,1,1
298,8,0.8889107835741306,1,1
298,9,0.9988838281601073,1,1
298,10,0.8265788856474583,1,1
298,11,0.9081083636387324,1,1
298,12,0.9956398313625958,1,1
298,13,0.9983629321404134,1,1
299,1,0.9966189328957809,1,1
299,2,0.9751402318159995,1,1
299,3,0.8446423256869116,1,1
299,4,0.999928935507996,1,1
299,5,0.9776594099610647,1,1
299,6,0.9999706194143743,1,1
299,7,0.8888541548696892,0,1
299,8,0.020007903675881608,0,0
299,9,0.0025353895252665905,0,0
299,10,0.9910391390495108,1,1
299,11,0.9764104547409838,1,1
299,12,0.9916655011554273,1,1
299,13,0.09574266137571334,0,0
300,1,0.009882971796230348,0,0
300,2,0.001044896046222141,0,0
300,3,0.027039716812019766,0,0
300,4,0.006338595221554144,0,0
300,5,0.0049784723617023975,0,0
300,6,0.023850449063195042,0,0
300,7,0.011665481488135773,0,0
300,8,0.0007251243217962137,0,0
300,9,0.27700552009453255,0,0
300,10,0.014718362879503217,0,0
300,11,0.012996268927034841,0,0
300,12,0.0009960805807145985,0,0
300,13,0.0015048349245828368,0,0
301,1,0.9637630605147303,1,1
301,2,0.9999389379887961,1,1
301,3,0.9893978615488476,1,1
301,4,0.9950520647292372,1,1
301,5,0.663919216769999,0,1
301,6,0.04707118390043792,0,0
301,7,0.0075324792436394315,0,0
301,8,0.009305606595392719,0,0
301,9,0.01235284267838383,0,0
301,10,0.008225382430276883,0,0
301,11,0.9649513915227582,1,1
301,12,0.9998978902179679,1,1
301,13,0.49393174903059345,0,0
302,1,0.39138350230843166,0,0
302,2,0.09129113932231515,0,0
302,3,0.008692835340012459,0,0
302,4,0.006382167896974084,0,0
302,5,0.008073910121527384,0,0
302,6,0.08615540759453853,1,0
302,7,0.9260635434953735,1,1
302,8,0.9617925567457762,1,1
302,9,0.9998944528115659,1,1
302,10,0.9985138479282073,1,1
302,11,0.9830147525867933,1,1
302,12,0.9910635586519669,1,1
302,13,0.8651204177470239,0,1
303,1,0.04313805792791786,0,0
303,2,0.09798670504300341,0,0
303,3,0.004426865584666575,0,0
303,4,0.41643028111660213,0,0
303,5,0.6890313716400726,0,1
303,6,0.015976781532064645,0,0
303,7,0.012646138732107143,1,0
303,8,0.00347284695112221,0,0
303,9,0.0026165845237231117,0,0
303,10,0.05002606886644332,0,0
303,11,0.04109426826885578,0,0
303,12,0.0041299734696136296,0,0
303,13,0.047996956294572526,0,0
304,1,0.8716642149931653,1,1
304,2,0.9999991778140118,1,1
304,3,0.4205718951640873,1,0
304,4,0.9478285151387482,1,1
304,5,0.9999972840718763,1,1
304,6,0.894589527290165,1,1
304,7,0.8400268545195606,0,1
304,8,0.9097134695237061,0,1
304,9,0.5662485335964796,0,1
304,10,0.40357442159503026,0,0
304,11,0.3255612004139909,0,0
304,12,0.8771809729431751,1,1
304,13,0.9787548136811812,1,1
305,1,0.16724172837569526,0,0
305,2,0.08946345694121773,0,0
305,3,0.01420652690282963,0,0
305,4,0.0015887748642506806,0,0
305,5,0.003963674143874643,0,0
305,6,0.002333276222320514,0,0
305,7,0.0011347426659727457,0,0
305,8,0.014533927233589324,0,0
305,9,0.0016731432444430613,1,0
305,10,0.32876126596439353,1,0
305,11,0.4084562917028738,1,0
305,12,0.9999761135254962,1,1
305,13,0.5126005526814823,0,1
306,1,0.18344080742326602,0,0
306,2,0.7580607828861881,0,1
306,3,0.17721504515995867,0,0
306,4,0.16212142338260566,0,0
306,5,0.20004013267978302,0,0
306,6,0.005223029356373034,0,0
306,7,0.00986898686942663,0,0
306,8,0.0013934607673468124,0,0
306,9,0.00294161389913383,0,0
306,10,0.18719944606982677,0,0
306,11,0.011757145182739133,0,0
306,12,0.03699556147487974,0,0
306,13,0.00128934666780017,0,0
307,1,0.995612540301465,1,1
307,2,0.9982521692863078,1,1
307,3,0.9955416078505649,1,1
307,4,0.9098419666984774,1,1
307,5,0.9632745512054544,1,1
307,6,0.9329271570637654,1,1
307,7,0.9999142716140413,1,1
307,8,0.9702825907375732,1,1
307,9,0.130968248324125,0,0
307,10,0.0032166509228318914,0,0
307,11,0.37901281073790805,1,0
307,12,0.943794435520492,1,1
307,13,0.9995570397275666,1,1
308,1,0.005800550720126877,0,0
308,2,0.000430801474434,0,0
308,3,0.013372529423454621,0,0
308,4,0.10086909516903617,0,0
308,5,0.020443515647237516,0,0
308,6,0.002496025121779789,0,0
308,7,0.00570664980747349,0,0
308,8,0.011239790935707464,1,0
308,9,0.004493740116515307,0,0
308,10,0.0968412519308613,1,0
308,11,0.9502451119139637,1,1
308,12,0.9999461342510351,1,1
308,13,0.42251691238186345,0,0
309,1,0.016594081723663022,0,0
309,2,0.00127944847692669,0,0
309,3,0.0012024772148901798,0,0
309,4,0.6644431367377137,1,1
309,5,0.9338393327200357,1,1
309,6,0.9997316412145221,1,1
309,7,0.9139139265096005,1,1
309,8,0.9993178961060013,1,1
309,9,0.9999655965070535,1,1
309,10,0.9898492820527488,1,1
309,11,0.9988144166141651,1,1
309,12,0.9998666075334147,1,1
309,13,0.9953525502046223,1,1
310,1,0.6092444971123523,0,1
310,2,0.27748719010057654,0,0
310,3,0.00546909924409569,0,0
310,4,0.007737177018440093,0,0
310,5,0.007279291429910111,0,0
310,6,0.0018940453692716018,0,0
310,7,0.020991267742328477,0,0
310,8,0.0203099188750435,0,0
310,9,0.0839092927963174,0,0
310,10,0.03850941847403688,0,0
310,11,0.001016327121142694,0,0
310,12,0.003405844960946771,0,0
310,13,0.003950208314814618,0,0
311,1,0.9973022518177276,1,1
311,2,0.2886116614406127,0,0
311,3,0.04672842528989966,0,0
311,4,0.02185940706816189,0,0
311,5,0.004376058462259072,0,0
311,6,0.5678801364214638,1,1
311,7,0.9896631411411194,1,1
311,8,0.9957744289979272,1,1
311,9,0.9983247314205264,1,1
311,10,0.9971676838454682,1,1
311,11,0.9979633023995632,1,1
311,12,0.937015105314214,1,1
311,13,0.027280406957097138,0,0
312,1,0.047749080108508715,0,0
312,2,0.011027187042263109,0,0
312,3,0.48834969773470793,0,0
312,4,0.3704682829719274,0,0
312,5,0.656516761035505,0,1
312,6,0.25540280290106004,0,0
312,7,0.8219749877473453,1,1
312,8,0.9661380065244669,1,1
312,9,0.9956655730291761,1,1
312,10,0.9446529619518579,1,1
312,11,0.9955888205686397,1,1
312,12,0.9996050266500596,1,1
312,13,0.23140543250600706,0,0
313,1,0.34063852633796904,0,0
313,2,0.19618103288981711,1,0
313,3,0.9651357212620671,1,1
313,4,0.9995578276087614,1,1
313,5,0.872451565991338,1,1
313,6,0.9994735036099078,1,1
313,7,0.4490482800590773,1,0
313,8,0.9943052535368755,1,1
313,9,0.8291645425721075,1,1
313,10,0.9844058933910693,1,1
313,11,0.754835097135741,1,1
313,12,0.21340539332575492,1,0
313,13,0.08955724710454964,0,0
314,1,0.0396784317377856,0,0
314,2,0.03802884761151464,0,0
314,3,0.003984163450179506,0,0
314,4,0.0019049696431364608,0,0
314,5,0.0009999943178508276,0,0
314,6,0.0006468461867407917,0,0
314,7,0.014408720166250055,0,0
314,8,0.033574647725080155,0,0
314,9,0.028770280207623854,1,0
314,10,0.9718754216513662,1,1
314,11,0.896042433968062,1,1
314,12,0.26708644991651775,0,0
314,13,0.23899027750241938,1,0
315,1,0.03579270062305966,0,0
315,2,0.0016275603379265204,0,0
315,3,0.019887516863342027,0,0
315,4,0.4750513558102901,0,0
315,5,0.09418390457073841,0,0
315,6,0.008455213567516995,0,0
315,7,0.036987463662332715,0,0
315,8,0.02449475201286572,0,0
315,9,0.00909203432770154,0,0
315,10,0.03328741240079396,0,0
315,11,0.001610083962100392,0,0
315,12,0.0010876116191645426,0,0
315,13,0.00044287308689567294,0,0
316,1,0.0388047953278568,0,0
316,2,0.5854439807934624,1,1
316,3,0.6824859824083743,1,1
316,4,0.18079024693556456,0,0
316,5,0.01055744814922732,0,0
316,6,0.027854372909970487,0,0
316,7,0.0597261460265687,0,0
316,8,0.004649543251667347,0,0
316,9,0.0018460588107155652,0,0
316,10,0.005033171952001208,0,0
316,11,0.007190276148277281,0,0
316,12,0.046604339653057165,0,0
316,13,0.007553859479532538,0,0
317,1,0.009204231186216149,0,0
317,2,0.05285982971326056,0,0
317,3,0.0037686276956774268,0,0
317,4,0.18121277130067076,1,0
317,5,0.014397455995447015,0,0
317,6,0.9914187106173677,1,1
317,7,0.9953216428294276,1,1
317,8,0.584376767198703,1,1
317,9,0.17555217707687756,1,0
317,10,0.9244184642391426,1,1
317,11,0.9717019463430349,1,1
317,12,0.49670218444243286,1,0
317,13,0.8269008024088095,1,1
318,1,0.0034129870792411372,0,0
318,2,0.0004948742441649213,0,0
318,3,0.00825247873101481,0,0
318,4,0.05771879508344077,0,0
318,5,0.01851943383713283,0,0
318,6,0.03298768851259139,0,0
318,7,0.001537275155035801,0,0
318,8,0.03291538979757223,0,0
318,9,0.015226978569204559,0,0
318,10,0.0021215519305500244,0,0
318,11,0.0005991202690814834,0,0
318,12,0.044595839368240804,0,0
318,13,0.0010020736681113297,0,0
319,1,0.012845927653421898,0,0
319,2,0.007966145839867506,0,0
319,3,0.03769311739233954,1,0
319,4,0.12039179108097194,1,0
319,5,0.03844070289044159,0,0
319,6,0.004244966947217498,0,0
319,7,0.0011048536029925728,0,0
319,8,0.02274937390103127,0,0
319,9,0.012850301240892656,0,0
319,10,0.001562074570993364,0,0
319,11,0.03314302635421314,0,0
319,12,0.00196126230595292,0,0
319,13,0.0010303937984587933,0,0
320,1,0.019626726350254024,0,0
320,2,0.14622988811024837,0,0
320,3,0.9994981896428828,1,1
320,4,0.9999999983984447,1,1
320,5,0.9782057668401338,1,1
320,6,0.9157031420736106,1,1
320,7,0.9936909398662154,1,1
320,8,0.9995080594171039,1,1
320,9,0.9973375818508121,1,1
320,10,0.41442039919292367,0,0
320,11,0.2749344264394959,0,0
320,12,0.41736490249690433,0,0
320,13,0.3936921434559283,0,0
321,1,0.4865730957602624,1,0
321,2,0.5123074685265018,1,1
321,3,0.9936527446097129,1,1
321,4,0.3185225504299801,1,0
321,5,0.9767207141429312,1,1
321,6,0.957004351684076,1,1
321,7,0.2827767115624625,0,0
321,8,0.0844532255656478,0,0
321,9,0.021810941736729778,0,0
321,10,0.012776197584758748,0,0
321,11,0.03350967516424352,0,0
321,12,0.02116851116930775,0,0
321,13,0.0022607890622824765,0,0
322,1,0.8979670210303928,1,1
322,2,0.9768078791541542,1,1
322,3,0.996496952509629,1,1
322,4,0.99999820723209,1,1
322,5,0.5529705478994538,1,1
322,6,0.09478050903033117,0,0
322,7,0.968451069458149,1,1
322,8,0.8565227007648323,1,1
322,9,0.9995816937744351,1,1
322,10,0.44725227899758513,1,0
322,11,0.2662467710966799,1,0
322,12,0.2886886358009116,1,0
322,13,0.999985211051124,1,1
323,1,0.015529387866837295,0,0
323,2,0.0008412424577496336,0,0
323,3,0.0028517314281593788,0,0
323,4,0.0031559278739994273,0,0
323,5,0.0012870221894378051,0,0
323,6,0.3691378219609852,1,0
323,7,0.41402355870294044,1,0
323,8,0.986513964353524,1,1
323,9,0.9991875033428192,1,1
323,10,0.9958409795976516,1,1
323,11,0.9999865145734942,1,1
323,12,0.7650951498537663,1,1
323,13,0.13044533166106512,0,0
324,1,0.027107111887181554,0,0
324,2,0.018747885919631405,0,0
324,3,0.02904489720416562,0,0
324,4,0.03286844357911817,0,0
324,5,0.016659493984817787,0,0
324,6,0.3832010870597464,0,0
324,7,0.02654971013246155,0,0
324,8,0.04135354642100402,0,0
324,9,0.006952263917008686,0,0
324,10,0.2976658981442007,1,0
324,11,0.8718163696906968,1,1
324,12,0.06260392775980048,0,0
324,13,0.0056588374522960755,0,0
325,1,0.21587640439829298,0,0
325,2,0.10039695604804173,0,0
325,3,0.06348792296987116,0,0
325,4,0.008522208609792692,0,0
325,5,0.0015592591915941764,0,0
325,6,0.2233400526366657,1,0
325,7,0.821161770162694,1,1
325,8,0.0656541644738034,1,0
325,9,0.004901553062765428,0,0
325,10,0.0015781687790318024,0,0
325,11,0.049680785150090105,0,0
325,12,0.006789894470812379,0,0
325,13,0.009559182096978534,0,0
326,1,0.06210547118576375,0,0
326,2,0.002405672228760313,0,0
326,3,0.0006872519237778297,0,0
326,4,0.0363935424262565,0,0
326,5,0.024635766390900673,0,0
326,6,0.0009406017522034556,0,0
326,7,0.0241044234820569,0,0
326,8,0.030096496452463973,0,0
326,9,0.06988274512080489,0,0
326,10,0.04782102051826083,0,0
326,11,0.006588957334431956,1,0
326,12,0.0004005756375306106,0,0
326,13,0.005379020305047413,0,0
327,1,0.10267352067893089,0,0
327,2,0.01585065381828301,0,0
327,3,0.0013538406770455755,0,0
327,4,0.0008472377405743949,0,0
327,5,0.0017603720546306354,0,0
327,6,0.000685224555746712,0,0
327,7,0.10232436360346783,0,0
327,8,0.003023580220107872,0,0
327,9,0.002311733821164266,0,0
327,10,0.0018537693669802915,0,0
327,11,0.0015335638956908316,0,0
327,12,0.031298463077903786,0,0
327,13,0.0009834063480887994,0,0
328,1,0.5038649124140848,1,1
328,2,0.9983450498924666,1,1
328,3,0.9416010554110927,1,1
328,4,0.17229420891525388,1,0
328,5,0.9833231234470249,1,1
328,6,0.9998966625686109,1,1
328,7,0.9346833634192011,1,1
328,8,0.9673944383411098,1,1
328,9,0.8790093858495669,1,1
328,10,0.9961642991365653,1,1
328,11,0.8159372228824544,1,1
328,12,0.9948941167984562,1,1
328,13,0.9996499049035578,1,1
329,1,0.02378492001683974,0,0
329,2,0.13304540009242832,0,0
329,3,0.0045237711197024695,0,0
329,4,0.005800843832702526,0,0
329,5,0.003965300951484827,0,0
329,6,0.022292046768383183,0,0
329,7,0.0038381601250941397,0,0
329,8,0.6941013295491321,1,1
329,9,0.9999681181293829,1,1
329,10,0.9998727023435078,1,1
329,11,0.9995920331959722,1,1
329,12,0.7119913176923188,1,1
329,13,0.94955601085013,1,1
330,1,0.21743453307287386,0,0
330,2,0.011010106033012876,0,0
330,3,0.012573665514478574,0,0
330,4,0.031270321620654074,0,0
330,5,0.28749925584365865,1,0
330,6,0.8341104869439828,1,1
330,7,0.14986396860633475,0,0
330,8,0.07866712891324305,0,0
330,9,0.002915234299772188,0,0
330,10,0.005675009295165637,0,0
330,11,0.0060854767420686065,0,0
330,12,0.029104197307380165,0,0
330,13,0.02094712201552155,0,0
331,1,0.008529361401325309,0,0
331,2,0.013783623347597865,0,0
331,3,0.001989497706041961,0,0
331,4,0.10541393402237285,0,0
331,5,0.005650798234022543,0,0
331,6,0.1851701068248624,0,0
331,7,0.0239140771026113,0,0
331,8,0.07447404630765704,0,0
331,9,0.007951597111888262,0,0
331,10,0.011921944881823458,0,0
331,11,0.0037986364643765634,0,0
331,12,0.007517644294565754,0,0
331,13,0.002861192034636335,0,0
332,1,0.03408650604794501,0,0
332,2,0.002884905967996923,0,0
332,3,0.004704807432277647,0,0
332,4,0.003121412909294253,0,0
332,5,0.12038990100484939,0,0
332,6,0.0043753285453593735,0,0
332,7,0.00200905412743059,0,0
332,8,0.001471568693458156,0,0
332,9,0.000563277464291988,0,0
332,10,0.0023105906267982135,0,0
332,11,0.00829264344986165,0,0
332,12,0.0019011278493185103,0,0
332,13,0.00039294495269878124,0,0
333,1,0.07532441272751145,0,0
333,2,0.0075973921845643175,0,0
333,3,0.022234555621368484,0,0
333,4,0.00385571357280835,0,0
333,5,0.004317199482651604,0,0
333,6,0.0010576248774936683,0,0
333,7,0.000875969216957483,0,0
333,8,0.3266759709417201,0,0
333,9,0.04841583696843181,0,0
333,10,0.03955675429424251,0,0
333,11,0.026968380618453438,0,0
333,12,0.9847953151886659,1,1
333,13,0.999887449272094,1,1
334,1,0.8181822440135853,1,1
334,2,0.8434854092256197,1,1
334,3,0.12965224363063033,0,0
334,4,0.009506653507227302,0,0
334,5,0.005328329136454267,0,0
334,6,0.013309642320268395,0,0
334,7,0.06093646860204328,0,0
334,8,0.0430682439747981,0,0
334,9,0.002607306900870407,0,0
334,10,0.004117475645816008,0,0
334,11,0.0262374716054526,0,0
334,12,0.0006958437924703621,0,0
334,13,0.05550518340790244,0,0
335,1,0.05197535883653785,0,0
335,2,0.010799071314959469,0,0
335,3,0.004134575530061676,0,0
335,4,0.0029197803258409153,0,0
335,5,0.9261428038643769,1,1
335,6,0.9999642666487739,1,1
335,7,0.14708055749811352,0,0
335,8,0.027034685246495858,0,0
335,9,0.00733421612816775,0,0
335,10,0.015306359601461771,0,0
335,11,0.0008490479218726084,0,0
335,12,0.0831682142492663,0,0
335,13,0.011434280634836957,0,0
336,1,0.06545446839028045,0,0
336,2,0.4373020470691252,0,0
336,3,0.08618636070066878,0,0
336,4,0.0017950806824700138,0,0
336,5,0.02544253424259933,0,0
336,6,0.006518343715647759,0,0
336,7,0.00603876469905168,0,0
336,8,0.022498506609786625,0,0
336,9,0.06308731708306177,0,0
336,10,0.14030141848117325,0,0
336,11,0.13406539533055756,0,0
336,12,0.045447203896034585,0,0
336,13,0.005529514724513958,0,0
337,1,0.8589375106202977,1,1
337,2,0.958244068549165,0,1
337,3,0.4691863494900418,0,0
337,4,0.03547688993362883,0,0
337,5,0.016298755258121165,0,0
337,6,0.013496711077518623,0,0
337,7,0.09389901397947004,0,0
337,8,0.9927847574838787,1,1
337,9,0.9514248845080234,1,1
337,10,0.9999283166764055,1,1
337,11,0.9453905288497265,1,1
337,12,0.0637692223884278,0,0
337,13,0.021696585667367263,0,0
338,1,0.06135545117674184,0,0
338,2,0.4998543457751234,0,0
338,3,0.786871188460829,0,1
338,4,0.3541412016624658,0,0
338,5,0.05847089231854933,0,0
338,6,0.019852663549275933,0,0
338,7,0.20016147665116132,0,0
338,8,0.0028236572241782023,0,0
338,9,0.0009131699155189375,0,0
338,10,0.004751345999862536,0,0
338,11,0.04164956644565994,0,0
338,12,0.005995857288995925,0,0
338,13,0.0008714674414502171,0,0
339,1,0.03452665833260245,0,0
339,2,0.0012439102373525586,0,0
339,3,0.009682095317688148,0,0
339,4,0.0006233831193229949,0,0
339,5,0.05184928395535903,0,0
339,6,0.0034687684467232245,0,0
339,7,0.008450273543762127,0,0
339,8,0.0019239964297609253,0,0
339,9,0.021972591238803737,0,0
339,10,0.001047646137303837,0,0
339,11,0.007358083794831281,0,0
339,12,0.004215152595474409,0,0
339,13,0.002744814421961884,0,0
340,1,0.005197927139030223,0,0
340,2,0.0016497888177631136,0,0
340,3,0.048478245145080805,0,0
340,4,0.6154993256884838,1,1
340,5,0.09097719480979131,1,0
340,6,0.6785008931568504,1,1
340,7,0.9322724102649069,1,1
340,8,0.9926827854922625,1,1
340,9,0.9900405784095178,1,1
340,10,0.9025539486282448,1,1
340,11,0.9618787392713966,1,1
340,12,0.111145390343518,1,0
340,13,0.010315746054807357,1,0
341,1,0.9447241004932402,1,1
341,2,0.9942287376900727,1,1
341,3,0.9997319290372411,1,1
341,4,0.9629443452570746,1,1
341,5,0.9720077580018176,1,1
341,6,0.9999939671526747,1,1
341,7,0.9959302783113742,1,1
341,8,0.9999407688206803,1,1
341,9,0.4483502393700846,1,0
341,10,0.8616715895431845,1,1
341,11,0.9947496545934988,1,1
341,12,0.9973498581626004,1,1
341,13,0.999999894529392,1,1
342,1,0.011932954754940196,0,0
342,2,0.016517213271500856,0,0
342,3,0.04290058104863591,0,0
342,4,0.015380280792468278,0,0
342,5,0.024695608244756452,0,0
342,6,0.006088141822582591,0,0
342,7,0.002925136366177206,0,0
342,8,0.014033473714115985,0,0
342,9,0.12888964716833484,0,0
342,10,0.010955836394556388,0,0
342,11,0.0033931341945874854,0,0
342,12,0.0036458455375974696,0,0
342,13,0.023822100888741836,0,0
343,1,0.01829011900742522,0,0
343,2,0.18094612386082184,0,0
343,3,0.013492995968134459,0,0
343,4,0.026344794211910307,0,0
343,5,0.003915753807887179,0,0
343,6,0.0022398501085171244,0,0
343,7,0.09447964191420645,0,0
343,8,0.37721803392001557,0,0
343,9,0.059789493568119606,0,0
343,10,0.0007734777881702253,0,0
343,11,0.001611449700056268,0,0
343,12,0.012811101042631213,0,0
343,13,0.13723623056477519,0,0
344,1,0.0041328404186994775,0,0
344,2,0.04692972561824572,0,0
344,3,0.008358519906907566,0,0
344,4,0.003507331281824099,0,0
344,5,0.03726692675742821,0,0
344,6,0.08812178682751111,0,0
344,7,0.09571244526817432,0,0
344,8,0.006865027876144167,0,0
344,9,0.0007385636649429688,0,0
344,10,0.08085890878263938,0,0
344,11,0.298958290366233,0,0
344,12,0.00482679665533665,0,0
344,13,0.004365770696809274,0,0
345,1,0.00811311432917656,0,0
345,2,0.0005004401537523821,0,0
345,3,0.004612360361742842,0,0
345,4,0.00044761109616854925,0,0
345,5,0.06319391375493322,0,0
345,6,0.12472828849054478,0,0
345,7,0.11602430824322153,1,0
345,8,0.9983739969553379,1,1
345,9,0.9713036920017941,1,1
345,10,0.15443972558929503,0,0
345,11,0.040840573044629395,0,0
345,12,0.00768314002525841,0,0
345,13,0.06685670653948124,0,0
346,1,0.20609224577416965,1,0
346,2,0.8285285793619228,1,1
346,3,0.7844649083842087,1,1
346,4,0.8522103834433108,1,1
346,5,0.8568540810735233,1,1
346,6,0.9972103014123723,1,1
346,7,0.11559286198115162,0,0
346,8,0.005845863149508933,0,0
346,9,0.004529080608457525,0,0
346,10,0.005313480056149978,0,0
346,11,0.00411995870575852,0,0
346,12,0.0806284922880696,0,0
346,13,0.004446481346188287,0,0
347,1,0.11133533056681788,0,0
347,2,0.027246006160149584,0,0
347,3,0.0010155311978419944,0,0
347,4,0.01204770899100824,0,0
347,5,0.004899709692206089,0,0
347,6,0.002343712633748503,0,0
347,7,0.00865422210470245,0,0
347,8,0.022894421025048194,0,0
347,9,0.014522532020004702,0,0
347,10,0.03986804575868247,0,0
347,11,0.011817392751537953,0,0
347,12,0.003112853522336543,0,0
347,13,0.001601547927679336,0,0
348,1,0.10374430279821549,0,0
348,2,0.005403635097997427,0,0
348,3,0.08498076331749364,0,0
348,4,0.0022330167186444152,0,0
348,5,0.002479133750317717,0,0
348,6,0.0055271621289385816,0,0
348,7,0.5788521488545918,0,1
348,8,0.7815694567376313,0,1
348,9,0.5856374872844413,0,1
348,10,0.25118460621821925,0,0
348,11,0.01862326813683054,0,0
348,12,0.0032434299259224285,0,0
348,13,0.02182402733101861,0,0
349,1,0.8583620628206878,1,1
349,2,0.9995842788254853,1,1
349,3,0.26231648994251455,0,0
349,4,0.1134926130566705,0,0
349,5,0.012004143684114415,0,0
349,6,0.02103926335349283,0,0
349,7,0.007838409449562078,0,0
349,8,0.5066037226165763,0,1
349,9,0.03689140846726357,0,0
349,10,0.02785343390908394,0,0
349,11,0.0011269811279103908,0,0
349,12,0.006412600388534168,0,0
349,13,0.054026920955973,0,0
350,1,0.557362949381637,1,1
350,2,0.3006974309336451,0,0
350,3,0.012560836386338583,0,0
350,4,0.009645137535090387,0,0
350,5,0.014942995448879707,0,0
350,6,0.00415147221164035,0,0
350,7,0.006652536546261306,0,0
350,8,0.0202029187484391,0,0
350,9,0.01114036030494732,0,0
350,10,0.0032577760945998674,0,0
350,11,0.009922354810589324,0,0
350,12,0.0188061928689177,0,0
350,13,0.0012798252704564008,0,0
351,1,0.002759667732260904,0,0
351,2,0.005695155771547757,0,0
351,3,0.018177082829018757,0,0
351,4,0.009021649202140018,0,0
351,5,0.0019291271773950256,0,0
351,6,0.0005213645903099988,0,0
351,7,0.0017210980544830397,0,0
351,8,0.0006121762785834065,0,0
351,9,0.00954053177529961,0,0
351,10,0.002782140052049162,0,0
351,11,0.0012027012436091786,0,0
351,12,0.011630509598512606,0,0
351,13,0.020015667095592937,0,0
352,1,0.9994314134255298,1,1
352,2,0.2373193127932893,0,0
352,3,0.04052869774449613,0,0
352,4,0.02507679291517612,0,0
352,5,0.030056095009571942,0,0
352,6,0.0026491418657275606,0,0
352,7,0.001682210045675333,0,0
352,8,0.07430363506274097,0,0
352,9,0.029877868930059198,0,0
352,10,0.012987124430941476,0,0
352,11,0.004097038347791735,0,0
352,12,0.0018015903275276194,0,0
352,13,0.003701281164178865,0,0
353,1,0.05662517177923639,0,0
353,2,0.0007476481652114353,0,0
353,3,0.0006872696002489908,0,0
353,4,0.00032636831366057066,0,0
353,5,0.006277177511178502,0,0
353,6,0.0021313941528269586,0,0
353,7,0.9821773942320086,1,1
353,8,0.6899388073292918,1,1
353,9,0.9876500007040717,1,1
353,10,0.3488217503653086,0,0
353,11,0.5188028772550956,0,1
353,12,0.38264930339156367,0,0
353,13,0.024952175695132774,0,0
354,1,0.021285043872532744,0,0
354,2,0.8126635248514963,1,1
354,3,0.046457314110559714,0,0
354,4,0.055409030583890344,0,0
354,5,0.0030130389579474314,0,0
354,6,0.04370428860402538,0,0
354,7,0.034545373063468686,0,0
354,8,0.013446064451130063,0,0
354,9,0.2072633382125904,0,0
354,10,0.007679510378143447,0,0
354,11,0.015071468587950908,0,0
354,12,0.013450327676269998,0,0
354,13,0.4946608583204582,1,0
355,1,0.02086159813295568,0,0
355,2,0.0056224729958805385,0,0
355,3,0.009998052534485968,0,0
355,4,0.005771655623455662,0,0
355,5,0.002950982889904452,0,0
355,6,0.0006003392498534996,0,0
355,7,0.0070301960344460075,0,0
355,8,0.03416666829456153,0,0
355,9,0.014367604714838597,0,0
355,10,0.0033424576723495285,0,0
355,11,0.046038263431037875,0,0
355,12,0.0024418476913412616,0,0
355,13,0.003805112173207838,0,0
356,1,0.17616310444398126,0,0
356,2,0.004823323282418841,0,0
356,3,0.0030055471653110373,0,0
356,4,0.00629141415801675,0,0
356,5,0.008703582031561262,0,0
356,6,0.0012846744639066177,0,0
356,7,0.0025138423213845263,0,0
356,8,0.00332502782734636,0,0
356,9,0.0041649116803326915,0,0
356,10,0.026429935096750543,0,0
356,11,0.011520451924709912,0,0
356,12,0.045018036961414626,0,0
356,13,0.018325100268073154,0,0
357,1,0.009316925660473999,0,0
357,2,0.03565520869699613,0,0
357,3,0.09057662115783664,0,0
357,4,0.0036757939426826027,0,0
357,5,0.02293975790995437,0,0
357,6,0.023349388395899243,0,0
357,7,0.009169565672516053,0,0
357,8,0.00031664005839160587,0,0
357,9,0.1762195989363052,0,0
357,10,0.017123254688464727,0,0
357,11,0.0023704150201052485,0,0
357,12,0.032311506020580784,0,0
357,13,0.004524339808479008,0,0
358,1,0.8304011179126161,0,1
358,2,0.0982359122768354,0,0
358,3,0.005492837714800452,0,0
358,4,0.003453592194450237,0,0
358,5,0.12301743312961703,0,0
358,6,0.006009894096507174,0,0
358,7,0.02406132163931745,0,0
358,8,0.052039799160926804,0,0
358,9,0.023129092591838325,0,0
358,10,0.0027077940914554525,0,0
358,11,0.00224357180233374,0,0
358,12,0.10150532295480566,0,0
358,13,0.04429386457136676,0,0
359,1,0.010041104426575376,0,0
359,2,0.008635530578096807,0,0
359,3,0.006895247322301562,0,0
359,4,0.01321672976219307,0,0
359,5,0.9952233482706169,1,1
359,6,0.20530162633470234,0,0
359,7,0.004242903167125914,0,0
359,8,0.022019518829140543,0,0
359,9,0.00225766956727557,0,0
359,10,0.0011078739722985877,0,0
359,11,0.004684736172147627,0,0
359,12,0.02592665766912321,0,0
359,13,0.004504769891940483,0,0
360,1,0.012467080198152779,0,0
360,2,0.01665701719911805,0,0
360,3,0.00931994128029464,0,0
360,4,0.005496637840920739,0,0
360,5,0.003044390199643755,0,0
360,6,0.11347515169028981,0,0
360,7,0.005312288002031153,0,0
360,8,0.08686287045038331,1,0
360,9,0.5614882987594372,1,1
360,10,0.5800476635881602,1,1
360,11,0.23999512923699104,1,0
360,12,0.801311329577088,1,1
360,13,0.9914040110834114,1,1
361,1,0.022890185402626034,0,0
361,2,0.014049268032104722,0,0
361,3,0.001847735642012318,0,0
361,4,0.0017146550797746765,0,0
361,5,0.039021798880089865,0,0
361,6,0.11846474133386,0,0
361,7,0.025049302140375047,0,0
361,8,0.003461879936358413,0,0
361,9,0.02083392440100904,0,0
361,10,0.014072677249399741,0,0
361,11,0.20518317966315955,0,0
361,12,0.010072806394128223,0,0
361,13,0.003902775093127399,0,0
362,1,0.03498125603324894,0,0
362,2,0.006366463829162981,0,0
362,3,0.020127352921405967,0,0
362,4,0.0009402544859387965,0,0
362,5,0.03264310879207286,0,0
362,6,0.009707960483386418,0,0
362,7,0.0006075724225106783,0,0
362,8,0.08132374734645449,0,0
362,9,0.0067645197014862225,1,0
362,10,0.045835264646504656,1,0
362,11,0.634332280669599,1,1
362,12,0.1591524405639172,0,0
362,13,0.014239755281647948,0,0
363,1,0.003610888106093878,0,0
363,2,0.01949741067234385,0,0
363,3,0.003656332539370025,0,0
363,4,0.005412970059639176,0,0
363,5,0.005658458070828465,0,0
363,6,0.004107984138669046,0,0
363,7,0.003465499333330913,0,0
363,8,0.0041389376662362256,0,0
363,9,0.010548946151655095,0,0
363,10,0.12074835497791504,0,0
363,11,0.09863518987862853,0,0
363,12,0.026900853342886503,0,0
363,13,0.040336018970861094,0,0
364,1,0.038582742606407205,0,0
364,2,0.009298146873263389,0,0
364,3,0.1617143452760539,0,0
364,4,0.0050740265955752754,0,0
364,5,0.03734270661996427,0,0
364,6,0.003508661360750153,0,0
364,7,0.010254937912066645,0,0
364,8,0.006080510234451879,0,0
364,9,0.034589991907566904,0,0
364,10,0.1033340260498126,0,0
364,11,0.03153629745636182,0,0
364,12,0.019196442275372663,0,0
364,13,0.01768265954678552,0,0
365,1,0.059619195094461105,0,0
365,2,0.01571110769422861,0,0
365,3,0.022051301565234556,0,0
365,4,0.004376608146242279,0,0
365,5,0.044162308608597566,0,0
365,6,0.007728440160958289,0,0
365,7,0.03898749815442565,0,0
365,8,0.06270048733972963,1,0
365,9,0.9981854140857875,1,1
365,10,0.9995135703686018,1,1
365,11,0.6881778305736793,1,1
365,12,0.9700489772437196,1,1
365,13,0.9780693600336594,1,1
366,1,0.020250200883658562,0,0
366,2,0.0016951463626110645,0,0
366,3,0.9582494918732849,1,1
366,4,0.722635324857197,1,1
366,5,0.41462025123204577,1,0
366,6,0.992816650858263,1,1
366,7,0.8521802442294976,1,1
366,8,0.9996672225980228,1,1
366,9,0.9999993747387849,1,1
366,10,0.9642895959767653,1,1
366,11,0.9711530970471982,1,1
366,12,0.994763419798063,1,1
366,13,0.9167532267717879,1,1
367,1,0.3701746193860401,1,0
367,2,0.9999668964409815,1,1
367,3,0.8808457287682065,1,1
367,4,0.9978487953162963,1,1
367,5,0.9996176203480011,1,1
367,6,0.9965803103492588,1,1
367,7,0.9872165269661821,1,1
367,8,0.9993705713075018,1,1
367,9,0.9998170168435484,1,1
367,10,0.9926493963571906,1,1
367,11,0.998678868295847,1,1
367,12,0.6752820164139559,1,1
367,13,0.9983366998848644,1,1
368,1,0.09484445573720882,0,0
368,2,0.06684713919669168,0,0
368,3,0.010664668338293184,0,0
368,4,0.01196000984686853,0,0
368,5,0.007403264239015538,0,0
368,6,0.01455488475573917,0,0
368,7,0.009998471191137092,0,0
368,8,0.001927443808874798,0,0
368,9,0.03877648757762869,0,0
368,10,0.06001642977185968,0,0
368,11,0.017019285099052168,0,0
368,12,0.003908311538710842,0,0
368,13,0.004134259892279992,0,0
369,1,0.7947964332146341,1,1
369,2,0.9935198822710647,1,1
369,3,0.9999632625073385,1,1
369,4,0.9994475874536731,1,1
369,5,0.9994854796563426,1,1
369,6,0.7326055761862925,1,1
369,7,0.9997919470101263,1,1
369,8,0.1321881202252559,0,0
369,9,0.22605089186048324,0,0
369,10,0.059596570608354646,0,0
369,11,0.04799001163346779,0,0
369,12,0.021370844232429187,0,0
369,13,0.0033749800710002843,0,0
370,1,0.9986258938012524,1,1
370,2,0.6767675559720551,1,1
370,3,0.9994768186175212,1,1
370,4,0.8232068029405396,1,1
370,5,0.15653211916679072,0,0
370,6,0.004679153563069199,0,0
370,7,0.0021543016821404704,0,0
370,8,0.010453381298315249,0,0
370,9,0.05486736061811261,0,0
370,10,0.991799767538009,1,1
370,11,0.9998357048678461,1,1
370,12,0.9954978888800093,1,1
370,13,0.8172058734104292,1,1
371,1,0.03347736910571164,0,0
371,2,0.9844074319505697,1,1
371,3,0.9998952900742554,1,1
371,4,0.943448267684828,1,1
371,5,0.9636997916948765,1,1
371,6,0.9416785818752287,1,1
371,7,0.9978585482386572,1,1
371,8,0.9852231173288166,1,1
371,9,0.21203111957669837,1,0
371,10,0.9998134311493363,1,1
371,11,0.9998756217582123,1,1
371,12,0.999128070355701,1,1
371,13,0.9999882023711697,1,1
372,1,0.6286793311173713,0,1
372,2,0.3425407084910344,0,0
372,3,0.05480785127808775,0,0
372,4,0.009934222300512515,0,0
372,5,0.002684441968965432,0,0
372,6,0.02601411841566343,0,0
372,7,0.0058056196796778545,0,0
372,8,0.021436882093468116,0,0
372,9,0.0022160382833024627,0,0
372,10,0.003925728244572984,0,0
372,11,0.010182762082089946,0,0
372,12,0.0034340307534552967,0,0
372,13,0.00046891203355784345,0,0
373,1,0.282953674915372,1,0
373,2,0.9949144755575453,1,1
373,3,0.9999999879121059,1,1
373,4,0.9994482792756557,1,1
373,5,0.9998478177197067,1,1
373,6,0.9905262796398234,1,1
373,7,0.9969134632470316,1,1
373,8,0.10688305347778196,1,0
373,9,0.003878518203784638,0,0
373,10,0.004719953636853292,0,0
373,11,0.00264224492560195,0,0
373,12,0.02692280895763761,0,0
373,13,0.007555829949066907,0,0
374,1,0.005271798424470224,0,0
374,2,0.1485406641788898,0,0
374,3,0.009458131405625141,0,0
374,4,0.006664328179138042,0,0
374,5,0.0009242208332884436,0,0
374,6,0.015019902534645876,0,0
374,7,0.0050911127434841615,0,0
374,8,0.02263689489834112,0,0
374,9,0.0017431242630126388,0,0
374,10,0.053343736533673296,0,0
374,11,0.0005700156293428912,0,0
374,12,0.0035865063857119764,0,0
374,13,0.0013887763462175579,0,0
375,1,0.0562046197336283,0,0
375,2,0.1217919446572763,0,0
375,3,0.00814957209451038,0,0
375,4,0.004953582335880221,0,0
375,5,0.00837352681905086,0,0
375,6,0.0009889499474941017,0,0
375,7,0.025473571105655252,0,0
375,8,0.006054907160631139,0,0
375,9,0.3259350564371212,0,0
375,10,0.12589793475181849,0,0
375,11,0.008284171661632334,0,0
375,12,0.01251575493836372,0,0
375,13,0.0018381808379642377,0,0
376,1,0.02270624624598462,0,0
376,2,0.003579873124324154,0,0
376,3,0.01664969455239226,0,0
376,4,0.9994610968900784,1,1
376,5,0.9118787340059674,1,1
376,6,0.9981684640665061,1,1
376,7,0.2768622433449498,1,0
376,8,0.8740199250488656,1,1
376,9,0.24650010358832586,1,0
376,10,0.37058336366397093,1,0
376,11,0.6432883894000313,1,1
376,12,0.5993730773007517,1,1
376,13,0.6643723168881428,0,1
377,1,0.05362480739852635,0,0
377,2,0.03321532393843896,0,0
377,3,0.17081366609293044,0,0
377,4,0.008912624669821498,0,0
377,5,0.06209773447657419,0,0
377,6,0.002453960051700611,0,0
377,7,0.001503852070916148,0,0
377,8,0.008509493722514604,0,0
377,9,0.0004045416555988247,0,0
377,10,0.018497999537478577,0,0
377,11,0.4643029478569379,0,0
377,12,0.07044684159850216,0,0
377,13,0.002566919957063556,0,0
378,1,0.507856582139752,1,1
378,2,0.09340719346440796,1,0
378,3,0.9691824119441631,1,1
378,4,0.14115722617605483,0,0
378,5,0.02599992076788847,0,0
378,6,0.001426203938506969,0,0
378,7,0.0015457304075635172,0,0
378,8,0.0035254423614147364,0,0
378,9,0.00247351491544207,0,0
378,10,0.02026764924705464,0,0
378,11,0.008931997865159377,0,0
378,12,0.001273454533434838,0,0
378,13,0.010219448681057935,0,0
379,1,0.9997899946271229,1,1
379,2,0.9750167124080228,1,1
379,3,0.9997813417114298,1,1
379,4,0.9691025321083537,1,1
379,5,0.9979129905370221,1,1
379,6,0.4371620396126685,0,0
379,7,0.5117381198557326,0,1
379,8,0.12238755879720431,0,0
379,9,0.003897726074201958,0,0
379,10,0.016199047851731724,0,0
379,11,0.01383271933388882,0,0
379,12,0.1650924819221912,0,0
379,13,0.08372001392111479,1,0
380,1,0.0021049396265862435,0,0
380,2,0.011555098765821085,0,0
380,3,0.00283084329852605,0,0
380,4,0.020889627155280612,0,0
380,5,0.0007936000368802468,0,0
380,6,0.003923706882905491,0,0
380,7,0.002326126204151262,0,0
380,8,0.0030559653920135105,0,0
380,9,0.011706769539843622,0,0
380,10,0.0003351504206416168,0,0
380,11,0.003054034365639789,0,0
380,12,0.0021454999884094775,0,0
380,13,0.007155193041951694,0,0
381,1,0.008092684678127097,0,0
381,2,0.0007698821335560363,0,0
381,3,0.0007843391554081987,0,0
381,4,0.01563898366614565,0,0
381,5,0.9052106613426991,0,1
381,6,0.5392951404279346,0,1
381,7,0.008990376668295146,0,0
381,8,0.002965841968041916,0,0
381,9,0.0013679883085245738,0,0
381,10,0.0014412901056861218,0,0
381,11,0.0006855980933169139,0,0
381,12,0.0033498287681630163,0,0
381,13,0.011528360488080721,0,0
382,1,0.13208705999453715,0,0
382,2,0.022477803110859288,0,0
382,3,0.007340534308738321,0,0
382,4,0.009424026081689936,0,0
382,5,0.0021531761001078397,0,0
382,6,0.019103887529096,0,0
382,7,0.0019187266241283433,0,0
382,8,0.02404210650400567,0,0
382,9,0.0008206140370058844,0,0
382,10,0.053588203893820276,0,0
382,11,0.0012081299251267034,0,0
382,12,0.003343310189769617,0,0
382,13,0.027672982136911675,0,0
383,1,0.017461832781936977,0,0
383,2,0.0035374561394209488,0,0
383,3,0.0062906917111756906,0,0
383,4,0.008156749671193982,0,0
383,5,0.00804100998872832,0,0
383,6,0.0012050671206801325,0,0
383,7,0.0013862716683066465,0,0
383,8,0.25028981316855947,0,0
383,9,0.027666164947929603,0,0
383,10,0.0032606844776716104,0,0
383,11,0.00866161176186897,0,0
383,12,0.04146383363551313,0,0
383,13,0.00568373075957528,0,0
384,1,0.061016141792811916,0,0
384,2,0.02108955980565069,0,0
384,3,0.011247870603912065,0,0
384,4,0.026836318262575088,0,0
384,5,0.004629643400364447,0,0
384,6,0.005490554866707721,0,0
384,7,0.002651613530646745,0,0
384,8,0.0031831282227187973,0,0
384,9,0.9072245930055616,1,1
384,10,0.9991872641582189,1,1
384,11,0.3288905871810225,0,0
384,12,0.5331092644851448,1,1
384,13,0.9999229050761819,1,1
385,1,0.0092254515746099,0,0
385,2,0.4579950772185645,1,0
385,3,0.5521339568897058,1,1
385,4,0.933436432248159,1,1
385,5,0.9126766902116678,1,1
385,6,0.9995734096804911,1,1
385,7,0.9758491162021297,1,1
385,8,0.9979565800454445,1,1
385,9,0.9933431463544098,1,1
385,10,0.24722438772314123,1,0
385,11,0.7904155410589379,1,1
385,12,0.7422739612779062,1,1
385,13,0.007446170062193803,0,0
386,1,0.07578765187707326,0,0
386,2,0.18365096623214835,0,0
386,3,0.7128891693243604,0,1
386,4,0.2276945002314235,0,0
386,5,0.004526384674406628,0,0
386,6,0.0026000502063783697,0,0
386,7,0.00031182072115511005,0,0
386,8,0.0258650573313004,0,0
386,9,0.004529662361543368,0,0
386,10,0.010351644962190695,0,0
386,11,0.017832224598843784,0,0
386,12,0.014342295291113293,0,0
386,13,0.15121566196473898,0,0
387,1,0.2209425283608321,1,0
387,2,0.5679715754374224,1,1
387,3,0.9962336664165115,1,1
387,4,0.9999363521392493,1,1
387,5,0.9588463485319001,1,1
387,6,0.999723170102156,1,1
387,7,0.23822666589331565,1,0
387,8,0.032461950630477895,1,0
387,9,0.9984633380943276,1,1
387,10,0.9990469320309644,1,1
387,11,0.9955737977507652,1,1
387,12,0.2716566487166353,0,0
387,13,0.04028432722504526,0,0
388,1,0.9994067345405452,1,1
388,2,0.9862296046962845,1,1
388,3,0.9976628320091955,1,1
388,4,0.9138968982676523,1,1
388,5,0.9973545393249575,1,1
388,6,0.9510848577498574,1,1
388,7,0.9999996377669972,1,1
388,8,0.9993805416859931,1,1
388,9,0.4936553648782751,0,0
388,10,0.03230683287370424,0,0
388,11,0.3333509556377946,1,0
388,12,0.8371211376532253,1,1
388,13,0.9975310835858469,1,1
389,1,0.011930368027082456,0,0
389,2,0.0063960597614192444,0,0
389,3,0.004403968611247402,0,0
389,4,0.00226263838245548,0,0
389,5,0.003014464237615806,0,0
389,6,0.013246595987504578,1,0
389,7,0.10846096137089292,1,0
389,8,0.8606902382657488,1,1
389,9,0.9997005009401188,1,1
389,10,0.7001201141681543,1,1
389,11,0.9111432313818373,1,1
389,12,0.9522515161663041,1,1
389,13,0.9999312976562227,1,1
390,1,0.228578083939263,0,0
390,2,0.06708612118081463,0,0
390,3,0.030196050377965435,0,0
390,4,0.0011773209385906175,0,0
390,5,0.0037833833670783217,0,0
390,6,0.0014811365868373353,0,0
390,7,0.2151467757994343,0,0
390,8,0.003740929850644369,0,0
390,9,0.09546573626045175,0,0
390,10,0.0447952789480941,0,0
390,11,0.03108074639337564,0,0
390,12,0.0024950031361331703,0,0
390,13,0.0015348002580873805,0,0
391,1,0.0023796262514760524,0,0
391,2,0.0012870151140872248,0,0
391,3,0.0408209468822096,0,0
391,4,0.0027477589006820015,0,0
391,5,0.030529467301411328,0,0
391,6,0.02106113640785747,0,0
391,7,0.3438012180685553,0,0
391,8,0.07402562689968523,0,0
391,9,0.04671428992673722,0,0
391,10,0.0061989852997066455,0,0
391,11,0.004541346228998639,0,0
391,12,0.007244088284700553,0,0
391,13,0.05427278738975345,0,0
392,1,0.005290238953955176,0,0
392,2,0.08173903281875733,0,0
392,3,0.008921802976339233,0,0
392,4,0.0015537729124450712,0,0
392,5,0.0031376493489376363,0,0
392,6,0.09921529322358927,0,0
392,7,0.01166382290226677,0,0
392,8,0.002767696030519072,0,0
392,9,0.02043173692570237,0,0
392,10,0.004064027717940322,0,0
392,11,0.05061669802384885,0,0
392,12,0.004938183669297962,0,0
392,13,0.002050032069393063,0,0
393,1,0.3621457713948961,1,0
393,2,0.9989052658748617,1,1
393,3,0.7268789850703733,1,1
393,4,0.9999898226939455,1,1
393,5,0.999994828140817,1,1
393,6,0.1690462825033915,1,0
393,7,0.9981633080578134,1,1
393,8,0.9735043716627773,1,1
393,9,0.9603924280314213,1,1
393,10,0.9532127307138422,1,1
393,11,0.7455631908152001,1,1
393,12,0.02748134279295409,0,0
393,13,0.001239751114595334,0,0
394,1,0.008308396100860265,0,0
394,2,0.02558375016642404,0,0
394,3,0.0027268960923080483,0,0
394,4,0.7571332915501439,1,1
394,5,0.9911272333851862,1,1
394,6,0.9995944459561408,1,1
394,7,0.9290418476369495,1,1
394,8,0.9103611272747718,1,1
394,9,0.9935191703134745,1,1
394,10,0.22588323893893492,0,0
394,11,0.026792965396559513,0,0
394,12,0.006531241328424595,0,0
394,13,0.00204138369918246,0,0
395,1,0.005171488720591964,0,0
395,2,0.009653249029404837,0,0
395,3,0.038064183731858936,0,0
395,4,0.0015135418509057898,0,0
395,5,0.015272260376722031,0,0
395,6,0.030718348802691812,0,0
395,7,0.12429244230915204,1,0
395,8,0.2772504025591881,0,0
395,9,0.011107013782305714,0,0
395,10,0.0014493472977336714,0,0
395,11,0.002062484418152937,0,0
395,12,0.00607894838260189,0,0
395,13,0.0020830943561562358,0,0
396,1,0.025591832381120724,0,0
396,2,0.005608221778362717,0,0
396,3,0.03150029618706985,0,0
396,4,0.007645319852652387,0,0
396,5,0.026031449194512925,0,0
396,6,0.002458097426262907,0,0
396,7,0.3121101326915005,0,0
396,8,0.2710599831358574,0,0
396,9,0.20609655419567155,0,0
396,10,0.16774502629198879,0,0
396,11,0.014682714530636,0,0
396,12,0.0023553586201826232,0,0
396,13,0.002174983005181232,0,0
397,1,0.012901221734573148,0,0
397,2,0.0022343969872397167,0,0
397,3,0.5755079481483014,1,1
397,4,0.9778148637529483,1,1
397,5,0.9991650808786798,1,1
397,6,0.8862177068087568,1,1
397,7,0.8335894351426053,1,1
397,8,0.9912035139069454,1,1
397,9,0.14073034163417736,0,0
397,10,0.011275592221873855,0,0
397,11,0.00038316081144334357,0,0
397,12,0.008301991327509554,0,0
397,13,0.0022319808707551747,0,0
398,1,0.9998616808914835,1,1
398,2,0.9990698080924457,1,1
398,3,0.9990093381151504,1,1
398,4,0.9995664847944569,1,1
398,5,0.9631750257920056,1,1
398,6,0.9999998901649165,1,1
398,7,0.8745345404839803,1,1
398,8,0.9998250339342776,1,1
398,9,0.8289027327284382,1,1
398,10,0.9221629353894013,1,1
398,11,0.3384830262398036,0,0
398,12,0.004549874548641111,0,0
398,13,0.003976586449939598,0,0
399,1,0.006637982620274389,0,0
399,2,0.00294257746683047,0,0
399,3,0.000554576080458383,0,0
399,4,0.0014361686576466284,0,0
399,5,0.5876014857616553,0,1
399,6,0.018609805364195615,0,0
399,7,0.001088573577122245,0,0
399,8,0.003423422512957119,0,0
399,9,0.010715786272836118,0,0
399,10,0.02176665063889241,0,0
399,11,0.006324873191419593,0,0
399,12,0.03298503973228333,0,0
399,13,0.8972062984303288,1,1
400,1,0.09760393856078806,0,0
400,2,0.0028636860363270233,0,0
400,3,0.21831007421742304,1,0
400,4,0.00973658496636965,0,0
400,5,0.9926732800458384,1,1
400,6,0.48516348650194085,1,0
400,7,0.9271903729151714,1,1
400,8,0.9937383569126791,1,1
400,9,0.9998857472229715,1,1
400,10,0.6373690585175326,0,1
400,11,0.032940226720954556,0,0
400,12,0.05087069330731327,0,0
400,13,0.05293170753526458,0,0
401,1,0.00258407171828353,0,0
401,2,0.0009523420314554499,0,0
401,3,0.07620222084822564,0,0
401,4,0.12204786243276221,0,0
401,5,0.9967510757813998,1,1
401,6,0.9991283072130758,1,1
401,7,0.9595410177216981,1,1
401,8,0.8702869204905458,1,1
401,9,0.13051127087539277,0,0
401,10,0.9123821528754776,1,1
401,11,0.9990472804766601,1,1
401,12,0.41726759346693615,1,0
401,13,0.9966233980401236,1,1
402,1,0.003917810973967794,0,0
402,2,0.004996507342515971,0,0
402,3,0.004216774026178813,0,0
402,4,0.011034081426495946,0,0
402,5,0.00041228874885104044,0,0
402,6,0.00656900207243206,0,0
402,7,0.0013892285361517794,0,0
402,8,0.0022821416154027736,0,0
402,9,0.0035711264287951717,0,0
402,10,0.0018397919359621584,0,0
402,11,0.007356066147712953,0,0
402,12,0.016058190921958815,0,0
402,13,0.013529740887016806,0,0
403,1,0.31225100843046927,1,0
403,2,0.0020765564373432023,0,0
403,3,0.0014987077873541365,0,0
403,4,0.0029397455519147965,0,0
403,5,0.006541951788428524,0,0
403,6,0.02599593200796971,0,0
403,7,0.002917074558571174,0,0
403,8,0.0015880711227039541,0,0
403,9,0.010143864450524417,0,0
403,10,0.0031519359959208183,0,0
403,11,0.028800976417890863,0,0
403,12,0.0018170513410782825,0,0
403,13,0.13078183847768252,1,0
404,1,0.003755243371906987,0,0
404,2,0.01732030084809535,0,0
404,3,0.002064361998085105,0,0
404,4,0.027409958373180107,0,0
404,5,0.012946389269251795,1,0
404,6,0.16635093663477213,1,0
404,7,0.9824886019095908,1,1
404,8,0.9998776908092322,1,1
404,9,0.9947633506577522,1,1
404,10,0.7832574074879307,1,1
404,11,0.9996077154767679,1,1
404,12,0.9994918072532436,1,1
404,13,0.09633876479235728,0,0
405,1,0.13274843962496188,1,0
405,2,0.27826461468902364,1,0
405,3,0.21546994091548327,1,0
405,4,0.9962144671790393,1,1
405,5,0.9998295675205229,1,1
405,6,0.9991954248108453,1,1
405,7,0.9549002498361783,0,1
405,8,0.600816344231799,0,1
405,9,0.09783541597190859,0,0
405,10,0.03232639793574885,0,0
405,11,0.10959979890806092,0,0
405,12,0.0029565198505257487,0,0
405,13,0.7545721601293596,1,1
406,1,0.01348978548425605,0,0
406,2,0.027150485728214182,0,0
406,3,0.001758805156174582,0,0
406,4,0.0025508275242124264,0,0
406,5,0.011379749113872947,0,0
406,6,0.003607993604022744,0,0
406,7,0.009966415901171269,0,0
406,8,0.008032689457234619,0,0
406,9,0.007204142580242641,0,0
406,10,0.0054633339615496245,0,0
406,11,0.0005205805936836299,0,0
406,12,0.991919948561644,1,1
406,13,0.9955542105238797,1,1
407,1,0.1490548315086416,1,0
407,2,0.8635987699690931,1,1
407,3,0.5122375859110286,1,1
407,4,0.7524995338978772,1,1
407,5,0.29906526709229736,1,0
407,6,0.999804049386895,1,1
407,7,0.9186094821093221,0,1
407,8,0.8528953104524539,0,1
407,9,0.06758834023366432,0,0
407,10,0.052831784134322254,0,0
407,11,0.0033572923856849605,0,0
407,12,0.0035812418095749433,0,0
407,13,0.0046143463357854525,0,0
408,1,0.05267526723618025,0,0
408,2,0.04841046676295126,0,0
408,3,0.02056897161639556,0,0
408,4,0.0014255036487460433,0,0
408,5,0.030164050915093416,0,0
408,6,0.013097488808073213,0,0
408,7,0.00933362274330931,0,0
408,8,0.022193179486996006,0,0
408,9,0.0629404879887991,0,0
408,10,0.00988196162621971,0,0
408,11,0.0033486110853585393,0,0
408,12,0.017402184431037467,1,0
408,13,0.9999833888535378,1,1
409,1,0.8597823918603404,1,1
409,2,0.9905450754225613,1,1
409,3,0.9912342422189377,1,1
409,4,0.99994944237615,1,1
409,5,0.9999995834173785,1,1
409,6,0.9975771339670176,1,1
409,7,0.997120211041338,1,1
409,8,0.18218249911808304,0,0
409,9,0.0283861678949075,0,0
409,10,0.0028640829766687585,0,0
409,11,0.004517783927587259,0,0
409,12,0.002153857000228923,0,0
409,13,0.02454848836501418,0,0
410,1,0.026581553146142047,0,0
410,2,0.003782750993931587,0,0
410,3,0.0016570973562605004,0,0
410,4,0.0012878403536618678,0,0
410,5,0.0005823279826335015,0,0
410,6,0.00868049615259733,0,0
410,7,0.0013156013906541464,0,0
410,8,0.030053064242105583,0,0
410,9,0.09734132215126982,0,0
410,10,0.01251290769726793,0,0
410,11,0.0075071879350919165,0,0
410,12,0.042737828316845514,0,0
410,13,0.529023458519603,1,1
411,1,0.0016197804925124442,0,0
411,2,0.026033704843654387,0,0
411,3,0.001270532301668484,0,0
411,4,0.002376132824569286,0,0
411,5,0.0016517618542332252,0,0
411,6,0.002002673773173998,0,0
411,7,0.0006188148850901457,0,0
411,8,0.030554300944136744,0,0
411,9,0.02974014907847422,1,0
411,10,0.3680507983157607,1,0
411,11,0.9185769081230402,1,1
411,12,0.9933843903462984,1,1
411,13,0.1198722047711564,0,0
412,1,0.9982001972345106,1,1
412,2,0.9233387762943601,1,1
412,3,0.98532122316053,1,1
412,4,0.9999413328922149,1,1
412,5,0.9996519064006225,1,1
412,6,0.999796683295185,1,1
412,7,0.9988552845625296,1,1
412,8,0.9810303441294924,1,1
412,9,0.9274333481365555,1,1
412,10,0.9937917202999718,1,1
412,11,0.9990825771217072,1,1
412,12,0.1590280028209357,0,0
412,13,0.004703819043763904,0,0
413,1,0.005741837780833578,0,0
413,2,0.010229303741100971,0,0
413,3,0.004221177542434028,0,0
413,4,0.005643023172896944,0,0
413,5,0.007252303203168207,0,0
413,6,0.054820435365966945,0,0
413,7,0.9991811875705066,1,1
413,8,0.9997804149556029,1,1
413,9,0.9512938346764244,1,1
413,10,0.9955073377375461,1,1
413,11,0.7375070275457356,1,1
413,12,0.3897809076932423,1,0
413,13,0.939784638219554,1,1
414,1,0.8674366249973556,1,1
414,2,0.9961580754830494,1,1
414,3,0.9406028767067299,1,1
414,4,0.9999999791655372,1,1
414,5,0.9070491748198557,1,1
414,6,0.999998972161938,1,1
414,7,0.9999098695896735,1,1
414,8,0.9925628480469916,1,1
414,9,0.9755093116843336,1,1
414,10,0.9999998301877293,1,1
414,11,0.3153751572488069,1,0
414,12,0.925525011591452,1,1
414,13,0.996459449582751,1,1
415,1,0.09249339437086658,0,0
415,2,0.9999984413622999,1,1
415,3,0.9994390868345385,1,1
415,4,0.9996634837244465,1,1
415,5,0.5370013482403052,1,1
415,6,0.0752665246255468,1,0
415,7,0.595426281058546,1,1
415,8,0.543690537161282,1,1
415,9,0.8966513642830762,1,1
415,10,0.9958673569798158,1,1
415,11,0.9989843177548644,1,1
415,12,0.8759509117954438,1,1
415,13,0.9927570680385788,1,1
416,1,0.049585552867514524,0,0
416,2,0.00706556802461049,0,0
416,3,0.005440118334743665,0,0
416,4,0.044862808050779815,0,0
416,5,0.006912415042561433,0,0
416,6,0.010245383363760558,0,0
416,7,0.0340217341105982,0,0
416,8,0.0048539065620381485,0,0
416,9,0.15760635788741253,0,0
416,10,0.005558873080013347,0,0
416,11,0.002410423300044817,0,0
416,12,0.10243751435164189,0,0
416,13,0.009994833492524923,0,0
417,1,0.7147453920763126,0,1
417,2,0.4390638264914951,0,0
417,3,0.024656190304175814,0,0
417,4,0.0026599880266543387,0,0
417,5,0.028667847686368157,0,0
417,6,0.005376119367929987,0,0
417,7,0.0014434530538051612,0,0
417,8,0.07683637434663573,0,0
417,9,0.015349834952523811,0,0
417,10,0.012197469817455725,0,0
417,11,0.28140047052193834,0,0
417,12,0.005261539963535236,0,0
417,13,0.15223550764561597,0,0
418,1,0.0020215633711667303,0,0
418,2,0.0017458519815839767,0,0
418,3,0.005149952809628046,0,0
418,4,0.9688215725227728,1,1
418,5,0.1682407603221635,0,0
418,6,0.019205050679566137,0,0
418,7,0.007546994547975722,0,0
418,8,0.0008262316418923266,0,0
418,9,0.2141242586688419,1,0
418,10,0.9734812229564784,1,1
418,11,0.8895836360820811,1,1
418,12,0.774596374756537,0,1
418,13,0.08315035867656101,0,0
419,1,0.1610331226594806,0,0
419,2,0.009103489518453337,0,0
419,3,0.0005241934463317821,0,0
419,4,0.009208876928625143,0,0
419,5,0.010985185057463823,0,0
419,6,0.0010450859384989763,0,0
419,7,0.0013831640084897158,0,0
419,8,0.02024982724193141,0,0
419,9,0.03724080801634129,0,0
419,10,0.006383435509916928,0,0
419,11,0.0197862150888153,0,0
419,12,0.0015475705113299372,0,0
419,13,0.01371509810383273,0,0
420,1,0.9996928749002032,1,1
420,2,0.9999585737152032,1,1
420,3,0.9999982627496362,1,1
420,4,0.9981222256387748,1,1
420,5,0.9999256430458568,1,1
420,6,0.9781210648900104,1,1
420,7,0.3848026788655059,1,0
420,8,0.4946590487744386,1,0
420,9,0.09530169234976024,1,0
420,10,0.14238602199644057,1,0
420,11,0.4748751938660721,1,0
420,12,0.6803610007827342,1,1
420,13,0.998512682669841,1,1
421,1,0.11365077615450508,0,0
421,2,0.9932217138953622,1,1
421,3,0.6784677718986635,1,1
421,4,0.13219934076762047,0,0
421,5,0.03855504821148662,0,0
421,6,0.9543452595026527,1,1
421,7,0.9645643345216112,1,1
421,8,0.9999759306952699,1,1
421,9,0.6329646259699271,1,1
421,10,0.996683462242367,1,1
421,11,0.998628406962357,1,1
421,12,0.992232147699394,1,1
421,13,0.978344198222721,0,1
422,1,0.26943538150169216,0,0
422,2,0.06586793680190346,0,0
422,3,0.5696711671709941,0,1
422,4,0.011072858751457302,0,0
422,5,0.015306113782485802,0,0
422,6,0.002466796308301958,0,0
422,7,0.002745408130141546,0,0
422,8,0.005744975618854065,0,0
422,9,0.028120516994922486,0,0
422,10,0.012095611922991233,0,0
422,11,0.042296810990089605,0,0
422,12,0.023831589409807893,0,0
422,13,0.002526084012588023,0,0
423,1,0.17678558420980164,1,0
423,2,0.989113262941939,1,1
423,3,0.9509744546720637,1,1
423,4,0.9999458883692425,1,1
423,5,0.3070213476225338,0,0
423,6,0.012197276710745657,0,0
423,7,0.017406702619366055,0,0
423,8,0.04306532937227104,0,0
423,9,0.02591298439530211,0,0
423,10,0.30259417649667786,0,0
423,11,0.0718688683740093,0,0
423,12,0.009676885483197615,0,0
423,13,0.06268308736953299,0,0
424,1,0.006864166370101791,0,0
424,2,0.082948913755419,0,0
424,3,0.011254784097714328,0,0
424,4,0.013568385082988021,0,0
424,5,0.2847345993712017,1,0
424,6,0.991583440847652,1,1
424,7,0.9877658379864108,1,1
424,8,0.9475859478868591,1,1
424,9,0.5434485956914472,0,1
424,10,0.2567471325499986,0,0
424,11,0.16921905870390486,0,0
424,12,0.04431695985104982,0,0
424,13,0.0024714450308262305,0,0
425,1,0.0612035970603056,0,0
425,2,0.002003364209211102,0,0
425,3,0.002264634656599842,0,0
425,4,0.014316413723540816,0,0
425,5,0.0026841384753688805,0,0
425,6,0.002272310784248783,0,0
425,7,0.010087069599646666,0,0
425,8,0.03240951832558416,0,0
425,9,0.0007792397151671393,0,0
425,10,0.0030408184752760406,0,0
425,11,0.0022773282096353493,0,0
425,12,0.008641737384864078,1,0
425,13,0.3403074959814031,1,0
426,1,0.01871398657547544,0,0
426,2,0.002539055038992996,0,0
426,3,0.0027891539669976564,0,0
426,4,0.000601880726736874,0,0
426,5,0.00846855861978785,0,0
426,6,0.000834773199759541,0,0
426,7,0.0009398287762127205,0,0
426,8,0.0906221040862498,0,0
426,9,0.02779612665831599,0,0
426,10,0.3110842543317085,0,0
426,11,0.3147991628252725,0,0
426,12,0.03988320232804171,0,0
426,13,0.02012206110427364,0,0
427,1,0.2829426097541816,0,0
427,2,0.04140957836954003,0,0
427,3,0.005279605912516823,0,0
427,4,0.5745857355466417,1,1
427,5,0.9933610920521316,1,1
427,6,0.9999057176367611,1,1
427,7,0.9999351831002937,1,1
427,8,0.9981509829140534,1,1
427,9,0.8281883358190483,0,1
427,10,0.1607326113021138,0,0
427,11,0.07138249264350872,0,0
427,12,0.0023645543074521697,0,0
427,13,0.0010441635293896756,0,0
428,1,0.857322509677252,1,1
428,2,0.9996932950604758,1,1
428,3,0.9996465737526197,1,1
428,4,0.9960725474005534,1,1
428,5,0.9924643174198495,1,1
428,6,0.1666018114681064,0,0
428,7,0.03228053657344165,0,0
428,8,0.0015505872708367762,0,0
428,9,0.049480883844353424,0,0
428,10,0.0031275142063417046,0,0
428,11,0.01739087130569076,0,0
428,12,0.001254785722694894,0,0
428,13,0.9106169131248137,1,1
429,1,0.22097856325521073,0,0
429,2,0.03040108788519276,0,0
429,3,0.008715676670953021,0,0
429,4,0.005853774894497934,0,0
429,5,0.7794015238114752,0,1
429,6,0.035547723179132705,0,0
429,7,0.013775256700339992,0,0
429,8,0.0019027947861539791,0,0
429,9,0.010396277750431336,0,0
429,10,0.0032213263055477395,0,0
429,11,0.018190548949395605,0,0
429,12,0.005402846204556866,0,0
429,13,0.016503767233827776,0,0
430,1,0.015653978731831112,0,0
430,2,0.0031747524571875767,0,0
430,3,0.0012918693463630415,0,0
430,4,0.025519529823128766,0,0
430,5,0.016003250889682134,0,0
430,6,0.9318525347998781,1,1
430,7,0.091473866463489,0,0
430,8,0.0015846497773800159,0,0
430,9,0.01007756229725393,0,0
430,10,0.002518520263108284,0,0
430,11,0.020440248892194056,0,0
430,12,0.0008844192882212563,0,0
430,13,0.001437347753815381,0,0
431,1,0.011945160643101433,0,0
431,2,0.023768559232924303,0,0
431,3,0.9734123214212725,1,1
431,4,0.9998783107973201,1,1
431,5,0.9928867711635903,1,1
431,6,0.7061226129643103,1,1
431,7,0.21216054059117873,0,0
431,8,0.04120373078480829,0,0
431,9,0.010160630848610427,0,0
431,10,0.020994550137522088,0,0
431,11,0.02903039637229139,0,0
431,12,0.0461217207190969,0,0
431,13,0.022413769245987123,0,0
432,1,0.9999991527813147,1,1
432,2,0.9965988744648258,1,1
432,3,0.5761245063565026,0,1
432,4,0.5240985334227773,0,1
432,5,0.49922933633446986,0,0
432,6,0.05970438743579809,0,0
432,7,0.15473893755846585,0,0
432,8,0.003046867749459568,0,0
432,9,0.20315961695775775,0,0
432,10,0.08797525205205296,0,0
432,11,0.0008522660620742946,0,0
432,12,0.006223126892952983,0,0
432,13,0.0025890139333772147,0,0
433,1,0.98891482954157,1,1
433,2,0.9999662028840146,1,1
433,3,0.4116151242960332,0,0
433,4,0.01579677181750223,0,0
433,5,0.0032986793567199974,0,0
433,6,0.01003125051977121,0,0
433,7,0.004715814667539805,0,0
433,8,0.019761017423752043,0,0
433,9,0.009156221298803205,0,0
433,10,0.005870623150177745,0,0
433,11,0.015816074660943206,0,0
433,12,0.002543728942448518,0,0
433,13,0.011850143584224381,0,0
434,1,0.9163984683189278,1,1
434,2,0.13648325688659455,0,0
434,3,0.01753522621410596,0,0
434,4,0.03519016072803684,0,0
434,5,0.04349266336669553,0,0
434,6,0.043758042047790234,0,0
434,7,0.12314126725074043,0,0
434,8,0.00867754350086444,0,0
434,9,0.03543842117955201,0,0
434,10,0.18418328939400366,0,0
434,11,0.005024409966309242,0,0
434,12,0.12946895261590302,0,0
434,13,0.0016412913131552548,0,0
435,1,0.006856196464554005,0,0
435,2,0.3238374905099627,0,0
435,3,0.015819318333867047,0,0
435,4,0.0035663053719865944,0,0
435,5,0.006376213561531731,0,0
435,6,0.0006674564441383369,0,0
435,7,0.005124432141940708,0,0
435,8,0.05904795440036084,0,0
435,9,0.1703293775642718,0,0
435,10,0.0352659191343517,0,0
435,11,0.0034770330070847924,0,0
435,12,0.0003457621502791275,0,0
435,13,0.001433390894212576,0,0
436,1,0.16602583706777274,0,0
436,2,0.0074541332836800785,0,0
436,3,0.41274999006714946,0,0
436,4,0.014825397155183545,0,0
436,5,0.018041585985184058,0,0
436,6,0.010720660222080984,0,0
436,7,0.006204486615351884,0,0
436,8,0.004103277560045668,0,0
436,9,0.0008753768139088111,0,0
436,10,0.008373235310740067,0,0
436,11,0.1992457780455132,0,0
436,12,0.0036207569956725593,0,0
436,13,0.006099155763525836,0,0
437,1,0.010980480229073192,0,0
437,2,0.022984017940023298,0,0
437,3,0.010398892606749859,0,0
437,4,0.018851475874793893,0,0
437,5,0.01045938681789614,0,0
437,6,0.0074736607939948066,0,0
437,7,0.004839177979644502,0,0
437,8,0.0017267940577141052,0,0
437,9,0.00250147526638762,0,0
437,10,0.0015675634184875533,0,0
437,11,0.010647278201667214,0,0
437,12,0.0019212807942696555,0,0
437,13,0.0021857157518639756,0,0
438,1,0.2535159770868406,0,0
438,2,0.027866799149691927,0,0
438,3,0.04208428316229088,0,0
438,4,0.0016745662319379896,0,0
438,5,0.014321700809341318,0,0
438,6,0.011749274332080648,0,0
438,7,0.004343579345751742,0,0
438,8,0.014770428410374521,0,0
438,9,0.005026718382769087,0,0
438,10,0.34700697372127065,1,0
438,11,0.005039153207204637,0,0
438,12,0.027750634233931766,0,0
438,13,0.048631069993817846,0,0
439,1,0.9996398849607983,1,1
439,2,0.11782343217340703,1,0
439,3,0.3857942328411764,1,0
439,4,0.025770167379586633,0,0
439,5,0.0013989104231459054,0,0
439,6,0.0019800701094396743,0,0
439,7,0.005373477916563457,0,0
439,8,0.0014859812893996654,0,0
439,9,0.06852262922545314,0,0
439,10,0.004390875715869942,0,0
439,11,0.0008397830732983229,0,0
439,12,0.014544050201212109,0,0
439,13,0.06668032807295153,0,0
440,1,0.011397967663086662,0,0
440,2,0.003010819463456827,0,0
440,3,0.005518166814582178,0,0
440,4,0.01207862115462545,0,0
440,5,0.0021519174797706305,0,0
440,6,0.0016418975597860886,0,0
440,7,0.0023789743519261916,0,0
440,8,0.9496041333849136,1,1
440,9,0.947238356961944,1,1
440,10,0.9941723612433152,1,1
440,11,0.9927104034612563,1,1
440,12,0.4179320327119885,1,0
440,13,0.8555708293856852,1,1
441,1,0.18907438328667342,0,0
441,2,0.003882299856372112,0,0
441,3,0.0006114970632686528,0,0
441,4,0.0028345320927326495,0,0
441,5,0.0028894998168244868,0,0
441,6,0.003182535805762615,0,0
441,7,0.0027564477334523856,0,0
441,8,0.008108608806167386,0,0
441,9,0.021547971443283676,0,0
441,10,0.005985933709328667,0,0
441,11,0.005661752917671887,0,0
441,12,0.0048370291276062,0,0
441,13,0.00273255354513669,0,0
442,1,0.05026203901148583,0,0
442,2,0.02249495780520566,0,0
442,3,0.1935550298085378,0,0
442,4,0.00970895919171838,0,0
442,5,0.018197224928754745,0,0
442,6,0.10956842381407218,0,0
442,7,0.1105807422050876,0,0
442,8,0.0036744007881200687,0,0
442,9,0.002785863985648671,0,0
442,10,0.001653447743167817,0,0
442,11,0.005242085811467595,0,0
442,12,0.007672723403214486,0,0
442,13,0.02100034107767897,0,0
443,1,0.09586044628683692,0,0
443,2,0.03269710168613852,0,0
443,3,0.006333635003855434,0,0
443,4,0.16088375043737768,0,0
443,5,0.241108854905049,0,0
443,6,0.019504328923271436,0,0
443,7,0.006847040716008139,0,0
443,8,0.005605076697809562,0,0
443,9,0.0016957415915598768,0,0
443,10,0.0008645697947580215,0,0
443,11,0.002983051927739057,0,0
443,12,0.028159893681244365,0,0
443,13,0.10947884907743542,1,0
444,1,0.02259533882275349,0,0
444,2,0.033590860784306016,0,0
444,3,0.03405542415601906,0,0
444,4,0.002036432326233869,0,0
444,5,0.00101397968182848,0,0
444,6,0.04692919542357102,0,0
444,7,0.010410124733837118,0,0
444,8,0.8092598277406046,1,1
444,9,0.9830765728885128,1,1
444,10,0.5445977743526322,1,1
444,11,0.053446360569614805,0,0
444,12,0.016252413666211024,0,0
444,13,0.04303945405473463,0,0
445,1,0.0039187523580929496,0,0
445,2,0.004237304415249067,0,0
445,3,0.002431665401555177,0,0
445,4,0.0010853564897418196,0,0
445,5,0.006834029757721576,0,0
445,6,0.017160284270221104,0,0
445,7,0.1219826673966683,0,0
445,8,0.01768816043618869,0,0
445,9,0.08775072132144103,0,0
445,10,0.0013509845099359363,0,0
445,11,0.012904578783773558,0,0
445,12,0.0006808386852923694,0,0
445,13,0.0013531269008836852,0,0
446,1,0.014180754789250394,0,0
446,2,0.01334315204563059,0,0
446,3,0.7413272532678765,0,1
446,4,0.1641816524635496,0,0
446,5,0.003705519634792381,0,0
446,6,0.015147901381950107,0,0
446,7,0.37206409880787283,1,0
446,8,0.16343680504014477,1,0
446,9,0.5533108398000809,1,1
446,10,0.17054509658411732,0,0
446,11,0.11366129606941099,0,0
446,12,0.007199199614037602,0,0
446,13,0.002938944852229475,0,0
447,1,0.020362038909641455,0,0
447,2,0.003091672929824327,0,0
447,3,0.07065608769232236,0,0
447,4,0.1220511113017251,0,0
447,5,0.035122732724902274,0,0
447,6,0.0043665039284899645,0,0
447,7,0.0009235557812781863,0,0
447,8,0.010587467954713436,0,0
447,9,0.021493948244217517,0,0
447,10,0.009894632019302164,0,0
447,11,0.002579266491722687,0,0
447,12,0.0008258724486056851,0,0
447,13,0.0010791607047817892,0,0
448,1,0.9995537112863206,1,1
448,2,0.9983200417101185,1,1
448,3,0.9375088817155737,1,1
448,4,0.5244204680596357,1,1
448,5,0.9883747451839169,1,1
448,6,0.9999988876604253,1,1
448,7,0.8909328344033789,1,1
448,8,0.9987559544693908,1,1
448,9,0.9998429160699784,1,1
448,10,0.9248947878058394,1,1
448,11,0.9997664184470461,1,1
448,12,0.9999649908048767,1,1
448,13,0.6976698230959578,1,1
449,1,0.9945167380009784,1,1
449,2,0.9998294504003686,1,1
449,3,0.07167569464696502,0,0
449,4,0.0015342519858986146,0,0
449,5,0.0009518280866961373,0,0
449,6,0.001163127479435793,0,0
449,7,0.20814214015809468,0,0
449,8,0.003870381193847007,0,0
449,9,0.021281058174306578,0,0
449,10,0.021211628016645924,0,0
449,11,0.02194440359846302,0,0
449,12,0.008971519582903684,0,0
449,13,0.013510465110495178,0,0
450,1,0.5670504058680446,1,1
450,2,0.9956273032457854,1,1
450,3,0.9478446920019136,1,1
450,4,0.9879028664885842,1,1
450,5,0.9953591600086844,1,1
450,6,0.49284607248703305,0,0
450,7,0.5434812221462106,0,1
450,8,0.024858792144283236,0,0
450,9,0.004024515836808615,0,0
450,10,0.039417539276156405,0,0
450,11,0.002206175173468171,0,0
450,12,0.08759664393304432,0,0
450,13,0.0045249276082422185,0,0
451,1,0.05393857732483889,0,0
451,2,0.41434018962084934,1,0
451,3,0.9041723719659268,1,1
451,4,0.9955903650848472,1,1
451,5,0.9918598385627483,0,1
451,6,0.2605508787143861,0,0
451,7,0.025410158555278374,0,0
451,8,0.0029076356642225437,0,0
451,9,0.02333825680565261,0,0
451,10,0.13123204987619602,0,0
451,11,0.007329830505769577,0,0
451,12,0.022037252331648542,0,0
451,13,0.0019399828224857636,0,0
452,1,0.12226180358183136,0,0
452,2,0.7244259871414227,1,1
452,3,0.9999910237700412,1,1
452,4,0.9964369827329465,1,1
452,5,0.9989372117661663,1,1
452,6,0.9980426844919551,1,1
452,7,0.991414962419532,1,1
452,8,0.9935743545442902,1,1
452,9,0.45972301309499725,1,0
452,10,0.9857005255565539,1,1
452,11,0.9952784854061003,1,1
452,12,0.9999724841297797,1,1
452,13,0.49141764053062353,0,0
453,1,0.8606869019644594,1,1
453,2,0.9998266271581151,1,1
453,3,0.997250719699423,1,1
453,4,0.999788148276805,1,1
453,5,0.758908691367445,1,1
453,6,0.9943270986469579,1,1
453,7,0.9996993195266117,1,1
453,8,0.9993993368398739,1,1
453,9,0.24566826241479603,0,0
453,10,0.13407334202104637,0,0
453,11,0.06256732821714485,0,0
453,12,0.2735998600012192,1,0
453,13,0.9967233365654677,1,1
454,1,0.020128444810038955,0,0
454,2,0.10670151052144573,0,0
454,3,0.6910873120019185,0,1
454,4,0.02600450604320271,0,0
454,5,0.004549858696008762,0,0
454,6,0.032076061132592044,0,0
454,7,0.009484362368458642,0,0
454,8,0.023660652674978473,0,0
454,9,0.014976832661242757,0,0
454,10,0.014684148591715407,0,0
454,11,0.008005680246914218,0,0
454,12,0.0018366825159441677,0,0
454,13,0.0026167176571587946,0,0
455,1,0.06672178014230014,0,0
455,2,0.0201061158941664,0,0
455,3,0.03952468121703946,1,0
455,4,0.8878025757222802,1,1
455,5,0.9994546647421496,1,1
455,6,0.9993516000504418,1,1
455,7,0.37822789714360605,1,0
455,8,0.876399444859489,1,1
455,9,0.3615264284146441,0,0
455,10,0.1914061512818726,0,0
455,11,0.06579857146522904,0,0
455,12,0.5224112255297518,1,1
455,13,0.24629949542468874,1,0
456,1,0.023130721540159573,0,0
456,2,0.004770811591559194,0,0
456,3,0.0955019084523848,0,0
456,4,0.24013280685986094,0,0
456,5,0.2257583753837038,0,0
456,6,0.36602337627008175,0,0
456,7,0.02881626852383938,0,0
456,8,0.01622585541218741,0,0
456,9,0.08025678961899585,0,0
456,10,0.0021438946804093447,0,0
456,11,0.004195292633116059,0,0
456,12,0.014912914038873534,0,0
456,13,0.013644478149076895,0,0
457,1,0.4725740452334905,0,0
457,2,0.05079961652731198,0,0
457,3,0.0024129631002382133,0,0
457,4,0.009768835821217875,0,0
457,5,0.001174105623299331,0,0
457,6,0.0008228733792364635,0,0
457,7,0.014023390016430133,0,0
457,8,0.0008617271826665695,0,0
457,9,0.00882869726986807,0,0
457,10,0.00425824526722774,0,0
457,11,0.027556799893974533,0,0
457,12,0.009155800109055897,0,0
457,13,0.0007782239841029713,0,0
458,1,0.09508050762715936,0,0
458,2,0.019799229003456868,0,0
458,3,0.0033179035187247473,0,0
458,4,0.0006932541581408336,0,0
458,5,0.0037343704008751485,0,0
458,6,0.001006947467611144,0,0
458,7,0.00359878326936011,0,0
458,8,0.006064091591801466,0,0
458,9,0.003447093649448482,0,0
458,10,0.08608214999104351,0,0
458,11,0.0017540453778609481,0,0
458,12,0.0028340992271101645,0,0
458,13,0.09596055200452291,0,0
459,1,0.9999971979915444,1,1
459,2,0.983411391077439,1,1
459,3,0.5040431970645511,1,1
459,4,0.9997158093117697,1,1
459,5,0.8222130405560709,1,1
459,6,0.968078981884082,1,1
459,7,0.9999965648605759,1,1
459,8,0.13968421876123013,0,0
459,9,0.5147045190744812,0,1
459,10,0.04445939678924859,0,0
459,11,0.01589402531370723,0,0
459,12,0.04153640878632026,0,0
459,13,0.002896236896514228,0,0
460,1,0.0028927443598964664,0,0
460,2,0.014151858580614423,0,0
460,3,0.004835898477731486,0,0
460,4,0.002516627555326357,0,0
460,5,0.007844030747010823,0,0
460,6,0.011440571696277399,0,0
460,7,0.003398974183771669,0,0
460,8,0.9551366730719869,1,1
460,9,0.8500008453402653,1,1
460,10,0.9765562222507399,1,1
460,11,0.9985252259476693,1,1
460,12,0.3761971520328648,0,0
460,13,0.011113839999858563,0,0
461,1,0.015238637670017952,0,0
461,2,0.005983369555890769,0,0
461,3,0.46916174966926927,1,0
461,4,0.9953116327970606,1,1
461,5,0.22311052827097438,0,0
461,6,0.1491972754206696,0,0
461,7,0.00836888407588144,0,0
461,8,0.013957334817236695,0,0
461,9,0.007403087979209011,0,0
461,10,0.0035845170418725555,0,0
461,11,0.06143260024849598,0,0
461,12,0.010728150385340293,0,0
461,13,0.00955229359731758,0,0
462,1,0.02765122254686953,0,0
462,2,0.0011781675589004788,0,0
462,3,0.022661794188770942,0,0
462,4,0.08357061892004412,0,0
462,5,0.019077547173682267,0,0
462,6,0.019199092446828755,0,0
462,7,0.0006393902437575454,0,0
462,8,0.010684915531577617,0,0
462,9,0.03861937837818991,0,0
462,10,0.7860999265062798,1,1
462,11,0.9904196564701111,1,1
462,12,0.9544926967553544,1,1
462,13,0.992294532480863,1,1
463,1,0.26501871471668204,0,0
463,2,0.07649990754684288,0,0
463,3,0.009720666901251646,0,0
463,4,0.01104835277628427,0,0
463,5,0.004582947352571631,0,0
463,6,0.000682119182091672,0,0
463,7,0.0024918374933622636,0,0
463,8,0.10707126252933999,0,0
463,9,0.054800183106967236,0,0
463,10,0.011111404586440351,0,0
463,11,0.003246945798194847,0,0
463,12,0.010095212161796973,0,0
463,13,0.0004957964871164107,0,0
464,1,0.6949220247353668,1,1
464,2,0.997199837072798,1,1
464,3,0.9934419883806858,1,1
464,4,0.9977641873582308,1,1
464,5,0.8441078100980962,1,1
464,6,0.5708319130811643,1,1
464,7,0.4843558986750045,1,0
464,8,0.6855678906283873,1,1
464,9,0.9994773345399619,1,1
464,10,0.997288640250403,1,1
464,11,0.9982168462741523,1,1
464,12,0.9722208592776463,0,1
464,13,0.8711139278882127,0,1
465,1,0.10358365920451015,0,0
465,2,0.00593278186233505,0,0
465,3,0.16578010892512238,0,0
465,4,0.05518890848319734,0,0
465,5,0.01007854672171082,0,0
465,6,0.00362082997611796,0,0
465,7,0.003505841062801795,0,0
465,8,0.0013027414726738754,0,0
465,9,0.015986462974499353,0,0
465,10,0.0009532991547154847,0,0
465,11,0.01894973066476407,0,0
465,12,0.7597560362049613,1,1
465,13,0.9127022858451229,1,1
466,1,0.02566296439024178,0,0
466,2,0.035947425102948204,0,0
466,3,0.0009357044294834265,0,0
466,4,0.0034402970675449546,0,0
466,5,0.007491991179692071,0,0
466,6,0.04727441062819819,0,0
466,7,0.0026120082537521776,0,0
466,8,0.004124075645394177,0,0
466,9,0.0033151041398233445,0,0
466,10,0.002330464678321342,0,0
466,11,0.002306913989982973,0,0
466,12,0.0010844203078481161,0,0
466,13,0.02479087154308177,0,0
467,1,0.016423019691258506,0,0
467,2,0.08156807634464369,0,0
467,3,0.003023735163135227,0,0
467,4,0.0018425320011290697,0,0
467,5,0.004230103477380369,0,0
467,6,0.00334289441475834,0,0
467,7,0.30262793893292783,1,0
467,8,0.9976857708894359,1,1
467,9,0.999846929893171,1,1
467,10,0.08137338207567818,0,0
467,11,0.0038365382814464755,0,0
467,12,0.15798872282685744,1,0
467,13,0.055946223667840134,0,0
468,1,0.14774467321043294,0,0
468,2,0.01166387272264479,0,0
468,3,0.23120691713902888,0,0
468,4,0.004803367808743576,0,0
468,5,0.0015801379086616881,0,0
468,6,0.0054287513322926915,0,0
468,7,0.0808991444217024,0,0
468,8,0.009496634695561716,0,0
468,9,0.0021631573880568234,0,0
468,10,0.0097428158143953,0,0
468,11,0.0858859853230811,0,0
468,12,0.05418333153551031,0,0
468,13,0.009587925314169734,0,0
469,1,0.011350631571149348,0,0
469,2,0.017514035910486718,0,0
469,3,0.008905610957383101,0,0
469,4,0.0033474437267566586,0,0
469,5,0.00823429072338974,0,0
469,6,0.004747923586918664,0,0
469,7,0.021174371421442916,0,0
469,8,0.044317367925867365,0,0
469,9,0.0038857679050505346,0,0
469,10,0.018081778903218427,0,0
469,11,0.005797499850222369,0,0
469,12,0.008106750140966706,0,0
469,13,0.896092307692167,1,1
470,1,0.45906418571361923,0,0
470,2,0.5009178725643549,0,1
470,3,0.009013622515440559,0,0
470,4,0.015091842415766346,0,0
470,5,0.006339094169820691,0,0
470,6,0.0027255063465928156,0,0
470,7,0.002032965501486637,0,0
470,8,0.0006739306936920845,0,0
470,9,0.0037817761240987635,0,0
470,10,0.026401673430737252,0,0
470,11,0.0029052232761288053,0,0
470,12,0.06418941782106478,0,0
470,13,0.005350921739135103,0,0
471,1,0.9949796405188571,1,1
471,2,0.9557392895522505,1,1
471,3,0.8258564317265142,1,1
471,4,0.9999808415026596,1,1
471,5,0.996366003658777,1,1
471,6,0.9991112701788313,1,1
471,7,0.9999407467031675,1,1
471,8,0.9999688622604604,1,1
471,9,0.9999984130867011,1,1
471,10,0.9999066756316976,1,1
471,11,0.999829918407748,1,1
471,12,0.9791695123756462,1,1
471,13,0.999975892501163,1,1
472,1,0.008954692354557002,0,0
472,2,0.0026105458828927885,0,0
472,3,0.004708380891198595,0,0
472,4,0.6457642749547977,0,1
472,5,0.16805052517612198,0,0
472,6,0.12898937753455592,0,0
472,7,0.9644905681853873,1,1
472,8,0.9997368171044321,1,1
472,9,0.9862918040345302,1,1
472,10,0.0207067837369952,0,0
472,11,0.15940079701898557,0,0
472,12,0.014638105608229219,0,0
472,13,0.0251281755094645,0,0
473,1,0.015933030746603984,0,0
473,2,0.0015851515956331213,0,0
473,3,0.0015961341012490386,0,0
473,4,0.0017490927477338616,0,0
473,5,0.9439309197847782,1,1
473,6,0.967691893924847,1,1
473,7,0.9982090759917385,1,1
473,8,0.9999816839067324,1,1
473,9,0.9363589783602624,1,1
473,10,0.1613199210683446,0,0
473,11,0.034857671818192416,0,0
473,12,0.0676559435958463,0,0
473,13,0.06784629452561224,0,0
474,1,0.004548017015035182,0,0
474,2,0.0030798143010518798,0,0
474,3,0.003451623645177723,0,0
474,4,0.08477478122117904,1,0
474,5,0.49461586654926254,1,0
474,6,0.9869974457867302,1,1
474,7,0.9999987200466238,1,1
474,8,0.9999677103475415,1,1
474,9,0.9999871985300548,1,1
474,10,0.9994355180365535,1,1
474,11,0.6405654457408454,0,1
474,12,0.6352348198447823,0,1
474,13,0.08632577600391045,0,0
475,1,0.013315090310602174,0,0
475,2,0.0016501681286061143,0,0
475,3,0.02624841126599543,0,0
475,4,0.009112170419812235,0,0
475,5,0.031626322419936334,0,0
475,6,0.01065636936801062,0,0
475,7,0.0007319204623152766,0,0
475,8,0.004036105038475617,0,0
475,9,0.0010506917376031958,0,0
475,10,0.002889335054701211,0,0
475,11,0.27674968256505045,0,0
475,12,0.04261419320876208,0,0
475,13,0.009686976850505022,0,0
476,1,0.0033855844479095897,0,0
476,2,0.007329176616156695,0,0
476,3,0.012591515433334834,0,0
476,4,0.10828870914120399,0,0
476,5,0.0006759966852196771,0,0
476,6,0.0030155765001944244,0,0
476,7,0.016660934315947472,0,0
476,8,0.011007013752748712,0,0
476,9,0.002013067934188653,0,0
476,10,0.0009162428675161822,0,0
476,11,0.015075425708671588,0,0
476,12,0.013778266281994593,0,0
476,13,0.0034187250918362075,0,0
477,1,0.047160707286462045,0,0
477,2,0.007217750715461683,0,0
477,3,0.0011338019705818196,0,0
477,4,0.0016163980840738844,0,0
477,5,0.021745096750352886,0,0
477,6,0.0024475924887047665,0,0
477,7,0.020170336710384103,0,0
477,8,0.12553668920980487,1,0
477,9,0.2715033335911873,1,0
477,10,0.9948316325068314,1,1
477,11,0.8014675365345126,1,1
477,12,0.5323567907024279,1,1
477,13,0.999848024181246,1,1
478,1,0.022334092682552265,0,0
478,2,0.45972986943982097,1,0
478,3,0.9960821146168769,1,1
478,4,0.7931173720600188,1,1
478,5,0.8192028404025573,1,1
478,6,0.9809787776198986,1,1
478,7,0.9366765915890628,1,1
478,8,0.029978101307515315,0,0
478,9,0.0096496635570472,0,0
478,10,0.006392878540132312,0,0
478,11,0.0005124550852042993,0,0
478,12,0.00600668898649263,0,0
478,13,0.9999950292525984,1,1
479,1,0.9999596207534468,1,1
479,2,0.9997577677820726,1,1
479,3,0.9998985975331526,1,1
479,4,0.9914303881846591,1,1
479,5,0.9432044241290275,1,1
479,6,0.999973284186789,1,1
479,7,0.3504124010218957,1,0
479,8,0.9999983046392655,1,1
479,9,0.9343731486441462,1,1
479,10,0.9998670332574257,1,1
479,11,0.44087234212464543,0,0
479,12,0.6046268429685264,1,1
479,13,0.9931971120123414,1,1
480,1,0.26032722920120854,0,0
480,2,0.03140109979279193,0,0
480,3,0.0024983169756067165,0,0
480,4,0.01606293328308908,0,0
480,5,0.009175192428106802,0,0
480,6,0.0027406695374076807,0,0
480,7,0.09335302218449057,0,0
480,8,0.369467848369333,0,0
480,9,0.015195388658718322,0,0
480,10,0.007862831897537961,0,0
480,11,0.00660158591033968,0,0
480,12,0.007241223519293215,0,0
480,13,0.0060737518797288675,0,0
481,1,0.08272363965640268,0,0
481,2,0.0022211527134248224,0,0
481,3,0.002741411145275802,0,0
481,4,0.0026628833499165675,0,0
481,5,0.004245759799070911,0,0
481,6,0.001086897914933618,0,0
481,7,0.0037293180796380346,0,0
481,8,0.008798232004796512,0,0
481,9,0.0021741714555941834,0,0
481,10,0.057959049746275366,0,0
481,11,0.028195138694737894,0,0
481,12,0.169243688040565,0,0
481,13,0.011661666902297798,0,0
482,1,0.04496871748996779,0,0
482,2,0.0172322051761481,0,0
482,3,0.006061808546424446,0,0
482,4,0.007578654142948284,0,0
482,5,0.0022056729606338386,0,0
482,6,0.9938863481769795,1,1
482,7,0.17427666318841956,1,0
482,8,0.998405208833256,1,1
482,9,0.9987449358448431,1,1
482,10,0.9960409062987523,1,1
482,11,0.9999996318589368,1,1
482,12,0.9999856509612978,1,1
482,13,0.9850068468424239,0,1
483,1,0.7436839198437392,0,1
483,2,0.017320785059297985,0,0
483,3,0.006819136693954305,1,0
483,4,0.9931722272128579,1,1
483,5,0.999998938590476,1,1
483,6,0.9932935717958208,1,1
483,7,0.8913425718927162,1,1
483,8,0.16349366692824507,0,0
483,9,0.010412149975364236,0,0
483,10,0.0014607544914857207,0,0
483,11,0.040571011813882875,0,0
483,12,0.18117956276181643,0,0
483,13,0.9987201862804018,1,1
484,1,0.007835055035205214,0,0
484,2,0.030017890605385796,0,0
484,3,0.0033602370887761456,0,0
484,4,0.050206186805762346,0,0
484,5,0.16057379391354257,0,0
484,6,0.034376352397128294,0,0
484,7,0.025057951154934692,0,0
484,8,0.010672519359107098,0,0
484,9,0.011658779268853945,0,0
484,10,0.00607694881238324,0,0
484,11,0.0005514860958143096,0,0
484,12,0.004308268035519172,0,0
484,13,0.012116414726772518,0,0
485,1,0.9993288293917728,1,1
485,2,0.9803176241569828,1,1
485,3,0.9876078841614824,1,1
485,4,0.9572557325669357,1,1
485,5,0.03910766882488804,0,0
485,6,0.24608816945793455,0,0
485,7,0.14590860203832196,0,0
485,8,0.07231664334334545,0,0
485,9,0.00697367782127716,0,0
485,10,0.00887728964564853,0,0
485,11,0.9997535942603345,1,1
485,12,0.2843289502715916,1,0
485,13,0.2936692971504691,1,0
486,1,0.373271608124397,0,0
486,2,0.08601556314129868,0,0
486,3,0.005382833962158834,0,0
486,4,0.00834916471535858,0,0
486,5,0.0017485675665178803,0,0
486,6,0.0019112071099215077,0,0
486,7,0.01547537540659373,0,0
486,8,0.014148901983806486,0,0
486,9,0.03868376015213638,0,0
486,10,0.006450005061849003,0,0
486,11,0.051874242758316216,0,0
486,12,0.00588836477627262,0,0
486,13,0.006756111916934277,0,0
487,1,0.012600958247518258,0,0
487,2,0.0019187488350605449,0,0
487,3,0.23255413536505007,0,0
487,4,0.994200167958668,1,1
487,5,0.9980789178306216,1,1
487,6,0.9149954789668723,1,1
487,7,0.6929814287359807,1,1
487,8,0.11182383997707687,0,0
487,9,0.014409470611894439,0,0
487,10,0.004134801441531414,0,0
487,11,0.007559904824600779,0,0
487,12,0.010697675299159142,0,0
487,13,0.1405739382492376,0,0
488,1,0.16017397031718542,0,0
488,2,0.06574053641414705,0,0
488,3,0.014204557640722065,0,0
488,4,0.004250547425061268,0,0
488,5,0.5117566247095406,1,1
488,6,0.9995231060473977,1,1
488,7,0.9145733076634973,1,1
488,8,0.9843390918947154,1,1
488,9,0.9262509627023658,1,1
488,10,0.9985451980738659,1,1
488,11,0.6460616016639716,0,1
488,12,0.028198419683024178,0,0
488,13,0.00047533338356719345,0,0
489,1,0.024853035204779692,0,0
489,2,0.028910888045406136,0,0
489,3,0.26199135772753523,0,0
489,4,0.10109111129673498,0,0
489,5,0.16114417825012403,0,0
489,6,0.08688742666704026,0,0
489,7,0.00804941330565802,0,0
489,8,0.06354510042359156,0,0
489,9,0.015994469535150574,0,0
489,10,0.006697253311200104,0,0
489,11,0.013698289859509015,0,0
489,12,0.014490795299776822,0,0
489,13,0.40088101345546984,0,0
490,1,0.010657750512619843,0,0
490,2,0.0062642815638408525,0,0
490,3,0.0019344870627280009,0,0
490,4,0.0016559975799091005,0,0
490,5,0.0010481828468425567,0,0
490,6,0.0034285958038663346,0,0
490,7,0.027019774701954935,0,0
490,8,0.003360854675713737,0,0
490,9,0.007012338265549214,0,0
490,10,0.0030082160179668365,0,0
490,11,0.005287164827874361,0,0
490,12,0.0006149199118471854,0,0
490,13,0.027897329483418797,0,0
491,1,0.9970165701905154,1,1
491,2,0.9988602916365417,1,1
491,3,0.21710515440803432,0,0
491,4,0.353240255921459,0,0
491,5,0.05896189548337648,0,0
491,6,0.34692935026841043,0,0
491,7,0.18654352753144066,0,0
491,8,0.02726660970822835,0,0
491,9,0.003945002063193391,0,0
491,10,0.01293576350944062,0,0
491,11,0.03451555804071538,0,0
491,12,0.0021662136917766205,0,0
491,13,0.05130541009600091,0,0
492,1,0.015597465728903333,0,0
492,2,0.012230251847230134,0,0
492,3,0.005535793329138522,0,0
492,4,0.010823187038067618,0,0
492,5,0.02266608117788009,0,0
492,6,0.09237666228400959,0,0
492,7,0.003295728224288877,0,0
492,8,0.015068873653517246,0,0
492,9,0.0403252358600854,0,0
492,10,0.003099348469173571,0,0
492,11,0.004466595394354711,0,0
492,12,0.030441729354381372,0,0
492,13,0.024962283944111454,0,0
493,1,0.005502317697190146,0,0
493,2,0.0018195210933765035,0,0
493,3,0.010378353357120933,0,0
493,4,0.002154282948894539,0,0
493,5,0.00351046311907446,0,0
493,6,0.001469666828637989,0,0
493,7,0.007217200321712195,0,0
493,8,0.019339827043145675,0,0
493,9,0.008084255740956678,0,0
493,10,0.0011273347309333273,0,0
493,11,0.0022919308012249056,0,0
493,12,0.002786768550302298,0,0
493,13,0.004031607458240444,0,0
494,1,0.9866321071877295,1,1
494,2,0.9845339633774737,1,1
494,3,0.9999991216571733,1,1
494,4,0.9988371402535463,1,1
494,5,0.9842703404148356,1,1
494,6,0.9451225227988251,1,1
494,7,0.0378423280190042,0,0
494,8,0.0031330779813652913,1,0
494,9,0.3275317580377042,1,0
494,10,0.1151813622249706,0,0
494,11,0.010171896050278427,0,0
494,12,0.004818413779440808,0,0
494,13,0.0034313852067473513,0,0
495,1,0.02945290609596409,0,0
495,2,0.02634065966789161,0,0
495,3,0.017059432890301294,0,0
495,4,0.0037843738286237848,0,0
495,5,0.2527503636048079,0,0
495,6,0.8459381992570281,0,1
495,7,0.7943512199076438,0,1
495,8,0.08153815374707958,0,0
495,9,0.011662437357445581,0,0
495,10,0.17433271419536547,0,0
495,11,0.030527879575936393,0,0
495,12,0.030220411469919505,0,0
495,13,0.0006260810655132476,0,0
496,1,0.014362199303569908,0,0
496,2,0.0009812112391532756,0,0
496,3,0.15739877544038758,0,0
496,4,0.16262760725930175,0,0
496,5,0.03236704497778303,0,0
496,6,0.12992845891444046,0,0
496,7,0.011364320174755199,0,0
496,8,0.001513958672471963,0,0
496,9,0.008755598735369387,1,0
496,10,0.999571662239754,1,1
496,11,0.9999991674921836,1,1
496,12,0.9939755551757063,1,1
496,13,0.9989222313027535,1,1
497,1,0.022089289812293474,0,0
497,2,0.20099094571868628,0,0
497,3,0.05194302518259313,0,0
497,4,0.0681249596916046,0,0
497,5,0.009745659048718635,0,0
497,6,0.02664010290472433,0,0
497,7,0.001023984441926916,0,0
497,8,0.003724838473631422,0,0
497,9,0.3054513992470579,1,0
497,10,0.40608921069666415,1,0
497,11,0.25985114840713636,1,0
497,12,0.7588143018012027,1,1
497,13,0.9953135530767685,1,1
498,1,0.0047556089059833575,0,0
498,2,0.0013074811832836481,0,0
498,3,0.0034972234095013936,0,0
498,4,0.13544003671468988,0,0
498,5,0.012753814717969372,0,0
498,6,0.22001565505304754,0,0
498,7,0.19583885180781463,1,0
498,8,0.5961253788537759,1,1
498,9,0.5309964829754841,0,1
498,10,0.03323502900535115,0,0
498,11,0.01922507879688252,0,0
498,12,0.0010217405429838024,0,0
498,13,0.026547691010065398,0,0
499,1,0.007248005748627756,0,0
499,2,0.0041291011431947985,0,0
499,3,0.0019420725682360463,0,0
499,4,0.0018798581582510775,0,0
499,5,0.08513141299133352,0,0
499,6,0.04915609772558451,0,0
499,7,0.0045137327274228384,0,0
499,8,0.003058573164788806,0,0
499,9,0.0008462331113556584,0,0
499,10,0.2964852035335886,0,0
499,11,0.019742408186658112,0,0
499,12,0.0005568909978582292,0,0
499,13,0.007188444537048707,0,0
500,1,0.325892810067566,1,0
500,2,0.5315256737259647,1,1
500,3,0.9999160099940033,1,1
500,4,0.9999877094059241,1,1
500,5,0.9977719895408456,1,1
500,6,0.45700770186086526,1,0
500,7,0.8997135708096647,1,1
500,8,0.6840856346574555,1,1
500,9,0.9849254915929613,1,1
500,10,0.9661799032375469,1,1
500,11,0.9923196033520628,1,1
500,12,0.9257752842919267,1,1
500,13,0.9899327595026148,1,1
501,1,0.9992255089276956,1,1
501,2,0.9999764543881735,1,1
501,3,0.9990700967549468,1,1
501,4,0.6727945622329422,1,1
501,5,0.049340245233652505,0,0
501,6,0.0012986839925262044,0,0
501,7,0.03905890118405892,0,0
501,8,0.02144358253081855,0,0
501,9,0.004214766497613147,0,0
501,10,0.006160389226221408,0,0
501,11,0.013310483905546634,0,0
501,12,0.06392820969009028,0,0
501,13,0.013301382625626969,0,0
502,1,0.021739710090912037,0,0
502,2,0.15256793577373595,0,0
502,3,0.9467384914050669,1,1
502,4,0.9918961087471106,1,1
502,5,0.9964783402753836,1,1
502,6,0.9999139248260446,1,1
502,7,0.9944973848888149,1,1
502,8,0.9999983838782412,1,1
502,9,0.8693871719082871,1,1
502,10,0.15378855752888942,0,0
502,11,0.04572156981593286,0,0
502,12,0.029018791477340263,0,0
502,13,0.005672789503581488,0,0
503,1,0.2439518326436777,0,0
503,2,0.018597298771765334,0,0
503,3,0.0011341970375687,0,0
503,4,0.0009120643305875085,0,0
503,5,0.0010296554014599842,0,0
503,6,0.001518383807212152,0,0
503,7,0.006704314347557953,0,0
503,8,0.008194807345370592,0,0
503,9,0.5974517790265382,0,1
503,10,0.39047070437908055,0,0
503,11,0.04916315000487244,0,0
503,12,0.005836813739354875,0,0
503,13,0.035596103626264614,0,0
504,1,0.011001234380562,0,0
504,2,0.04272961356897069,0,0
504,3,0.004468929681237788,0,0
504,4,0.016810042312964714,0,0
504,5,0.00724672280526903,0,0
504,6,0.002648905326583188,0,0
504,7,0.003104368159946898,0,0
504,8,0.0006804091810779036,0,0
504,9,0.06618447795850244,1,0
504,10,0.6294288726425267,1,1
504,11,0.3183403196862858,0,0
504,12,0.5644327638991948,0,1
504,13,0.006381554509326598,0,0
505,1,0.003986129607506788,0,0
505,2,0.0013779960548014499,0,0
505,3,0.0055261405816760464,0,0
505,4,0.0037848133953271037,0,0
505,5,0.022685404776647426,0,0
505,6,0.0007205975561624317,0,0
505,7,0.020325674597831415,0,0
505,8,0.0039863822009899895,0,0
505,9,0.015960186926307938,0,0
505,10,0.0033258282177431983,0,0
505,11,0.025378313188254276,0,0
505,12,0.010028009865951955,0,0
505,13,0.0034054179142299105,0,0
506,1,0.021723872189883295,0,0
506,2,0.06227398976591597,0,0
506,3,0.19841449343707931,0,0
506,4,0.004192479443904155,0,0
506,5,0.0013065491254096737,0,0
506,6,0.0008249955854523606,0,0
506,7,0.03863594125926877,1,0
506,8,0.08679876674014184,1,0
506,9,0.9979104874458896,1,1
506,10,0.9986072027168644,1,1
506,11,0.11778739274244683,0,0
506,12,0.017752776084004582,0,0
506,13,0.004619758235839026,0,0
507,1,0.41181196388753766,1,0
507,2,0.27489397908506624,1,0
507,3,0.40027331970639385,1,0
507,4,0.8983764556298193,1,1
507,5,0.9998466873930898,1,1
507,6,0.31435970823897297,0,0
507,7,0.014115198528523026,0,0
507,8,0.0260397551706929,0,0
507,9,0.0017568144657423217,0,0
507,10,0.03154577282572799,0,0
507,11,0.012687030688686603,0,0
507,12,0.009938101122343546,0,0
507,13,0.0008031217072514838,0,0
508,1,0.5254087450915961,1,1
508,2,0.5678184710666473,1,1
508,3,0.9996875639266573,1,1
508,4,0.991531575126024,1,1
508,5,0.9993629926174863,1,1
508,6,0.9945875979720668,1,1
508,7,0.9800670306673966,1,1
508,8,0.9954979115028206,1,1
508,9,0.9990625971519136,1,1
508,10,0.9522768708823238,0,1
508,11,0.18444487701381976,0,0
508,12,0.011296723949442419,0,0
508,13,0.003527960798839791,0,0
509,1,0.08204266961583608,0,0
509,2,0.007360783953063986,0,0
509,3,0.003925346044331792,0,0
509,4,0.12432218523953717,0,0
509,5,0.07684340956322101,0,0
509,6,0.1681331317839972,0,0
509,7,0.011716716157026854,0,0
509,8,0.06297100330381052,1,0
509,9,0.9005925604393052,1,1
509,10,0.9957082453608576,1,1
509,11,0.5224663405686375,1,1
509,12,0.8550912933643885,1,1
509,13,0.9837829427256475,1,1
510,1,0.22846417106194306,0,0
510,2,0.010046318583818388,0,0
510,3,0.010475784276840665,0,0
510,4,0.008834023284873087,0,0
510,5,0.3232169310331436,1,0
510,6,0.4449415342475724,1,0
510,7,0.9886670097171072,1,1
510,8,0.6369569192511244,1,1
510,9,0.903809501000333,1,1
510,10,0.23866604618827145,0,0
510,11,0.01829823379466958,0,0
510,12,0.005779862845275862,0,0
510,13,0.00184694419812983,0,0
511,1,0.11380533864369496,0,0
511,2,0.01795454387472652,0,0
511,3,0.0057297367160356275,0,0
511,4,0.6711030017585204,0,1
511,5,0.26493735172260907,0,0
511,6,0.017039264435537622,0,0
511,7,0.003915139909001637,0,0
511,8,0.14265127701916228,0,0
511,9,0.009970095430690017,0,0
511,10,0.0016657129886981732,0,0
511,11,0.030460844783853462,0,0
511,12,0.004262400450502343,0,0
511,13,0.050773552461860216,0,0
512,1,0.0045543256302408965,0,0
512,2,0.003538730610734575,0,0
512,3,0.002609803000919262,0,0
512,4,0.007891849470649536,0,0
512,5,0.04765861924512353,0,0
512,6,0.028065486047370254,0,0
512,7,0.01068487621079084,0,0
512,8,0.01361358346346318,0,0
512,9,0.01863042040738064,0,0
512,10,0.01702421875825017,0,0
512,11,0.01016785076926537,0,0
512,12,0.022413878397595,0,0
512,13,0.003511346562355343,0,0
513,1,0.013214250788533926,0,0
513,2,0.9728518905382937,1,1
513,3,0.883769600807281,1,1
513,4,0.5758758684311375,0,1
513,5,0.052004131922840896,0,0
513,6,0.012100124910979792,0,0
513,7,0.009588404482853197,0,0
513,8,0.0013385348282819321,0,0
513,9,0.033619715782300524,0,0
513,10,0.08300289446005779,0,0
513,11,0.9939990263450148,1,1
513,12,0.9961121596406491,1,1
513,13,0.9964936072658616,1,1
514,1,0.9931778559281264,1,1
514,2,0.19304460147885152,0,0
514,3,0.09466278944758239,0,0
514,4,0.03186037351079949,0,0
514,5,0.006836900957519556,0,0
514,6,0.0012659601570909845,0,0
514,7,0.9986758768983536,1,1
514,8,0.9999967081038035,1,1
514,9,0.8032171791504076,1,1
514,10,0.9999632106900626,1,1
514,11,0.9625566088821477,1,1
514,12,0.9999995351719974,1,1
514,13,0.9974636759262955,1,1
515,1,0.01618963375459213,0,0
515,2,0.005241721243285998,0,0
515,3,0.0019038560608795555,0,0
515,4,0.0009293763191302252,0,0
515,5,0.01307797327446649,0,0
515,6,0.0053945404961657,0,0
515,7,0.06846113854269112,0,0
515,8,0.029300166299928765,0,0
515,9,0.018618243780445666,0,0
515,10,0.09030359304111699,0,0
515,11,0.08840565224735214,0,0
515,12,0.01475686160436481,0,0
515,13,0.008074819199485165,0,0
516,1,0.05551262270215859,0,0
516,2,0.0008827834555585879,0,0
516,3,0.0008200018951831388,0,0
516,4,0.0015598747772579535,0,0
516,5,0.04104137082148516,0,0
516,6,0.0023331676118358217,0,0
516,7,0.0025105413422156584,0,0
516,8,0.015239457651952072,0,0
516,9,0.16665623335855734,0,0
516,10,0.1360826880659487,0,0
516,11,0.05445710973480186,0,0
516,12,0.01318127656907392,0,0
516,13,0.08735215948423952,1,0
517,1,0.40945093577845554,0,0
517,2,0.008556036818880503,0,0
517,3,0.054579866480144255,0,0
517,4,0.017153357880448427,0,0
517,5,0.0848628152016147,0,0
517,6,0.008424637741260503,0,0
517,7,0.0068223363909020035,0,0
517,8,0.029940074291139162,0,0
517,9,0.00751268818926382,0,0
517,10,0.019402450322185197,0,0
517,11,0.07706351133342437,0,0
517,12,0.002958439821160339,0,0
517,13,0.0007664796588245774,0,0
518,1,0.009537234689707923,0,0
518,2,0.0016435535561504172,0,0
518,3,0.013540536842723418,0,0
518,4,0.0029577516916683582,0,0
518,5,0.9769185402959453,1,1
518,6,0.1195362122844786,0,0
518,7,0.005553363365876582,0,0
518,8,0.02894234762372135,0,0
518,9,0.0029210778713310705,0,0
518,10,0.0011161755054451396,0,0
518,11,0.0008247130172089893,0,0
518,12,0.0012438325817434475,0,0
518,13,0.004796089752203079,0,0
519,1,0.1384452186443633,0,0
519,2,0.004609765186506169,0,0
519,3,0.006977346912493798,0,0
519,4,0.01677073579468861,0,0
519,5,0.009754436318317497,0,0
519,6,0.009858932424924773,0,0
519,7,0.007606768477001358,0,0
519,8,0.009895449912073938,0,0
519,9,0.06654748358687847,0,0
519,10,0.0009421733553915617,0,0
519,11,0.0008007641910085455,0,0
519,12,0.0008051567908161573,0,0
519,13,0.0029171080181420394,0,0
520,1,0.02500493882754156,0,0
520,2,0.17604111999058902,0,0
520,3,0.0807797879071353,0,0
520,4,0.0015872898988617031,0,0
520,5,0.007388268828141068,0,0
520,6,0.00358755168515333,0,0
520,7,0.0447075342209479,0,0
520,8,0.013652720623203034,0,0
520,9,0.0010820660180947115,0,0
520,10,0.003516164686397315,0,0
520,11,0.006469982203876737,0,0
520,12,0.002742786712066374,0,0
520,13,0.009507346702142488,0,0
521,1,0.0018031432482623771,0,0
521,2,0.026187161953997423,0,0
521,3,0.002527999156357676,0,0
521,4,0.002236019119164744,0,0
521,5,0.020699190529576666,0,0
521,6,0.0030136042443937687,0,0
521,7,0.013924905818197659,0,0
521,8,0.0371122202772758,0,0
521,9,0.001680137782464299,0,0
521,10,0.029777270916983258,0,0
521,11,0.006367039450726102,0,0
521,12,0.002121911301134455,0,0
521,13,0.0451322133045566,0,0
522,1,0.008643301526629872,0,0
522,2,0.0034594145773242054,0,0
522,3,0.0012039275565811183,0,0
522,4,0.12274262208121543,0,0
522,5,0.011583214329204608,0,0
522,6,0.008165931607480928,0,0
522,7,0.09415763169750165,0,0
522,8,0.0197820119705443,0,0
522,9,0.0036146652881635464,0,0
522,10,0.00595517835090228,0,0
522,11,0.07387091854883657,0,0
522,12,0.1070452197955642,0,0
522,13,0.06410307428010087,0,0
523,1,0.006682484344197383,0,0
523,2,0.0027636297773898128,0,0
523,3,0.03382188226805874,0,0
523,4,0.334217621702962,1,0
523,5,0.9999932195211253,1,1
523,6,0.9990465576100033,1,1
523,7,0.6704850213838592,1,1
523,8,0.48225987980884044,1,0
523,9,0.5283463663665919,1,1
523,10,0.042303087649725075,0,0
523,11,0.005902655373455184,0,0
523,12,0.005493497936920721,0,0
523,13,0.005706325406214813,0,0
524,1,0.6352386849266933,0,1
524,2,0.9951267037130552,0,1
524,3,0.41353130790661474,0,0
524,4,0.05489372231553403,0,0
524,5,0.0033006230026575356,0,0
524,6,0.006408979898370832,0,0
524,7,0.10712944765473534,0,0
524,8,0.0014784123584447213,0,0
524,9,0.0012922025757096348,0,0
524,10,0.7593491172810074,1,1
524,11,0.9999491176588444,1,1
524,12,0.9999558976191479,1,1
524,13,0.9935900649839836,1,1
525,1,0.03588807515727736,0,0
525,2,0.02423032102889315,0,0
525,3,0.011640492107424618,0,0
525,4,0.03468461835695341,0,0
525,5,0.015268846432636707,0,0
525,6,0.006883326525003424,0,0
525,7,0.001723169222024668,0,0
525,8,0.002230218278419237,0,0
525,9,0.002861673884416829,0,0
525,10,0.005133565268158199,0,0
525,11,0.011314258134024107,0,0
525,12,0.008462350389374994,0,0
525,13,0.0032639712696690493,0,0
526,1,0.6523640479669504,0,1
526,2,0.4622529928486471,0,0
526,3,0.0490553046744316,0,0
526,4,0.185711351116712,0,0
526,5,0.01487815227863326,0,0
526,6,0.0007374143843228833,0,0
526,7,0.07290788202401134,0,0
526,8,0.008127170877356215,0,0
526,9,0.008013032849246279,0,0
526,10,0.009261654060737241,0,0
526,11,0.0007518236917761728,0,0
526,12,0.022891942976695202,0,0
526,13,0.009892931492917253,0,0
527,1,0.01169511535368696,0,0
527,2,0.04674868771613283,0,0
527,3,0.008837854672577356,0,0
527,4,0.0061820887790237375,0,0
527,5,0.025227280049824795,0,0
527,6,0.11933836312795879,0,0
527,7,0.17497825117021573,0,0
527,8,0.07894604731909323,0,0
527,9,0.006325542933507758,0,0
527,10,0.026598715475251493,0,0
527,11,0.005723011666348589,0,0
527,12,0.003009735976886962,0,0
527,13,0.01797466479279966,0,0
528,1,0.04442472552516587,0,0
528,2,0.03619002334195706,0,0
528,3,0.004794290801074867,0,0
528,4,0.011539004374689856,0,0
528,5,0.003980503437783581,0,0
528,6,0.0015444052872941795,0,0
528,7,0.0029561200864022,0,0
528,8,0.6377069531980082,1,1
528,9,0.9887343811632143,1,1
528,10,0.9977585116702883,1,1
528,11,0.9410499104668518,1,1
528,12,0.9999976613993298,1,1
528,13,0.8882637451844863,1,1
529,1,0.034955693371046086,0,0
529,2,0.004199306069583934,0,0
529,3,0.0035855559189191936,0,0
529,4,0.0033592143992711605,0,0
529,5,0.9462913014458295,1,1
529,6,0.7764834014410746,1,1
529,7,0.9940118709065219,1,1
529,8,0.997598309974325,1,1
529,9,0.9999487674209606,1,1
529,10,0.7287832494612869,1,1
529,11,0.16294126144722706,1,0
529,12,0.025737608758778015,1,0
529,13,0.01324673051412204,0,0
530,1,0.9931045185027321,1,1
530,2,0.9676455383175445,1,1
530,3,0.9989992148697604,1,1
530,4,0.997837618651492,1,1
530,5,0.9998680916898804,1,1
530,6,0.05979525671085426,0,0
530,7,0.008599692596445612,0,0
530,8,0.011568150465301857,0,0
530,9,0.0021219242627496283,0,0
530,10,0.0037829272521586613,0,0
530,11,0.009437990575235339,0,0
530,12,0.16089250145537587,0,0
530,13,0.13805966214878826,0,0
531,1,0.4651657723102462,1,0
531,2,0.06946461221387286,1,0
531,3,0.79420102474975,1,1
531,4,0.8421914750640609,1,1
531,5,0.9999999701903604,1,1
531,6,0.9555560563007575,1,1
531,7,0.9947315941997652,1,1
531,8,0.9953014630604501,1,1
531,9,0.7915016471229299,1,1
531,10,0.9999958771665715,1,1
531,11,0.09600252216905268,0,0
531,12,0.0035480691100444866,0,0
531,13,0.01884130382453574,0,0
532,1,0.10193891203592735,0,0
532,2,0.017780958461585068,0,0
532,3,0.006448346977207759,0,0
532,4,0.003639973851268401,0,0
532,5,0.005280501294944474,0,0
532,6,0.00862495731306691,0,0
532,7,0.0005076914150305823,0,0
532,8,0.0030361436472004185,0,0
532,9,0.0011207367374204767,0,0
532,10,0.0004782219667200294,0,0
532,11,0.0036333571858102195,0,0
532,12,0.0009616198010963996,0,0
532,13,0.8151222376406907,1,1
533,1,0.04770356226568911,0,0
533,2,0.012950192870137328,0,0
533,3,0.011610938976060175,0,0
533,4,0.0007224829730958719,0,0
533,5,0.0014214145669153248,0,0
533,6,0.0018931484086115195,0,0
533,7,0.004900898946349431,0,0
533,8,0.5584871229528927,1,1
533,9,0.9470066660795973,1,1
533,10,0.9418385710561848,1,1
533,11,0.9997944337113818,1,1
533,12,0.9972582799738208,1,1
533,13,0.9810433427882842,1,1
534,1,0.013012107753781548,0,0
534,2,0.004178817203468031,0,0
534,3,0.0018127788768138222,0,0
534,4,0.021639720650264038,0,0
534,5,0.005746269826401579,0,0
534,6,0.0009715683920466175,0,0
534,7,0.030923406091354015,0,0
534,8,0.005312198353088141,0,0
534,9,0.005725112767134174,0,0
534,10,0.002706554819982253,0,0
534,11,0.0006604683975834043,0,0
534,12,0.001409676132198395,0,0
534,13,0.0033579894054611113,0,0
535,1,0.014423343349675027,0,0
535,2,0.2580134559782025,0,0
535,3,0.015859990107006523,0,0
535,4,0.0008344232554717588,0,0
535,5,0.0017180346471206086,0,0
535,6,0.014451345686626283,0,0
535,7,0.2239425156536132,0,0
535,8,0.0400375676218326,0,0
535,9,0.04742299883370547,0,0
535,10,0.007106633875100856,0,0
535,11,0.15019598312757956,0,0
535,12,0.04082654677674875,0,0
535,13,0.012252678538392528,0,0
536,1,0.009237646330963772,0,0
536,2,0.0013885554980738392,0,0
536,3,0.0019452024781246356,0,0
536,4,0.22957133927191758,0,0
536,5,0.0687701072287476,0,0
536,6,0.007137736422034582,0,0
536,7,0.0022101184291674785,0,0
536,8,0.012024738824859202,0,0
536,9,0.000864728789410059,0,0
536,10,0.0015256222536820024,0,0
536,11,0.0073420315312010724,0,0
536,12,0.002470637759172338,0,0
536,13,0.001944114919999543,0,0
537,1,0.0024537461797221986,0,0
537,2,0.0022119519601143745,0,0
537,3,0.001439319299188196,0,0
537,4,0.003955282250436144,0,0
537,5,0.0028180998427219913,0,0
537,6,0.06545312554476226,0,0
537,7,0.028209883477337425,0,0
537,8,0.00244703363910999,0,0
537,9,0.007319390518320108,0,0
537,10,0.0011012739761877045,0,0
537,11,0.007099557647058458,0,0
537,12,0.00318406744573678,0,0
537,13,0.001022707307716927,0,0
538,1,0.43550439747333847,1,0
538,2,0.9992856466926757,1,1
538,3,0.5113782896806089,0,1
538,4,0.6177244112902015,0,1
538,5,0.9999635346737399,1,1
538,6,0.9985306911617754,1,1
538,7,0.9811142387133424,0,1
538,8,0.1622390040417512,0,0
538,9,0.009193766580140535,0,0
538,10,0.1226562146031985,0,0
538,11,0.027176044471979133,0,0
538,12,0.007887335342495954,0,0
538,13,0.050044692094853876,0,0
539,1,0.011268193612521763,0,0
539,2,0.0010280930246321408,0,0
539,3,0.014011320011177343,0,0
539,4,0.0054866500606702015,0,0
539,5,0.007494246671082052,0,0
539,6,0.000831250302918825,0,0
539,7,0.02762731327978491,0,0
539,8,0.017142711752345028,0,0
539,9,0.0006326049323887774,0,0
539,10,0.001467745482694313,0,0
539,11,0.001183234032374966,0,0
539,12,0.003494473729710131,0,0
539,13,0.015878196252235882,0,0
540,1,0.01756301360296429,0,0
540,2,0.007890407398385545,0,0
540,3,0.010871542273317786,0,0
540,4,0.0059316448930000895,0,0
540,5,0.014041182525124799,0,0
540,6,0.08500553315875671,0,0
540,7,0.012598964621507685,0,0
540,8,0.002418101254701359,0,0
540,9,0.00399665394404589,0,0
540,10,0.7761386256931272,1,1
540,11,0.8935470500449955,1,1
540,12,0.9565309599340064,1,1
540,13,0.7180831001132426,0,1
541,1,0.9953321701076671,1,1
541,2,0.8240183674625492,1,1
541,3,0.051823127637315995,0,0
541,4,0.011899978265614345,0,0
541,5,0.020726102895646054,0,0
541,6,0.017265263139751644,0,0
541,7,0.0028795665832857015,0,0
541,8,0.0013172591185380222,0,0
541,9,0.02231452258459981,0,0
541,10,0.009440638929449404,0,0
541,11,0.4957455485056388,1,0
541,12,0.9973731641905902,1,1
541,13,0.9697935493007928,1,1
542,1,0.9079062485774212,1,1
542,2,0.9973637573400678,1,1
542,3,0.8091871901139126,1,1
542,4,0.9948844015157622,1,1
542,5,0.9990850595111768,1,1
542,6,0.9160445893213855,1,1
542,7,0.9700073647036991,1,1
542,8,0.9989869995207256,1,1
542,9,0.9037174453157502,0,1
542,10,0.5717240785991086,0,1
542,11,0.117381926045471,0,0
542,12,0.022500149538550226,0,0
542,13,0.04051969588655083,0,0
543,1,0.01928686158021431,0,0
543,2,0.015598455882349045,0,0
543,3,0.008474546285664755,0,0
543,4,0.0016632908735748327,0,0
543,5,0.9902229359455023,1,1
543,6,0.2748018470139503,0,0
543,7,0.012380579527174236,0,0
543,8,0.46716882543165683,1,0
543,9,0.4114812020358428,0,0
543,10,0.007133020583711287,0,0
543,11,0.00032808943818684694,0,0
543,12,0.0040626267025284015,0,0
543,13,0.003561834916929898,0,0
544,1,0.047938757114649844,0,0
544,2,0.0025099370150531764,0,0
544,3,0.0023754047401100126,0,0
544,4,0.0024361065119500877,0,0
544,5,0.0015020943797021266,0,0
544,6,0.003605051136354928,0,0
544,7,0.009314454586492141,0,0
544,8,0.0035416927158634444,0,0
544,9,0.010050238751290897,0,0
544,10,0.014088442209642876,0,0
544,11,0.0018329984946277766,0,0
544,12,0.005830168237384106,0,0
544,13,0.008742824070083952,0,0
545,1,0.01160250987623007,0,0
545,2,0.038526160522565536,0,0
545,3,0.04457610974734107,0,0
545,4,0.010480470457323171,0,0
545,5,0.038768591934628796,0,0
545,6,0.0008433853527492093,0,0
545,7,0.004131655544247534,0,0
545,8,0.002944634993503223,0,0
545,9,0.0017163248077158907,0,0
545,10,0.0017170722257763725,0,0
545,11,0.012644777586139593,0,0
545,12,0.012362738153694966,0,0
545,13,0.00946676030950268,0,0
546,1,0.1430952259973448,0,0
546,2,0.002910058670925985,0,0
546,3,0.016689515380974736,0,0
546,4,0.006682021873682521,0,0
546,5,0.06918298811811073,0,0
546,6,0.010318598836629082,0,0
546,7,0.9970100912589888,1,1
546,8,0.9946877711763669,1,1
546,9,0.901901613621491,1,1
546,10,0.9987023660453666,1,1
546,11,0.9965732785180328,1,1
546,12,0.9995719857831304,1,1
546,13,0.9840551819759636,1,1
547,1,0.49611060592922257,1,0
547,2,0.9860930542170108,1,1
547,3,0.9699024117578999,1,1
547,4,0.08519756426866591,0,0
547,5,0.006540065001652874,0,0
547,6,0.0007488424098923219,0,0
547,7,0.028980219701626377,0,0
547,8,0.00654082383376413,0,0
547,9,0.0028736719997244386,0,0
547,10,0.007940917690736632,0,0
547,11,0.004247321447784474,0,0
547,12,0.0049173033976306095,0,0
547,13,0.048051292913708465,0,0
548,1,0.7032429077036413,1,1
548,2,0.9084981147594802,1,1
548,3,0.6988212733630357,0,1
548,4,0.040538263013908254,0,0
548,5,0.006960318273790001,0,0
548,6,0.19617292139174436,0,0
548,7,0.007084309846860909,0,0
548,8,0.005688908640364819,0,0
548,9,0.0029411252074972574,0,0
548,10,0.03213404408970582,0,0
548,11,0.2896066151290305,0,0
548,12,0.028852240523103926,0,0
548,13,0.005102971974176553,0,0
549,1,0.08496815019521535,0,0
549,2,0.003772821868222513,0,0
549,3,0.01461300266396506,0,0
549,4,0.005054706967106088,0,0
549,5,0.01798738996070787,0,0
549,6,0.0007748842170261861,0,0
549,7,0.01789436667572956,0,0
549,8,0.0011631496749019534,0,0
549,9,0.007998367579272645,0,0
549,10,0.004780088891115921,0,0
549,11,0.010580687519858226,0,0
549,12,0.001116980833571118,0,0
549,13,0.010408748199055417,0,0
550,1,0.9999941337564453,1,1
550,2,0.6448052887591138,1,1
550,3,0.9967294244945791,1,1
550,4,0.2557810751098855,0,0
550,5,0.054890540698365554,0,0
550,6,0.0041270783956691036,0,0
550,7,0.9983776840221248,1,1
550,8,0.8972626786529266,1,1
550,9,0.8863200734085476,1,1
550,10,0.3883379569850415,1,0
550,11,0.9932301473386779,1,1
550,12,0.99906246341208,1,1
550,13,0.44398829780023685,1,0
551,1,0.014480769607074524,0,0
551,2,0.017183853275032742,0,0
551,3,0.0005725732672128283,0,0
551,4,0.15109511079045373,0,0
551,5,0.002728958958181888,0,0
551,6,0.016986435559854917,0,0
551,7,0.009133724675854122,0,0
551,8,0.39640944392748984,0,0
551,9,0.09711650728399802,0,0
551,10,0.04082344041093398,0,0
551,11,0.023239655689580356,0,0
551,12,0.0018897918769140685,0,0
551,13,0.0006674994872212178,0,0
552,1,0.009343822508359679,0,0
552,2,0.003218742262953166,0,0
552,3,0.00966947478555072,0,0
552,4,0.27463608213115354,0,0
552,5,0.10855971360878713,0,0
552,6,0.01828157405940265,0,0
552,7,0.0009425748339593047,0,0
552,8,0.0010815679115002803,0,0
552,9,0.001024022189009421,0,0
552,10,0.03698066520018455,0,0
552,11,0.7008820032623628,1,1
552,12,0.8553554168309307,1,1
552,13,0.9995301725031129,1,1
553,1,0.3867393120116737,1,0
553,2,0.9999994419431734,1,1
553,3,0.6853616207520175,1,1
553,4,0.9999374445118088,1,1
553,5,0.9998114078226651,1,1
553,6,0.9828337029424635,1,1
553,7,0.3109952458965737,0,0
553,8,0.10627809853135933,0,0
553,9,0.032292816458639406,0,0
553,10,0.009174105191536018,0,0
553,11,0.011445310505154937,0,0
553,12,0.022234220424105153,0,0
553,13,0.0021240325627350635,0,0
554,1,0.8166821835096004,0,1
554,2,0.03963805538248863,0,0
554,3,0.008743011490014376,0,0
554,4,0.008550955603082947,0,0
554,5,0.008472851064947124,0,0
554,6,0.007601992122316657,0,0
554,7,0.011046253960399544,0,0
554,8,0.021005390897553655,0,0
554,9,0.002685226563622102,0,0
554,10,0.0008169702169069467,0,0
554,11,0.011473763602964971,0,0
554,12,0.0029574512816349196,0,0
554,13,0.003307485707636471,0,0
555,1,0.028375815398093425,0,0
555,2,0.0017002184047762276,0,0
555,3,0.0003011194974946841,0,0
555,4,0.0149197573957919,0,0
555,5,0.002911721965132468,0,0
555,6,0.021630671164605705,0,0
555,7,0.004308111264572609,0,0
555,8,0.05570111211143678,0,0
555,9,0.8469123570218131,1,1
555,10,0.9420951220667749,1,1
555,11,0.9994413088067833,1,1
555,12,0.9550906742314833,1,1
555,13,0.9996563372992284,1,1
556,1,0.00627873717129171,0,0
556,2,0.003941634013186668,0,0
556,3,0.015281687703253909,0,0
556,4,0.0010224614970030246,0,0
556,5,0.0057156826714068795,0,0
556,6,0.01032718736556954,0,0
556,7,0.03077200485691287,0,0
556,8,0.04039263475576918,0,0
556,9,0.00254599690394035,0,0
556,10,0.0004253138377741648,0,0
556,11,0.001320959906547388,0,0
556,12,0.0031086772398945077,0,0
556,13,0.013904614744231785,0,0
557,1,0.011126874660240132,0,0
557,2,0.8717479339742531,1,1
557,3,0.989022026054557,1,1
557,4,0.9368514991105622,1,1
557,5,0.5388934025573241,1,1
557,6,0.9543313087544362,1,1
557,7,0.9958709448205152,1,1
557,8,0.061705952806334216,0,0
557,9,0.05903127083585636,0,0
557,10,0.01624099284922229,0,0
557,11,0.013023132520726727,0,0
557,12,0.002632920859958996,0,0
557,13,0.007541822157866367,0,0
558,1,0.0726036014766416,0,0
558,2,0.004044444891145672,0,0
558,3,0.036481239736034766,0,0
558,4,0.018816307683762114,0,0
558,5,0.002416245522096648,0,0
558,6,0.011793055128941176,0,0
558,7,0.2534930555005514,0,0
558,8,0.007252377010257003,0,0
558,9,0.0029900977180479667,0,0
558,10,0.04744119113553286,0,0
558,11,0.09013751369106562,0,0
558,12,0.006385573591654693,0,0
558,13,0.03340430555051263,0,0
559,1,0.9999989074468818,1,1
559,2,0.9997665119705251,1,1
559,3,0.5031595506643778,1,1
559,4,0.9096089177142593,1,1
559,5,0.9730023125144274,1,1
559,6,0.9147846570665661,1,1
559,7,0.284983427903539,0,0
559,8,0.025916383949513518,0,0
559,9,0.0027405461907987747,0,0
559,10,0.008667419765100881,0,0
559,11,0.01260475327321639,0,0
559,12,0.0018196296836862978,0,0
559,13,0.020142865758262553,0,0
560,1,0.009600649677189306,0,0
560,2,0.007080137814173994,0,0
560,3,0.006328531938441337,0,0
560,4,0.006484544615729013,0,0
560,5,0.0029563744314882487,0,0
560,6,0.0064410729002863576,0,0
560,7,0.46159267069012777,1,0
560,8,0.16493440045221633,1,0
560,9,0.5705524389259942,1,1
560,10,0.9969613019048746,1,1
560,11,0.99715757039368,1,1
560,12,0.830490967919431,1,1
560,13,0.6855506852587355,1,1
561,1,0.02391107696529621,0,0
561,2,0.001666567895423199,0,0
561,3,0.040987756221824344,0,0
561,4,0.029203402306861033,0,0
561,5,0.0009720941773140173,0,0
561,6,0.009943640930219204,0,0
561,7,0.005604144412797923,0,0
561,8,0.0027897773544051617,0,0
561,9,0.006508952045432411,0,0
561,10,0.2314087577711072,0,0
561,11,0.0037274139589384917,0,0
561,12,0.0018950951755308868,0,0
561,13,0.0020537616625882324,0,0
562,1,0.030289604165863317,0,0
562,2,0.9939580819588304,1,1
562,3,0.9939523727755554,1,1
562,4,0.999392763755014,1,1
562,5,0.23000499152991047,0,0
562,6,0.7259617323066595,0,1
562,7,0.41084947576096925,0,0
562,8,0.014636676451831697,0,0
562,9,0.005603096227716039,0,0
562,10,0.0011851075356213033,0,0
562,11,0.018158114694780503,0,0
562,12,0.7196196946136908,1,1
562,13,0.9999955592741928,1,1
563,1,0.007563555340393746,0,0
563,2,0.009324135431766004,0,0
563,3,0.03185085081362591,0,0
563,4,0.0044297779773164936,0,0
563,5,0.002096388432885129,0,0
563,6,0.010233667993550036,0,0
563,7,0.039089906354783176,1,0
563,8,0.1059587931115904,0,0
563,9,0.001457355200570964,0,0
563,10,0.001927428031317916,0,0
563,11,0.06114303897504041,0,0
563,12,0.012687312482032751,0,0
563,13,0.1122772858026889,0,0
564,1,0.43831075227767385,0,0
564,2,0.10779768932550839,0,0
564,3,0.010081640248559084,0,0
564,4,0.006797172485868548,0,0
564,5,0.005189655397197663,0,0
564,6,0.013278052857768357,0,0
564,7,0.4909037962083655,0,0
564,8,0.030674027023897217,0,0
564,9,0.0031548934358150388,0,0
564,10,0.008062444018068946,0,0
564,11,0.0018643287551590496,0,0
564,12,0.05476412988240945,0,0
564,13,0.09417807011893027,0,0
565,1,0.01226012352837985,0,0
565,2,0.00047428458369350195,0,0
565,3,0.005698470717232474,0,0
565,4,0.016431857576088154,0,0
565,5,0.0019159930692192666,0,0
565,6,0.0018643455248750183,0,0
565,7,0.0020788195688733447,0,0
565,8,0.03186697471196891,0,0
565,9,0.04342622757058218,0,0
565,10,0.003642073179441492,0,0
565,11,0.050237227940944054,0,0
565,12,0.03919287794944347,0,0
565,13,0.00430563021619668,0,0
566,1,0.9702398693236945,1,1
566,2,0.9947575895767373,1,1
566,3,0.9916577683892436,1,1
566,4,0.9989382900853563,1,1
566,5,0.9954433000909104,1,1
566,6,0.9998641778982691,1,1
566,7,0.4093682980199307,0,0
566,8,0.22318458825876664,1,0
566,9,0.08454233352429334,0,0
566,10,0.007425541692931533,0,0
566,11,0.010697406523980914,0,0
566,12,0.0019288631758133357,0,0
566,13,0.0068462527029472635,0,0
567,1,0.1003430835766945,1,0
567,2,0.004942684753755017,1,0
567,3,0.037253739824283726,1,0
567,4,0.9793716611398432,1,1
567,5,0.9999323175423187,1,1
567,6,0.9978804145952169,1,1
567,7,0.5084749435347761,1,1
567,8,0.07926593616657272,0,0
567,9,0.019565668426915896,0,0
567,10,0.0049365797926949895,0,0
567,11,0.003079594851689125,0,0
567,12,0.000812298801717663,0,0
567,13,0.718379916378481,1,1
568,1,0.04251234603934975,0,0
568,2,0.06083819577355718,0,0
568,3,0.0025025613161969744,0,0
568,4,0.007200351229322023,0,0
568,5,0.008192742063477422,0,0
568,6,0.0010870925602096896,0,0
568,7,0.0035694313810544476,0,0
568,8,0.007614339737202841,0,0
568,9,0.001239697022303272,0,0
568,10,0.12478774271150875,0,0
568,11,0.0030481826080252677,0,0
568,12,0.038932378195038794,0,0
568,13,0.08973306844231338,0,0
569,1,0.9966319902730111,1,1
569,2,0.9853780141583843,1,1
569,3,0.20341588674020922,0,0
569,4,0.04938488265837038,0,0
569,5,0.0012028013246866776,0,0
569,6,0.006036412805603141,0,0
569,7,0.000616522063508064,0,0
569,8,0.004333697211954977,0,0
569,9,0.012580590011070742,0,0
569,10,0.007920037790941848,0,0
569,11,0.0011593179534447756,0,0
569,12,0.026582292842009088,0,0
569,13,0.016853605510679253,0,0
570,1,0.004505064231223421,0,0
570,2,0.04466517834731293,0,0
570,3,0.023435384814088755,0,0
570,4,0.004701433561415026,0,0
570,5,0.017603379243510305,0,0
570,6,0.9984976396218918,1,1
570,7,0.9952628889303095,1,1
570,8,0.061922131115703445,0,0
570,9,0.011194586123261283,0,0
570,10,0.779697843735311,1,1
570,11,0.9275178168017547,1,1
570,12,0.6040881607526961,1,1
570,13,0.7078102527555327,0,1
571,1,0.19908778471205021,0,0
571,2,0.06866228559041118,0,0
571,3,0.015202745221762994,0,0
571,4,0.004125472077077931,0,0
571,5,0.0007600231528922325,0,0
571,6,0.0011238943049412672,0,0
571,7,0.0019056854061013397,0,0
571,8,0.9058073429436317,1,1
571,9,0.999569254757337,1,1
571,10,0.987322765825626,1,1
571,11,0.4598227586745121,1,0
571,12,0.2610334597830818,0,0
571,13,0.07251726978295783,0,0
572,1,0.29585994755395156,0,0
572,2,0.053881495247069394,0,0
572,3,0.006468778269210244,0,0
572,4,0.0016946091197809136,0,0
572,5,0.07804729396829026,0,0
572,6,0.008927354067536569,0,0
572,7,0.004835067097064179,0,0
572,8,0.0017633048545514964,0,0
572,9,0.07202710648675846,0,0
572,10,0.004122324525411088,0,0
572,11,0.042597836232307465,0,0
572,12,0.015516138291763251,0,0
572,13,0.005022858712845621,0,0
573,1,0.0334208604486227,0,0
573,2,0.06173592280081118,0,0
573,3,0.013555541902827796,0,0
573,4,0.0017973781783142942,0,0
573,5,0.00031438255445314316,0,0
573,6,0.0009507687288410829,0,0
573,7,0.337044483791336,1,0
573,8,0.05721021230491153,0,0
573,9,0.00303319840577387,0,0
573,10,0.0013949610408489578,0,0
573,11,0.0010565477216552773,0,0
573,12,0.001440809685384329,0,0
573,13,0.00401696145819408,0,0
574,1,0.1078037265061841,0,0
574,2,0.001937749323371521,0,0
574,3,0.00120305396205849,0,0
574,4,0.0030749789644808146,0,0
574,5,0.02514605899533747,0,0
574,6,0.27046578658663584,0,0
574,7,0.06937408832713954,0,0
574,8,0.00636731876996864,0,0
574,9,0.008842360419873544,0,0
574,10,0.002331894579754319,0,0
574,11,0.0036550590200561295,0,0
574,12,0.006519055134257841,0,0
574,13,0.07506840035245034,0,0
575,1,0.044004402857479766,0,0
575,2,0.0013799758268425197,0,0
575,3,0.0065114115471873206,0,0
575,4,0.015289432313375309,0,0
575,5,0.01733453672235889,0,0
575,6,0.00522974823104277,0,0
575,7,0.004047808410212275,0,0
575,8,0.00888628943484683,0,0
575,9,0.0005932830128037021,0,0
575,10,0.12738375760544848,0,0
575,11,0.0041230560939254065,0,0
575,12,0.00270788700842425,0,0
575,13,0.00501948624789969,0,0
576,1,0.9673041697396406,1,1
576,2,0.9913009599382977,1,1
576,3,0.2101065221446738,0,0
576,4,0.014303471143473672,0,0
576,5,0.0027651879798189713,0,0
576,6,0.006482988684553459,0,0
576,7,0.003400426060703733,0,0
576,8,0.02519906586184504,0,0
576,9,0.00272519065599611,0,0
576,10,0.018338922673703895,0,0
576,11,0.009657838456505533,0,0
576,12,0.008751724321052406,0,0
576,13,0.009172014268046315,0,0
577,1,0.9618059098947478,1,1
577,2,0.32689213980155746,1,0
577,3,0.062019698320200954,0,0
577,4,0.02994777718171501,0,0
577,5,0.0018203148068333009,0,0
577,6,0.0012013835669868159,0,0
577,7,0.0023313614842768037,0,0
577,8,0.2693785053382562,1,0
577,9,0.99760513011851,1,1
577,10,0.9999970516099108,1,1
577,11,0.999655370725775,1,1
577,12,0.9661750396480289,1,1
577,13,0.9996681757461049,1,1
578,1,0.10243978120214121,0,0
578,2,0.024446765329865793,0,0
578,3,0.016469270871990117,0,0
578,4,0.00560516311778078,0,0
578,5,0.008516818446059192,0,0
578,6,0.004873335222738006,0,0
578,7,0.001712015850533815,0,0
578,8,0.02948828935671481,0,0
578,9,0.020741979972770233,0,0
578,10,0.004091648646066862,0,0
578,11,0.01341152026356818,0,0
578,12,0.005645699135798956,0,0
578,13,0.002452988508835982,0,0
579,1,0.03152223279053882,0,0
579,2,0.009210174148254452,0,0
579,3,0.001785665355816616,0,0
579,4,0.0016992536808704414,0,0
579,5,0.002153636436091052,0,0
579,6,0.0017282629342298744,0,0
579,7,0.0016214088982349445,0,0
579,8,0.6883543763545207,1,1
579,9,0.7507374939415634,1,1
579,10,0.49840370279319707,0,0
579,11,0.02904142191906129,0,0
579,12,0.04961699103652128,1,0
579,13,0.562721110471151,1,1
580,1,0.006516225024815888,0,0
580,2,0.001675373125181119,0,0
580,3,0.003083672123480513,0,0
580,4,0.03832865658188925,0,0
580,5,0.9264227837119804,1,1
580,6,0.8543227340914061,1,1
580,7,0.8578629813728718,1,1
580,8,0.9998523381849639,1,1
580,9,0.8896140718167899,1,1
580,10,0.9999552808758613,1,1
580,11,0.026371897999909535,0,0
580,12,0.008959838117953891,0,0
580,13,0.003019456317734364,0,0
581,1,0.14974995976197134,0,0
581,2,0.03068194580152345,0,0
581,3,0.005367264437707856,0,0
581,4,0.31801412465841633,0,0
581,5,0.05605519503676434,0,0
581,6,0.0023504049594113585,0,0
581,7,0.009453777814979402,0,0
581,8,0.001640339368860191,0,0
581,9,0.22918339904952478,0,0
581,10,0.9960848399074108,1,1
581,11,0.9884739195990838,1,1
581,12,0.9998241258418754,1,1
581,13,0.9893335896258348,1,1
582,1,0.0035140906536337505,0,0
582,2,0.001343311348627167,0,0
582,3,0.016364767988683547,0,0
582,4,0.8346785986827261,0,1
582,5,0.13449302562473564,0,0
582,6,0.002468687283399491,0,0
582,7,0.03786048628605928,0,0
582,8,0.003932239438513912,0,0
582,9,0.001618057713045205,0,0
582,10,0.006325535821712248,0,0
582,11,0.5923572779665683,0,1
582,12,0.1709137860285559,0,0
582,13,0.010916938256112304,0,0
583,1,0.004046007383451172,0,0
583,2,0.07807856620515438,0,0
583,3,0.005134137010746811,0,0
583,4,0.018484217155759274,0,0
583,5,0.0040969865048793765,0,0
583,6,0.004835990998650843,0,0
583,7,0.001565577541384663,0,0
583,8,0.005074332397175433,0,0
583,9,0.0030194649987972536,0,0
583,10,0.0020281227908588513,0,0
583,11,0.006728863625121536,0,0
583,12,0.008947010940014988,0,0
583,13,0.1602144653247997,0,0
584,1,0.012317816540255953,0,0
584,2,0.0206870610412676,0,0
584,3,0.0025851980257247014,0,0
584,4,0.22558874366326434,1,0
584,5,0.6595944677753657,1,1
584,6,0.0297985347232447,0,0
584,7,0.002556498101257362,0,0
584,8,0.036843413071723244,0,0
584,9,0.0006679547964588196,0,0
584,10,0.4451387434521593,0,0
584,11,0.05710975475939984,0,0
584,12,0.0017579469096443252,0,0
584,13,0.009114805625307398,0,0
585,1,0.9803287284689611,1,1
585,2,0.9897755996599208,1,1
585,3,0.9993525858682922,1,1
585,4,0.998549701742115,1,1
585,5,0.995447823745774,1,1
585,6,0.9116298521371141,1,1
585,7,0.6029528433564383,1,1
585,8,0.4417016325322826,0,0
585,9,0.09051272540548294,0,0
585,10,0.2388661084866934,0,0
585,11,0.00870944950860265,0,0
585,12,0.001962469685244193,0,0
585,13,0.007836957493368811,0,0
586,1,0.005571635761459032,0,0
586,2,0.044857212917498085,0,0
586,3,0.0025821023337027063,0,0
586,4,0.010128595550553248,0,0
586,5,0.014514606906607972,0,0
586,6,0.00231287711363817,0,0
586,7,0.08190365023958152,0,0
586,8,0.008304548565752834,0,0
586,9,0.030185712412247337,0,0
586,10,0.04465517404379098,0,0
586,11,0.029512001029847114,0,0
586,12,0.0043809477385922885,0,0
586,13,0.0015448902621376063,0,0
587,1,0.04413260511259142,0,0
587,2,0.0062181060917140775,0,0
587,3,0.29886784360274615,1,0
587,4,0.9994238104811949,1,1
587,5,0.9972878733125682,1,1
587,6,0.9999992623192683,1,1
587,7,0.17457628496756783,1,0
587,8,0.8560328063032241,1,1
587,9,0.02269240255252326,0,0
587,10,0.14780121361729756,0,0
587,11,0.06607794131668793,0,0
587,12,0.09342960606081749,0,0
587,13,0.07552739719895835,0,0
588,1,0.06940545347478101,0,0
588,2,0.01960741680722412,0,0
588,3,0.014882763887216485,0,0
588,4,0.007839909042312224,0,0
588,5,0.02916951834780623,0,0
588,6,0.0016851985526438558,0,0
588,7,0.0007072639732166369,0,0
588,8,0.042234692372741384,0,0
588,9,0.1257723605645715,0,0
588,10,0.006119776613561145,0,0
588,11,0.007591277780091413,0,0
588,12,0.20927182165460906,0,0
588,13,0.004570990240838406,0,0
589,1,0.33239066923766675,0,0
589,2,0.009400001314471504,0,0
589,3,0.15954470241571966,1,0
589,4,0.989204133561953,1,1
589,5,0.9349891429502176,1,1
589,6,0.7369315288988939,1,1
589,7,0.13667383080766227,1,0
589,8,0.2409599842083427,0,0
589,9,0.01979994289748464,0,0
589,10,0.9655063365140808,1,1
589,11,0.4273162092863748,0,0
589,12,0.11457491033013688,0,0
589,13,0.020396763707734498,0,0
590,1,0.20569634367232342,0,0
590,2,0.02713868485544529,0,0
590,3,0.6980550558303656,1,1
590,4,0.9994596559136635,1,1
590,5,0.969132944646772,1,1
590,6,0.82105034759173,1,1
590,7,0.36450837369726163,1,0
590,8,0.9985299341758684,1,1
590,9,0.7199128217500109,0,1
590,10,0.02474864465508635,0,0
590,11,0.07108741861547897,0,0
590,12,0.9076988504444472,1,1
590,13,0.8711183631117361,1,1
591,1,0.5739809212628881,0,1
591,2,0.9998959303941827,1,1
591,3,0.963158351234197,1,1
591,4,0.9980869843728152,1,1
591,5,0.7525623469563745,0,1
591,6,0.05670057909268961,0,0
591,7,0.006876805474915822,0,0
591,8,0.0008030999686077294,0,0
591,9,0.0027090139858235553,0,0
591,10,0.03733913985533394,0,0
591,11,0.007341869470354997,0,0
591,12,0.001493582097625431,0,0
591,13,0.0021488486893577615,0,0
592,1,0.009192413419536206,0,0
592,2,0.0029364348205542564,0,0
592,3,0.0015962957286505483,0,0
592,4,0.007172464045835597,0,0
592,5,0.003949442165752545,0,0
592,6,0.01283770546840083,0,0
592,7,0.001697879026463434,0,0
592,8,0.00644700008251052,0,0
592,9,0.0061752768538374005,0,0
592,10,0.002152429512918637,0,0
592,11,0.019803642272734463,0,0
592,12,0.08841254181328237,0,0
592,13,0.008279817909811894,0,0
593,1,0.20494303768976882,1,0
593,2,0.9993544158256852,1,1
593,3,0.9930009034202757,1,1
593,4,0.991564596234223,1,1
593,5,0.2974191293988733,0,0
593,6,0.013236425648886531,0,0
593,7,0.0014957094150475625,0,0
593,8,0.017141528948185734,0,0
593,9,0.023268925293304297,0,0
593,10,0.0018467811418902704,0,0
593,11,0.0024271299848352412,0,0
593,12,0.004477450595179473,0,0
593,13,0.21378704917966374,0,0
594,1,0.030738137343897607,0,0
594,2,0.010521413397362716,0,0
594,3,0.0003442192529133513,0,0
594,4,0.2438199497417113,1,0
594,5,0.9988872291436066,1,1
594,6,0.8523463980294218,1,1
594,7,0.9986440239402173,1,1
594,8,0.9863596439146363,1,1
594,9,0.9983855586860206,1,1
594,10,0.043628306872809795,0,0
594,11,0.00189087028224584,0,0
594,12,0.28426802870340856,1,0
594,13,0.02826614259746053,0,0
595,1,0.05062268872140395,0,0
595,2,0.0012056482367918014,0,0
595,3,0.0029786223463185908,0,0
595,4,0.10536024570840935,0,0
595,5,0.999439891052853,1,1
595,6,0.9625583862236873,1,1
595,7,0.061967480529363725,0,0
595,8,0.0037571779553767734,0,0
595,9,0.003658007258837889,0,0
595,10,0.009048274675175019,0,0
595,11,0.9999906090080819,1,1
595,12,0.7018197408645265,1,1
595,13,0.9975883293959104,1,1
596,1,0.0182490375205461,0,0
596,2,0.0044333185235434225,0,0
596,3,0.01494184869179503,0,0
596,4,0.001541331768672767,0,0
596,5,0.0010844087783365378,0,0
596,6,0.01382197970905259,0,0
596,7,0.00613490102382285,0,0
596,8,0.0010006649085007248,0,0
596,9,0.002834509464596682,0,0
596,10,0.007383405322060517,0,0
596,11,0.011177420546183118,0,0
596,12,0.13943201650490808,0,0
596,13,0.023307691879858455,0,0
597,1,0.01594596368224059,0,0
597,2,0.02127700934762975,0,0
597,3,0.07105568661454241,0,0
597,4,0.733815295924642,0,1
597,5,0.3999364884166617,0,0
597,6,0.07261994524760453,0,0
597,7,0.9970487341919894,1,1
597,8,0.8313336279598634,0,1
597,9,0.5468799313076931,0,1
597,10,0.2354445821281878,0,0
597,11,0.9760764475549052,1,1
597,12,0.9999877283722188,1,1
597,13,0.7109347170970851,1,1
598,1,0.008023093725589098,0,0
598,2,0.7501128736975076,0,1
598,3,0.9995577374551766,1,1
598,4,0.9711466071989857,1,1
598,5,0.9993445864214024,1,1
598,6,0.025463424809754935,0,0
598,7,0.0011052115335421129,0,0
598,8,0.012999916250842736,0,0
598,9,0.0036727553245543775,0,0
598,10,0.286025350511174,0,0
598,11,0.013950848735599436,0,0
598,12,0.059628003286877604,0,0
598,13,0.002106522757906209,0,0
599,1,0.003690710367861387,0,0
599,2,0.0010194500633172805,0,0
599,3,0.07761859753579026,0,0
599,4,0.018458432484252385,0,0
599,5,0.01408216886330276,0,0
599,6,0.0017333516748352627,0,0
599,7,0.022869408096985334,0,0
599,8,0.00756746913857814,0,0
599,9,0.0012644670858928632,0,0
599,10,0.001046174753965401,0,0
599,11,0.010874984644491624,0,0
599,12,0.023657941178344473,0,0
599,13,0.0023963091475183245,0,0
600,1,0.09665710196800242,0,0
600,2,0.06566284546002688,0,0
600,3,0.3181737149525833,0,0
600,4,0.09287025656551384,0,0
600,5,0.015969629431147606,0,0
600,6,0.0021930491001726604,0,0
600,7,0.0037668782784600293,0,0
600,8,0.0006467498592864848,0,0
600,9,0.005734728983064795,0,0
600,10,0.0013021241074645969,0,0
600,11,0.014486850593740537,0,0
600,12,0.003842728342803905,0,0
600,13,0.01674897881100883,0,0
601,1,0.5390416085644942,1,1
601,2,0.39578632502499,1,0
601,3,0.9997157493709341,1,1
601,4,0.9442840831364938,1,1
601,5,0.9960095719517364,1,1
601,6,0.9878156129305641,1,1
601,7,0.9999430970750066,1,1
601,8,0.9999919509555185,1,1
601,9,0.9942466626740788,1,1
601,10,0.9430809476274078,1,1
601,11,0.9435790103680302,1,1
601,12,0.6733870070873024,1,1
601,13,0.4204568282119827,1,0
602,1,0.052349506290203594,0,0
602,2,0.007852378508572773,0,0
602,3,0.043748690346036144,0,0
602,4,0.0056422157294783795,0,0
602,5,0.004265570334357416,0,0
602,6,0.06754957237649013,0,0
602,7,0.003062903927590465,0,0
602,8,0.1043572594643364,0,0
602,9,0.003791222139435898,0,0
602,10,0.05090819964870391,0,0
602,11,0.009216696598250229,0,0
602,12,0.0008672870981639025,0,0
602,13,0.0029703599667596126,0,0
603,1,0.8292609159254849,1,1
603,2,0.9950380509836888,1,1
603,3,0.7584614684434642,1,1
603,4,0.29028764181422273,1,0
603,5,0.005419435197700573,0,0
603,6,0.0069294302846992315,0,0
603,7,0.0005184776993899863,0,0
603,8,0.0022620105233757634,0,0
603,9,0.004958127231779551,0,0
603,10,0.03903386132343002,0,0
603,11,0.0009824598593195322,0,0
603,12,0.00040639290005274793,0,0
603,13,0.006703073673702553,0,0
604,1,0.9458422580126243,1,1
604,2,0.9918950477811626,1,1
604,3,0.9548216488341288,1,1
604,4,0.5026395634439633,1,1
604,5,0.11901390085719737,0,0
604,6,0.007009082978858498,0,0
604,7,0.9524636026949126,1,1
604,8,0.9993675528476953,1,1
604,9,0.999995070301684,1,1
604,10,0.48372102387980154,1,0
604,11,0.9964428066174498,1,1
604,12,0.9990981939570661,1,1
604,13,0.9998783452632758,1,1
605,1,0.06895268722940935,0,0
605,2,0.9873548945168509,1,1
605,3,0.9995807401274631,1,1
605,4,0.9980633978441515,1,1
605,5,0.9547954664179842,1,1
605,6,0.9999567118306232,1,1
605,7,0.9126443648142492,0,1
605,8,0.16464825940411787,0,0
605,9,0.07033916697286705,0,0
605,10,0.0026357896236669552,0,0
605,11,0.0026218119755542072,0,0
605,12,0.0013680096942386727,0,0
605,13,0.003919320911095752,0,0
606,1,0.05372396230124791,0,0
606,2,0.003734928942408294,0,0
606,3,0.004682427454107101,0,0
606,4,0.08514030999002287,0,0
606,5,0.0016126910066460915,0,0
606,6,0.0016292445257289662,0,0
606,7,0.005595347566280257,0,0
606,8,0.1881633616919757,0,0
606,9,0.07059267232155014,0,0
606,10,0.01582729652569883,0,0
606,11,0.0018065056800437309,0,0
606,12,0.0016894362489770045,0,0
606,13,0.0023654973767878425,0,0
607,1,0.012262518218515163,0,0
607,2,0.00818719422699573,0,0
607,3,0.015876476450038417,0,0
607,4,0.09395992264791322,1,0
607,5,0.4792873553714826,1,0
607,6,0.999863552784137,1,1
607,7,0.03404927497438607,0,0
607,8,0.009648997881891077,0,0
607,9,0.0006742603159388884,0,0
607,10,0.0040692386666671635,0,0
607,11,0.0011511267655697668,0,0
607,12,0.011462310562978173,0,0
607,13,0.0014900927992402234,0,0
608,1,0.0194479462609886,0,0
608,2,0.0180254243789434,0,0
608,3,0.004407089943361624,0,0
608,4,0.2562713763668603,1,0
608,5,0.5477766013405284,1,1
608,6,0.9850027371093207,1,1
608,7,0.9921426779230843,1,1
608,8,0.9933075043907948,1,1
608,9,0.9999790138951363,1,1
608,10,0.9737792150902121,1,1
608,11,0.9999922457317664,1,1
608,12,0.15776505282195522,1,0
608,13,0.9953788098864662,1,1
609,1,0.004641602531095585,0,0
609,2,0.004352407452126833,0,0
609,3,0.005699805467203998,0,0
609,4,0.0035498841887238526,0,0
609,5,0.9978442865336824,1,1
609,6,0.9854883215840815,1,1
609,7,0.9995067588833992,1,1
609,8,0.9341006817241045,1,1
609,9,0.528849820673461,0,1
609,10,0.01951860616662721,0,0
609,11,0.002180473884565261,0,0
609,12,0.0020918573648036117,0,0
609,13,0.004828969812259326,0,0
610,1,0.8832942377315041,1,1
610,2,0.9999489797128588,1,1
610,3,0.9995814601969677,1,1
610,4,0.9430568416581416,1,1
610,5,0.9942359850623906,1,1
610,6,0.8533823579909857,1,1
610,7,0.9996596620537067,1,1
610,8,0.9107370104000834,1,1
610,9,0.9999999346019987,1,1
610,10,0.9998229357519325,1,1
610,11,0.9992812180338119,1,1
610,12,0.999861228273483,1,1
610,13,0.6073849356564455,0,1
611,1,0.5976241504297837,1,1
611,2,0.9885867750425334,1,1
611,3,0.9984612716980769,1,1
611,4,0.9995474670207264,1,1
611,5,0.9999804657091476,1,1
611,6,0.9957926553486375,1,1
611,7,0.6433374960874957,0,1
611,8,0.3239865171676296,1,0
611,9,0.9141378318744163,1,1
611,10,0.9768909376241214,1,1
611,11,0.9832991485983095,1,1
611,12,0.9663100249475786,1,1
611,13,0.519459810505169,0,1
612,1,0.06432784836078079,0,0
612,2,0.06859080239132136,0,0
612,3,0.7353051400466936,0,1
612,4,0.22587690301745356,0,0
612,5,0.01924460968126609,0,0
612,6,0.02761915588417839,0,0
612,7,0.11615815720345427,0,0
612,8,0.02454803030322195,0,0
612,9,0.014221488895819872,0,0
612,10,0.0020233554658868275,0,0
612,11,0.0047806490201998866,0,0
612,12,0.006249597611662674,0,0
612,13,0.008944308930855483,0,0
613,1,0.009304440067955633,0,0
613,2,0.006307318288855471,0,0
613,3,0.0005740911423230359,0,0
613,4,0.0019340863363117395,0,0
613,5,0.0055110508300360685,0,0
613,6,0.035591551734597826,0,0
613,7,0.008426501922183206,0,0
613,8,0.024217809254424124,0,0
613,9,0.022025963186850905,0,0
613,10,0.00805246468088064,0,0
613,11,0.04860861139997582,0,0
613,12,0.9004524935679136,1,1
613,13,0.06138011151743339,1,0
614,1,0.6206017031111258,1,1
614,2,0.8732487472683791,1,1
614,3,0.05620672661986489,0,0
614,4,0.147549837611396,0,0
614,5,0.17101011769731478,0,0
614,6,0.7372732105624298,0,1
614,7,0.028661666938364177,0,0
614,8,0.0019877321382079354,0,0
614,9,0.002938066224700752,0,0
614,10,0.0004087243207497375,0,0
614,11,0.0006990402737208388,0,0
614,12,0.004882486275820258,0,0
614,13,0.001176216104136737,0,0
615,1,0.01056918041061985,0,0
615,2,0.0008640451838177328,0,0
615,3,0.05318594603002833,1,0
615,4,0.1311920327918821,1,0
615,5,0.9035936037770761,1,1
615,6,0.3319806666381851,0,0
615,7,0.28676403295264297,0,0
615,8,0.07942420604620354,0,0
615,9,0.006651418388588966,0,0
615,10,0.00232947815890651,0,0
615,11,0.0673161307396697,0,0
615,12,0.06561734919205675,0,0
615,13,0.0027421304698843187,0,0
616,1,0.003640921914936538,0,0
616,2,0.04945536062046273,0,0
616,3,0.02281485193691333,0,0
616,4,0.009312371181837184,0,0
616,5,0.0131019026757865,0,0
616,6,0.0008907778934653331,0,0
616,7,0.16762770096282353,1,0
616,8,0.8274052655894276,1,1
616,9,0.9981300338534266,1,1
616,10,0.9989975895431193,1,1
616,11,0.9993817480383028,1,1
616,12,0.9994747014328459,1,1
616,13,0.9948163896450808,1,1
617,1,0.030748029894848598,0,0
617,2,0.019115951681148775,0,0
617,3,0.005617400814739811,0,0
617,4,0.004799238720206671,0,0
617,5,0.0008695609003013988,0,0
617,6,0.034093003795734385,0,0
617,7,0.05176110248805884,0,0
617,8,0.010227437227434685,0,0
617,9,0.9724371824018246,1,1
617,10,0.9987259042335312,1,1
617,11,0.9996139180336713,1,1
617,12,0.7687800869573719,1,1
617,13,0.1653039510595629,0,0
618,1,0.6149489264677058,1,1
618,2,0.9955070494292311,1,1
618,3,0.9972544760114153,1,1
618,4,0.9828074317358533,1,1
618,5,0.9383681731379966,1,1
618,6,0.9968347985380154,1,1
618,7,0.8541081330535706,1,1
618,8,0.17408872991256605,0,0
618,9,0.002363693484453264,0,0
618,10,0.0019701934112986005,0,0
618,11,0.0034076024495055556,0,0
618,12,0.0022351925837880153,0,0
618,13,0.043884979331704266,0,0
619,1,0.03220310145702405,0,0
619,2,0.15124016469542884,0,0
619,3,0.9114181965684764,1,1
619,4,0.8152132684849799,1,1
619,5,0.9999592484664691,1,1
619,6,0.9999987640040477,1,1
619,7,0.9963892764086525,1,1
619,8,0.7313907158796827,0,1
619,9,0.17057732807335418,0,0
619,10,0.006560420104295261,0,0
619,11,0.015025328907968176,0,0
619,12,0.003269107932700354,0,0
619,13,0.0018254461442417773,0,0
620,1,0.013327922877615953,0,0
620,2,0.0019113084638344585,0,0
620,3,0.02545557730099765,0,0
620,4,0.03546774110850024,0,0
620,5,0.018667060425754427,0,0
620,6,0.18352249772230966,0,0
620,7,0.023531121995322053,0,0
620,8,0.083438688456012,0,0
620,9,0.03030605755102562,0,0
620,10,0.009762927959349351,0,0
620,11,0.0846914253415809,0,0
620,12,0.008271521469861515,0,0
620,13,0.01407793709250993,0,0
621,1,0.025629600814077513,0,0
621,2,0.0013889977484696882,0,0
621,3,0.003142102715568959,0,0
621,4,0.0023599848690399813,0,0
621,5,0.004367873099489724,0,0
621,6,0.0007000816014072898,0,0
621,7,0.5714522644515985,1,1
621,8,0.23561849831400372,0,0
621,9,0.11298662945924995,0,0
621,10,0.00472152319175774,0,0
621,11,0.008448850659794683,0,0
621,12,0.03084805593162647,0,0
621,13,0.01439479621488731,0,0
622,1,0.3037566439866056,1,0
622,2,0.2689428713522437,1,0
622,3,0.9698378320837295,1,1
622,4,0.9999988878334113,1,1
622,5,0.6389888821008594,0,1
622,6,0.205534950676963,0,0
622,7,0.05070446066356632,0,0
622,8,0.0013393541542168692,0,0
622,9,0.028976513669836265,0,0
622,10,0.0018649601534923154,0,0
622,11,0.0010669508640256404,0,0
622,12,0.002066363543247108,0,0
622,13,0.7755047751613381,1,1
623,1,0.05481342841510418,0,0
623,2,0.00762050726066294,0,0
623,3,0.09398563619817177,0,0
623,4,0.005270185790353533,0,0
623,5,0.0025372086772425706,0,0
623,6,0.0019394124834733084,0,0
623,7,0.0007414446285936348,0,0
623,8,0.002492891974673682,0,0
623,9,0.0007529547258953903,0,0
623,10,0.0015659915841513986,0,0
623,11,0.002961856191300348,0,0
623,12,0.00873191332058356,0,0
623,13,0.004494241756505594,0,0
624,1,0.017614618248302915,0,0
624,2,0.0036208043086363253,0,0
624,3,0.004430951037095401,0,0
624,4,0.000975244957764891,0,0
624,5,0.0067201153615810885,0,0
624,6,0.01593870822676268,0,0
624,7,0.020535277246435668,0,0
624,8,0.9959655555510869,1,1
624,9,0.9980054475807861,1,1
624,10,0.9999620528120765,1,1
624,11,0.9998910680298291,1,1
624,12,0.9579740034066355,1,1
624,13,0.9945668226190842,1,1
625,1,0.9858302175142226,1,1
625,2,0.21085147187048373,0,0
625,3,0.019178118495255508,0,0
625,4,0.015426025244200533,0,0
625,5,0.004062265429603431,0,0
625,6,0.005493617252902119,0,0
625,7,0.669187730494789,1,1
625,8,0.9209824623159554,1,1
625,9,0.9985864843437352,1,1
625,10,0.9889647752883225,1,1
625,11,0.9981510878986486,1,1
625,12,0.9982634445046079,1,1
625,13,0.9998693995459063,1,1
626,1,0.09446527050008817,0,0
626,2,0.004497280660686467,0,0
626,3,0.016752683301615674,0,0
626,4,0.0010395620224563475,0,0
626,5,0.01519458392899104,0,0
626,6,0.07561087155610814,0,0
626,7,0.0025302345931624117,0,0
626,8,0.0024245554064134048,0,0
626,9,0.00795420154588351,0,0
626,10,0.002802072649338318,0,0
626,11,0.0009599173308325884,0,0
626,12,0.005173273771097938,0,0
626,13,0.0016871324205185645,0,0
627,1,0.9994436789808648,1,1
627,2,0.9998776382089619,1,1
627,3,0.992487980356468,1,1
627,4,0.8683216072189855,1,1
627,5,0.9975794528073664,1,1
627,6,0.9835867910936479,1,1
627,7,0.8587393715849735,1,1
627,8,0.9999601632150329,1,1
627,9,0.9236372631853084,1,1
627,10,0.9999975636171948,1,1
627,11,0.9999877832926669,1,1
627,12,0.039716680982003434,0,0
627,13,0.004348575258067947,0,0
628,1,0.345413871190244,0,0
628,2,0.0608012601568103,0,0
628,3,0.0033993552014890825,0,0
628,4,0.0011841443025510687,0,0
628,5,0.35824786191022684,1,0
628,6,0.9996561380095622,1,1
628,7,0.9998393141362172,1,1
628,8,0.7082654994932877,1,1
628,9,0.9482379634254388,1,1
628,10,0.9763792962512005,1,1
628,11,0.9996935758139757,1,1
628,12,0.9784545212461209,1,1
628,13,0.7855955139219267,1,1
629,1,0.0046667920793447525,0,0
629,2,0.011933411543487846,0,0
629,3,0.0014508889202227932,0,0
629,4,0.023924907552850615,0,0
629,5,0.027338304699727794,0,0
629,6,0.006102941452591821,0,0
629,7,0.0034765777013502676,0,0
629,8,0.004011552656942664,0,0
629,9,0.00235250890555661,0,0
629,10,0.0006700085036954453,0,0
629,11,0.0020100842751846213,0,0
629,12,0.05549747318206747,0,0
629,13,0.17221714722141276,0,0
630,1,0.23628799692538124,0,0
630,2,0.00603508250248538,0,0
630,3,0.02712372534766568,0,0
630,4,0.007193948585506618,0,0
630,5,0.00044816429488499156,0,0
630,6,0.009057010427655166,0,0
630,7,0.013969002985059972,0,0
630,8,0.021940623525809208,0,0
630,9,0.005430808287812439,0,0
630,10,0.001699623096540126,0,0
630,11,0.0010542609892103354,0,0
630,12,0.00035229215573288853,0,0
630,13,0.006340633476468463,0,0
631,1,0.023835220172022775,0,0
631,2,0.08722683697269772,0,0
631,3,0.00411256963843744,0,0
631,4,0.30008092268046715,0,0
631,5,0.008521988056907945,0,0
631,6,0.04358886916525856,0,0
631,7,0.0006779226803606759,0,0
631,8,0.0648004612021272,0,0
631,9,0.38001997629761225,0,0
631,10,0.09609134387326998,0,0
631,11,0.07049753466775542,0,0
631,12,0.011064299395430362,0,0
631,13,0.02260337329767241,0,0
632,1,0.14855071444842113,0,0
632,2,0.07589642736346217,0,0
632,3,0.0025042246726888233,0,0
632,4,0.0026990717562511285,0,0
632,5,0.0012973444873157478,0,0
632,6,0.06820923743446722,0,0
632,7,0.00849286816618723,0,0
632,8,0.002111246419976964,0,0
632,9,0.09080663472882193,0,0
632,10,0.0762714933823769,0,0
632,11,0.004316927617090497,0,0
632,12,0.2051562302698929,0,0
632,13,0.3706057560272473,0,0
633,1,0.01160506868674325,0,0
633,2,0.002107994851438464,0,0
633,3,0.005334526447411488,0,0
633,4,0.0033969580763547978,0,0
633,5,0.05554730380758441,0,0
633,6,0.00367106068823662,0,0
633,7,0.005202667891136037,0,0
633,8,0.0029413561413138586,0,0
633,9,0.05762308181344962,0,0
633,10,0.0021013903184427768,0,0
633,11,0.009384423737318579,0,0
633,12,0.002082444013681892,0,0
633,13,0.0025867816794673607,0,0
634,1,0.5328985684722861,1,1
634,2,0.47817143929484063,1,0
634,3,0.9991942722474849,1,1
634,4,0.06830056927749652,0,0
634,5,0.09777356816352477,0,0
634,6,0.006334327613710173,0,0
634,7,0.006418032224576602,0,0
634,8,0.0012455256934894546,0,0
634,9,0.07046203137583197,0,0
634,10,0.12464985291299044,0,0
634,11,0.02384682884598197,0,0
634,12,0.005778249767711036,0,0
634,13,0.05165119552669502,0,0
635,1,0.07957580024524576,0,0
635,2,0.009265989830093989,0,0
635,3,0.0014147245166443766,0,0
635,4,0.0030979597549749423,0,0
635,5,0.0358944712051446,0,0
635,6,0.1597597182302711,0,0
635,7,0.0035326849013001386,0,0
635,8,0.003643845423169182,0,0
635,9,0.014428886608576302,0,0
635,10,0.005430800968242053,0,0
635,11,0.001369261960492881,0,0
635,12,0.01227111963549756,0,0
635,13,0.0051567584647784475,0,0
636,1,0.13996559568985167,0,0
636,2,0.02822043019393396,0,0
636,3,0.018946239700854666,0,0
636,4,0.04463710974961473,0,0
636,5,0.009816845216948988,0,0
636,6,0.006499600222029995,0,0
636,7,0.031196122160710823,0,0
636,8,0.009068999084224406,0,0
636,9,0.023149766389254225,0,0
636,10,0.0999970178360417,0,0
636,11,0.0317976224321034,0,0
636,12,0.0014752136736872158,0,0
636,13,0.005848132684332382,0,0
637,1,0.9678397147067533,1,1
637,2,0.9989032157306348,1,1
637,3,0.9999652798285347,1,1
637,4,0.9999810688956865,1,1
637,5,0.900748673880641,1,1
637,6,0.999298547859133,1,1
637,7,0.9997569475055311,1,1
637,8,0.9925699219567009,1,1
637,9,0.976333245661495,1,1
637,10,0.07324745324776472,0,0
637,11,0.0007122290455508674,0,0
637,12,0.0036842353693428706,0,0
637,13,0.003126417965530259,0,0
638,1,0.46689006802901956,0,0
638,2,0.01364137463943827,0,0
638,3,0.002923525829741054,0,0
638,4,0.010304381404842494,0,0
638,5,0.013403731951520942,0,0
638,6,0.03387763903213524,0,0
638,7,0.12594066420092065,0,0
638,8,0.27306895894274363,0,0
638,9,0.006178327452989109,0,0
638,10,0.0039161995578109055,0,0
638,11,0.11153805617364983,0,0
638,12,0.02445410922393797,0,0
638,13,0.4744345560146283,0,0
639,1,0.012560110696411966,0,0
639,2,0.08167000853359584,0,0
639,3,0.09102647747802334,0,0
639,4,0.010789184799856568,0,0
639,5,0.021938315246700053,0,0
639,6,0.021873300402599632,0,0
639,7,0.018211769400695972,0,0
639,8,0.015286044589288273,0,0
639,9,0.0033277749581400876,0,0
639,10,0.0443812340947693,1,0
639,11,0.03758061959167796,0,0
639,12,0.9949348480303932,1,1
639,13,0.9968995353043676,1,1
640,1,0.040987865959748786,0,0
640,2,0.6369780364873519,0,1
640,3,0.00574355658167639,0,0
640,4,0.02974898328528601,0,0
640,5,0.010609200935905862,0,0
640,6,0.003953916147786929,0,0
640,7,0.012321398881420838,0,0
640,8,0.005886850038087978,0,0
640,9,0.010666786267236382,0,0
640,10,0.0032900886869578027,0,0
640,11,0.00280833576760285,0,0
640,12,0.0026613051121768343,0,0
640,13,0.25221838265121727,0,0
641,1,0.011281977921635409,0,0
641,2,0.03921035148853838,0,0
641,3,0.00806177661586353,0,0
641,4,0.006656554235893657,0,0
641,5,0.0007888371260655558,0,0
641,6,0.019756494032963583,0,0
641,7,0.07727228784831534,0,0
641,8,0.02618883407859769,0,0
641,9,0.33612413599660634,0,0
641,10,0.009516782820193635,0,0
641,11,0.010451603550005897,0,0
641,12,0.03168275018016235,0,0
641,13,0.07121677381523842,0,0
642,1,0.972289821568221,1,1
642,2,0.9999624991099929,1,1
642,3,0.38345172367512637,1,0
642,4,0.9996967443750585,1,1
642,5,0.9117559080851726,1,1
642,6,0.6098707533080869,1,1
642,7,0.9179387932593295,1,1
642,8,0.9999637766313888,1,1
642,9,0.9000348864389952,1,1
642,10,0.9865162134584807,1,1
642,11,0.9978014785602066,1,1
642,12,0.9999715931936833,1,1
642,13,0.8762403430758035,1,1
643,1,0.015319379798194747,0,0
643,2,0.01165307586188982,0,0
643,3,0.004688179000951339,0,0
643,4,0.0012924800679906061,0,0
643,5,0.01771327998342967,0,0
643,6,0.02053454662623221,0,0
643,7,0.006977860602744066,0,0
643,8,0.004123899356467608,0,0
643,9,0.0062091643006872334,0,0
643,10,0.16921565271543404,0,0
643,11,0.0012363330931162177,0,0
643,12,0.0059560074755826975,0,0
643,13,0.0008972116938312197,0,0
644,1,0.05127533515101669,0,0
644,2,0.0027806396354407184,0,0
644,3,0.0007424135295627989,0,0
644,4,0.02236197322843492,0,0
644,5,0.009506487866547805,0,0
644,6,0.002641987297960637,0,0
644,7,0.009696085465335895,0,0
644,8,0.022308806686501512,0,0
644,9,0.07710546047164422,0,0
644,10,0.03340045200301101,0,0
644,11,0.0016732799786473016,0,0
644,12,0.023156078941334014,0,0
644,13,0.003977084767721259,0,0
645,1,0.1880183211958318,1,0
645,2,0.9943927868538216,1,1
645,3,0.19352759334080352,0,0
645,4,0.018250774700192762,0,0
645,5,0.001831370471954728,0,0
645,6,0.0011469838258285176,0,0
645,7,0.0018353050923012844,0,0
645,8,0.0039508808611684,0,0
645,9,0.009912075022632976,0,0
645,10,0.03131270773338459,0,0
645,11,0.03071452567341377,0,0
645,12,0.0009309048795047661,0,0
645,13,0.0005565624852402936,0,0
646,1,0.693443663173988,1,1
646,2,0.3208501415747772,1,0
646,3,0.9979806330831857,1,1
646,4,0.9778478180880859,1,1
646,5,0.999999604603786,1,1
646,6,0.9992177172462499,1,1
646,7,0.0366522822326848,0,0
646,8,0.024493821783633227,0,0
646,9,0.03289495219044071,0,0
646,10,0.002187404078977718,0,0
646,11,0.022539331364202116,0,0
646,12,0.008175303803349498,0,0
646,13,0.006810724471738455,0,0
647,1,0.14324479134078405,1,0
647,2,0.895672565195883,1,1
647,3,0.9991123056255268,1,1
647,4,0.562715536786843,0,1
647,5,0.08412798120312523,0,0
647,6,0.25969678869328516,0,0
647,7,0.009971762204980287,0,0
647,8,0.0071845875738990655,0,0
647,9,0.0016632460740581524,0,0
647,10,0.05970421893657636,0,0
647,11,0.001860040567979308,0,0
647,12,0.005014325644410618,0,0
647,13,0.00600854460746261,0,0
648,1,0.009606267845391226,0,0
648,2,0.02431601884336512,0,0
648,3,0.011556384492915567,1,0
648,4,0.9713882741416983,1,1
648,5,0.9732695920925232,1,1
648,6,0.8455361553264926,1,1
648,7,0.44827224784132785,1,0
648,8,0.11689893429275203,1,0
648,9,0.7538525431958097,1,1
648,10,0.9980497863952428,1,1
648,11,0.8535910619323662,0,1
648,12,0.13242589359128068,0,0
648,13,0.8711344488069475,0,1
649,1,0.044083829046929264,0,0
649,2,0.030664243333701838,0,0
649,3,0.1079522978826247,0,0
649,4,0.006821039216094749,0,0
649,5,0.036278971325998895,0,0
649,6,0.002950408689146066,0,0
649,7,0.0019494619701121432,0,0
649,8,0.0027913278121998114,0,0
649,9,0.0012913222037368734,0,0
649,10,0.002282555170814949,0,0
649,11,0.00575389342898287,0,0
649,12,0.000621968825077785,0,0
649,13,0.0006180770568649291,0,0
650,1,0.5150090343672513,0,1
650,2,0.08241985172266769,0,0
650,3,0.010329547891632243,0,0
650,4,0.0022412705187163794,0,0
650,5,0.001199616220946167,0,0
650,6,0.0028719213939995664,0,0
650,7,0.0013334591248203042,0,0
650,8,0.023616547636811473,0,0
650,9,0.002166234914145367,0,0
650,10,0.004863936900633678,0,0
650,11,0.012809309223291545,0,0
650,12,0.0635367572147585,0,0
650,13,0.013982556507691308,0,0
651,1,0.005940493938737639,0,0
651,2,0.003922002375963163,0,0
651,3,0.042005022634114215,0,0
651,4,0.0054025116609463415,0,0
651,5,0.0015740462519323402,0,0
651,6,0.015915011901579547,0,0
651,7,0.0025338232164464508,0,0
651,8,0.0057732671396176025,0,0
651,9,0.007541159759499025,0,0
651,10,0.011855818422979829,0,0
651,11,0.048137941919031965,0,0
651,12,0.0330173768666634,0,0
651,13,0.0021570419402965847,0,0
652,1,0.7831954805706013,1,1
652,2,0.9992661555324904,1,1
652,3,0.1906359782811553,0,0
652,4,0.4397674715899636,0,0
652,5,0.02051811851181151,0,0
652,6,0.014720163154103655,0,0
652,7,0.9759953883649168,1,1
652,8,0.9994964313835228,1,1
652,9,0.9470677956730396,1,1
652,10,0.020877488937683136,0,0
652,11,0.03079570827663008,0,0
652,12,0.018131100468761673,0,0
652,13,0.024009278834249047,0,0
653,1,0.9966488755466671,1,1
653,2,0.24644338319950113,0,0
653,3,0.012548321269360722,0,0
653,4,0.0033103783480807206,0,0
653,5,0.0029194130750357433,0,0
653,6,0.052974522901206064,0,0
653,7,0.07846969281511633,0,0
653,8,0.01750364889612575,0,0
653,9,0.0029785833410788543,0,0
653,10,0.0011701148315122136,0,0
653,11,0.000960859120717475,0,0
653,12,0.24503165664742546,0,0
653,13,0.008552827961603006,0,0
654,1,0.11735932514638188,0,0
654,2,0.00773926566763893,0,0
654,3,0.0061362789694088754,0,0
654,4,0.006045295046730288,0,0
654,5,0.0015119948665734647,0,0
654,6,0.0029085736555574896,0,0
654,7,0.0022054307945389233,0,0
654,8,0.2070801989696074,0,0
654,9,0.020274841908250924,0,0
654,10,0.15172215671846812,0,0
654,11,0.00676038651146539,0,0
654,12,0.0026291757135011896,0,0
654,13,0.8401823024925769,1,1
655,1,0.00795472055121861,0,0
655,2,0.004907560091024166,0,0
655,3,0.10494187387526162,1,0
655,4,0.5692716594983412,1,1
655,5,0.9999330179999604,1,1
655,6,0.9760693510161734,1,1
655,7,0.879928482262678,1,1
655,8,0.99486421734622,1,1
655,9,0.17798214671480606,0,0
655,10,0.8432332909770975,0,1
655,11,0.040780433393965664,0,0
655,12,0.0007100691278191108,0,0
655,13,0.006449854973554871,0,0
656,1,0.01149833414935458,0,0
656,2,0.002015947253178961,0,0
656,3,0.07365413773475529,0,0
656,4,0.005176312658608625,0,0
656,5,0.003687340077911934,0,0
656,6,0.14932326212302183,0,0
656,7,0.008084003225516674,0,0
656,8,0.002922783632427862,0,0
656,9,0.003753089021066682,0,0
656,10,0.010743296623383405,0,0
656,11,0.003404147083313118,0,0
656,12,0.004714789153522991,0,0
656,13,0.005478466063591524,0,0
657,1,0.9069086467591393,1,1
657,2,0.9767885384475843,1,1
657,3,0.9975303657586612,1,1
657,4,0.8503701536021853,1,1
657,5,0.993414574674759,1,1
657,6,0.9904002878866451,1,1
657,7,0.9969256652317581,1,1
657,8,0.9782591939026876,1,1
657,9,0.9706738410717799,1,1
657,10,0.994831115808453,1,1
657,11,0.9897410877918227,1,1
657,12,0.03799566595960455,0,0
657,13,0.005663777874216072,0,0
658,1,0.038324973858534915,0,0
658,2,0.003773222176545825,0,0
658,3,0.002385798691231926,0,0
658,4,0.47022054122215173,1,0
658,5,0.9999015849501358,1,1
658,6,0.999580742624108,1,1
658,7,0.5277019709867519,1,1
658,8,0.10152899207864854,1,0
658,9,0.6447270925388607,1,1
658,10,0.23236563952358408,0,0
658,11,0.0258376424046187,0,0
658,12,0.0031621297813352552,0,0
658,13,0.010949349326590587,0,0
659,1,0.27093142441572443,0,0
659,2,0.05835659964628325,0,0
659,3,0.014042343172180545,0,0
659,4,0.002212702944312227,0,0
659,5,0.21824074932539442,0,0
659,6,0.005949998674980017,0,0
659,7,0.013557570875435476,0,0
659,8,0.003292262400009592,0,0
659,9,0.012639779378737512,0,0
659,10,0.0086502022776673,0,0
659,11,0.001776603393868651,0,0
659,12,0.006968451065732716,0,0
659,13,0.0025705911585410597,0,0
660,1,0.03912416394459115,0,0
660,2,0.025633195158075425,0,0
660,3,0.0027866064290803408,0,0
660,4,0.992287702469736,1,1
660,5,0.507473879017224,1,1
660,6,0.995807321174142,1,1
660,7,0.7299081088811844,1,1
660,8,0.27106455831803533,1,0
660,9,0.0044633462668517655,0,0
660,10,0.07829041058304671,0,0
660,11,0.033611608907640124,0,0
660,12,0.011437710840375094,0,0
660,13,0.9633635022079667,1,1
661,1,0.04253614738050397,0,0
661,2,0.012037647375787941,0,0
661,3,0.04426344225029346,0,0
661,4,0.00823219365391964,0,0
661,5,0.007138286662167832,0,0
661,6,0.016675998558757555,0,0
661,7,0.05088914220053177,0,0
661,8,0.000987718420317527,0,0
661,9,0.007099484501756624,0,0
661,10,0.23095809586388666,0,0
661,11,0.006620631142312868,0,0
661,12,0.20246296936788138,0,0
661,13,0.6640486845113844,1,1
662,1,0.11116720421171394,0,0
662,2,0.010092053482441715,0,0
662,3,0.01018637362936069,0,0
662,4,0.055734833673756395,0,0
662,5,0.006754108383797954,0,0
662,6,0.007941009193112164,0,0
662,7,0.8536368789501415,1,1
662,8,0.9612717809674484,1,1
662,9,0.9973713436289425,1,1
662,10,0.3030939988874856,1,0
662,11,0.9639865108398896,1,1
662,12,0.9999739345899412,1,1
662,13,0.9726677961823591,1,1
663,1,0.20024561793962517,1,0
663,2,0.04770822866065843,1,0
663,3,0.9814982017221268,1,1
663,4,0.9673254537233731,1,1
663,5,0.9932717412665922,1,1
663,6,0.9993817269730292,1,1
663,7,0.7429991788521297,1,1
663,8,0.955114986526978,1,1
663,9,0.9362146370155033,1,1
663,10,0.9986386432998108,1,1
663,11,0.5481712476610923,0,1
663,12,0.10327659380599358,0,0
663,13,0.0380136196952329,0,0
664,1,0.9856311841942426,1,1
664,2,0.9918848792549371,1,1
664,3,0.9978926032700549,1,1
664,4,0.18784724920009016,0,0
664,5,0.02363669451396949,0,0
664,6,0.32542319093612204,1,0
664,7,0.8865824870746225,1,1
664,8,0.9899310257491153,1,1
664,9,0.7433585679587614,1,1
664,10,0.0747219547771843,0,0
664,11,0.00853458521140603,0,0
664,12,0.0012507162820595428,0,0
664,13,0.0018221619797412292,0,0
665,1,0.08195353312507986,0,0
665,2,0.9633940511984761,1,1
665,3,0.9999751914604939,1,1
665,4,0.9979217591787448,1,1
665,5,0.06402324827993514,0,0
665,6,0.045785821616321234,0,0
665,7,0.0010626142900812062,0,0
665,8,0.012574476577026856,0,0
665,9,0.8989651810385999,1,1
665,10,0.9999428422391132,1,1
665,11,0.9746458035556492,1,1
665,12,0.30858775453146253,0,0
665,13,0.2263330854265896,0,0
666,1,0.02368814856198809,0,0
666,2,0.0015955175949657254,0,0
666,3,0.5556318632062001,0,1
666,4,0.18706011383432564,0,0
666,5,0.029976807733889027,0,0
666,6,0.2261152617368359,0,0
666,7,0.007491753953043751,0,0
666,8,0.005118342566224702,0,0
666,9,0.006101091004924056,0,0
666,10,0.03978224448028143,0,0
666,11,0.4933458984562982,0,0
666,12,0.41028781036880757,0,0
666,13,0.1693585146027795,0,0
667,1,0.21041580657838643,0,0
667,2,0.01305392510057104,0,0
667,3,0.6251323148336849,1,1
667,4,0.9969113258798628,1,1
667,5,0.44388679538167775,0,0
667,6,0.0979051107011343,0,0
667,7,0.0512108740292431,0,0
667,8,0.1616337388135477,0,0
667,9,0.0073005724316569254,0,0
667,10,0.0036778114367051746,0,0
667,11,0.0022108799569990957,0,0
667,12,0.0032933818828465265,0,0
667,13,0.0017747473849623026,0,0
668,1,0.165861887584434,0,0
668,2,0.011527640223684401,0,0
668,3,0.0016564473477389363,0,0
668,4,0.00114120405371277,0,0
668,5,0.005745839229458518,0,0
668,6,0.005828068071707974,0,0
668,7,0.012228004439723128,0,0
668,8,0.002788331076704691,0,0
668,9,0.004994226809670169,0,0
668,10,0.013179985134295734,0,0
668,11,0.304433249728076,0,0
668,12,0.23460677440461203,0,0
668,13,0.022228622807349607,0,0
669,1,0.0032192957582421245,0,0
669,2,0.03489785536901844,0,0
669,3,0.005288513222037848,0,0
669,4,0.23783787646097676,0,0
669,5,0.1974410824822019,0,0
669,6,0.008225193580065664,0,0
669,7,0.0017951377904934125,0,0
669,8,0.013770637351564686,0,0
669,9,0.03696971028224514,0,0
669,10,0.006314007787451586,0,0
669,11,0.010279181779622882,0,0
669,12,0.04313906146176333,0,0
669,13,0.022407816645455245,0,0
670,1,0.29012692534170026,0,0
670,2,0.04632513138927343,0,0
670,3,0.08462445792926315,0,0
670,4,0.1209885425767032,0,0
670,5,0.004128940546193517,0,0
670,6,0.009311711151430691,0,0
670,7,0.003002173577933824,0,0
670,8,0.02032601361996594,0,0
670,9,0.046031820608373526,0,0
670,10,0.005937997142567708,0,0
670,11,0.002114864733977018,0,0
670,12,0.015503299147360776,0,0
670,13,0.27173532109339255,1,0
671,1,0.018684880603784926,0,0
671,2,0.0019991708131505367,0,0
671,3,0.008001856637065777,0,0
671,4,0.0006683364266395744,0,0
671,5,0.006741919269392622,0,0
671,6,0.005860867145502216,0,0
671,7,0.001253829119086512,0,0
671,8,0.004922773845389621,0,0
671,9,0.0017678396310678256,0,0
671,10,0.9626839174990304,1,1
671,11,0.9992483678518006,1,1
671,12,0.28159781550401153,1,0
671,13,0.9226243960996315,1,1
672,1,0.03514450699122851,0,0
672,2,0.002227699327514255,0,0
672,3,0.0019392555436319363,0,0
672,4,0.42296963382601943,1,0
672,5,0.9862302343749314,1,1
672,6,0.9159077625303859,1,1
672,7,0.3925658947006798,0,0
672,8,0.02072300864360093,0,0
672,9,0.0025795650899351806,0,0
672,10,0.0028681909243148188,0,0
672,11,0.038567469244697845,0,0
672,12,0.016606720534141868,0,0
672,13,0.0026710952107220414,0,0
673,1,0.11851218557086104,0,0
673,2,0.14976122468636424,0,0
673,3,0.009634569453421116,0,0
673,4,0.012152305509340454,0,0
673,5,0.0019151915463400714,0,0
673,6,0.0024648241368429758,0,0
673,7,0.023949850246005554,0,0
673,8,0.0065351301982378525,0,0
673,9,0.3138536240291769,0,0
673,10,0.09118114750516872,0,0
673,11,0.004162443281857673,0,0
673,12,0.01680003505363966,0,0
673,13,0.025679179218190133,0,0
674,1,0.01874296453169871,0,0
674,2,0.009761848227894426,0,0
674,3,0.006589043996839684,0,0
674,4,0.003265778017855265,0,0
674,5,0.0010006282634061209,0,0
674,6,0.980586945008567,1,1
674,7,0.7816527941509823,0,1
674,8,0.06621357763600418,0,0
674,9,0.004381416133720998,0,0
674,10,0.05492143570643094,0,0
674,11,0.3676765779319698,1,0
674,12,0.7055443821163806,1,1
674,13,0.31202418153055744,1,0
675,1,0.014886327480788308,0,0
675,2,0.7337045145294886,0,1
675,3,0.24645540706762464,0,0
675,4,0.018468120298864334,0,0
675,5,0.014136080042982486,0,0
675,6,0.0018008103338668106,0,0
675,7,0.007933337817961088,0,0
675,8,0.002672368043006695,0,0
675,9,0.0023744330399801065,0,0
675,10,0.018991727096428362,0,0
675,11,0.011028481059486358,0,0
675,12,0.0045763560026396985,0,0
675,13,0.13853735598104164,0,0
676,1,0.9423846981747945,1,1
676,2,0.9998738445429661,1,1
676,3,0.9991275162941854,1,1
676,4,0.18095572128659815,0,0
676,5,0.027118408059968027,0,0
676,6,0.9961002165144639,1,1
676,7,0.9999983698044679,1,1
676,8,0.9999898598844523,1,1
676,9,0.9967527503711836,1,1
676,10,0.99999682001229,1,1
676,11,0.18571214864014804,0,0
676,12,0.9492100543270477,1,1
676,13,0.9961818688925683,1,1
677,1,0.027684157860965276,0,0
677,2,0.007727507569881037,0,0
677,3,0.004091085880029775,0,0
677,4,0.008289060026223994,0,0
677,5,0.007328111634309551,0,0
677,6,0.10659993042656195,1,0
677,7,0.9909801196523136,1,1
677,8,0.9996959339036466,1,1
677,9,0.9890802417963056,1,1
677,10,0.048755627009301306,0,0
677,11,0.004714346093454919,0,0
677,12,0.001511568012480526,0,0
677,13,0.0012942793087948284,0,0
678,1,0.003205514079794723,0,0
678,2,0.015737884204714826,0,0
678,3,0.9992286321111484,1,1
678,4,0.9005865725647892,1,1
678,5,0.9891014952710167,1,1
678,6,0.321980536692031,0,0
678,7,0.1608558444893425,0,0
678,8,0.0340386271965203,0,0
678,9,0.0008088801908499229,0,0
678,10,0.0072882274519073574,0,0
678,11,0.0006545521499433449,0,0
678,12,0.027615077102791277,0,0
678,13,0.04395642898879934,0,0
679,1,0.016557571889923045,0,0
679,2,0.012152834970902653,0,0
679,3,0.0453855109469319,0,0
679,4,0.026935377939676534,1,0
679,5,0.16708952384828255,0,0
679,6,0.00916744178025862,0,0
679,7,0.006665735112692029,0,0
679,8,0.006373799882330808,0,0
679,9,0.0009597598566234578,0,0
679,10,0.0665117518141307,0,0
679,11,0.0012122108367556346,0,0
679,12,0.004969090762107626,0,0
679,13,0.0019803045214935523,0,0
680,1,0.13257865298869337,0,0
680,2,0.009769744899245472,0,0
680,3,0.014162647466971497,0,0
680,4,0.0011608400470491018,0,0
680,5,0.00746217071856483,0,0
680,6,0.030483801227094168,0,0
680,7,0.0007393430124500637,0,0
680,8,0.028999909370932424,1,0
680,9,0.9694721400240873,1,1
680,10,0.9998893748643626,1,1
680,11,0.7438220911946529,1,1
680,12,0.9998358790735045,1,1
680,13,0.12197057957966927,0,0
681,1,0.010676190515056475,0,0
681,2,0.0013619808666313232,0,0
681,3,0.0040579235550132035,0,0
681,4,0.011581860033128399,0,0
681,5,0.07728578957898383,0,0
681,6,0.07543368967444057,0,0
681,7,0.003419151442654423,0,0
681,8,0.002540813492130003,0,0
681,9,0.0014116557502427947,0,0
681,10,0.004283636912407148,0,0
681,11,0.003357654237235348,0,0
681,12,0.06983300058743873,0,0
681,13,0.0016593028636756326,0,0
682,1,0.0038803462808645823,0,0
682,2,0.0047290642979236856,0,0
682,3,0.0011972381029625322,0,0
682,4,0.0028512753038871575,0,0
682,5,0.06342543532852504,0,0
682,6,0.007468708124859064,0,0
682,7,0.045058345891959325,0,0
682,8,0.005022988259255723,0,0
682,9,0.0009545788899038886,0,0
682,10,0.003365412173348815,0,0
682,11,0.10826093612592366,0,0
682,12,0.028447301060728854,0,0
682,13,0.07600955229961745,0,0
683,1,0.013545809539545964,0,0
683,2,0.0060285717973501945,0,0
683,3,0.002152048164296401,0,0
683,4,0.3681823177084673,0,0
683,5,0.01776698718473323,0,0
683,6,0.001623247060034182,0,0
683,7,0.0047976138003894995,0,0
683,8,0.01849369889177642,0,0
683,9,0.02632553668876434,0,0
683,10,0.052631318243251124,0,0
683,11,0.6087980358536099,0,1
683,12,0.042884392860535386,0,0
683,13,0.005855458914778392,0,0
684,1,0.008303092878892,0,0
684,2,0.03693204751995346,0,0
684,3,0.016992093258437303,0,0
684,4,0.0019809586549633987,0,0
684,5,0.011474820952441912,0,0
684,6,0.010364744677064542,0,0
684,7,0.012801660766699237,0,0
684,8,0.19353805631427698,0,0
684,9,0.9686486978541438,1,1
684,10,0.9998442117872531,1,1
684,11,0.45558654323388686,0,0
684,12,0.18915957547990256,0,0
684,13,0.00637359847944942,0,0
685,1,0.014553573164170084,0,0
685,2,0.9997523665822756,1,1
685,3,0.9953546129481597,1,1
685,4,0.9829411881505312,1,1
685,5,0.9905932778826066,1,1
685,6,0.9999668304707094,1,1
685,7,0.9999406414406308,1,1
685,8,0.71930553097398,1,1
685,9,0.8614987824928628,1,1
685,10,0.11931234289864048,0,0
685,11,0.03411463472721071,0,0
685,12,0.01663313786568399,0,0
685,13,0.0010780143153171398,0,0
686,1,0.07207763676599385,0,0
686,2,0.0018075218888802273,0,0
686,3,0.0032894441732720524,0,0
686,4,0.011692393117590088,0,0
686,5,0.19224253755749676,0,0
686,6,0.00681024701497434,0,0
686,7,0.03152344315658595,0,0
686,8,0.1329027519408314,0,0
686,9,0.8601689402062233,1,1
686,10,0.9945798366461523,0,1
686,11,0.1505378331810416,0,0
686,12,0.9643323089815887,1,1
686,13,0.923368507350451,1,1
687,1,0.11842232978734935,0,0
687,2,0.015137201650117761,0,0
687,3,0.010091065859393815,0,0
687,4,0.025398953543598807,1,0
687,5,0.19816777036677896,1,0
687,6,0.5577590363672794,1,1
687,7,0.9789863152121353,1,1
687,8,0.9999630751388197,1,1
687,9,0.30434612221404644,0,0
687,10,0.037943816561269716,0,0
687,11,0.017406841961060564,0,0
687,12,0.0008471621580936204,0,0
687,13,0.0014511350870257428,0,0
688,1,0.8955221181268043,1,1
688,2,0.9995467965846733,1,1
688,3,0.9999973016703553,1,1
688,4,0.9999027388966701,1,1
688,5,0.9745338874628496,1,1
688,6,0.24283720816408494,0,0
688,7,0.0071441323175191725,0,0
688,8,0.0012377627020112004,0,0
688,9,0.06743239092017965,0,0
688,10,0.017774438654914324,0,0
688,11,0.0016062780315362687,0,0
688,12,0.0014502736167320903,0,0
688,13,0.0045554630158219,0,0
689,1,0.00708428297945408,0,0
689,2,0.006388197221082319,0,0
689,3,0.021726456072246415,0,0
689,4,0.0033159297879956674,0,0
689,5,0.0015109492617607734,0,0
689,6,0.0249584786029106,0,0
689,7,0.03612832545436806,0,0
689,8,0.006077600777405596,0,0
689,9,0.0015744284854759061,0,0
689,10,0.02891045553382938,0,0
689,11,0.02090150970829979,0,0
689,12,0.006879575956571027,0,0
689,13,0.0033926329924805786,0,0
690,1,0.01153492383709941,0,0
690,2,0.0022717899993378306,0,0
690,3,0.005403925370762751,0,0
690,4,0.01619819066311407,0,0
690,5,0.001654667137748739,0,0
690,6,0.0019526857190135622,0,0
690,7,0.029631419342492565,0,0
690,8,0.008402964381385774,0,0
690,9,0.04035744658867983,0,0
690,10,0.01860957706595485,0,0
690,11,0.0013120347994697186,0,0
690,12,0.002373645037012644,0,0
690,13,0.013129473396321851,0,0
691,1,0.9935413270140889,1,1
691,2,0.8131731497611008,1,1
691,3,0.23596333336643668,0,0
691,4,0.010127329183494075,0,0
691,5,0.005899365366048752,0,0
691,6,0.0013180566278504931,0,0
691,7,0.0027305753774007997,0,0
691,8,0.015066194926724506,0,0
691,9,0.0007503274392126898,0,0
691,10,0.006082064205695166,0,0
691,11,0.0017773329934380746,0,0
691,12,0.001354034731970287,0,0
691,13,0.04487730668180472,0,0
692,1,0.7606736414654405,1,1
692,2,0.19388523561457363,0,0
692,3,0.18565243386585856,0,0
692,4,0.9997896325799659,1,1
692,5,0.9999875957882705,1,1
692,6,0.970901499375974,1,1
692,7,0.946759040820988,1,1
692,8,0.9924752775784111,1,1
692,9,0.8873824852408991,1,1
692,10,0.9977515440069445,1,1
692,11,0.9991988870834392,1,1
692,12,0.999698714677495,1,1
692,13,0.9947511461092923,1,1
693,1,0.9999651273723251,1,1
693,2,0.77625752255368,1,1
693,3,0.26213080297317237,1,0
693,4,0.9213213733764424,1,1
693,5,0.8863893258479089,1,1
693,6,0.2349401907999478,0,0
693,7,0.0015101849156770417,0,0
693,8,0.6516818520326204,1,1
693,9,0.3439309861912595,1,0
693,10,0.9994626712939686,1,1
693,11,0.9998119104226751,1,1
693,12,0.6714781492908571,1,1
693,13,0.04560683638305817,0,0
694,1,0.00326494731054939,0,0
694,2,0.0010296605636807518,0,0
694,3,0.024295239316466738,0,0
694,4,0.0074051302630655114,0,0
694,5,0.0015398492350843012,0,0
694,6,0.00046387163285253235,0,0
694,7,0.002209507880314334,0,0
694,8,0.004568780699800083,0,0
694,9,0.0034238156332583596,0,0
694,10,0.006817285645005117,0,0
694,11,0.045946672760090665,0,0
694,12,0.012083872304187887,0,0
694,13,0.0007797028352486219,0,0
695,1,0.009380348594880464,0,0
695,2,0.0023780991180234203,0,0
695,3,0.005344286011734687,0,0
695,4,0.001471420931764801,0,0
695,5,0.000855131430069301,0,0
695,6,0.0008298683629884628,0,0
695,7,0.028448711228240255,0,0
695,8,0.003102727845601645,0,0
695,9,0.0012619743732453239,0,0
695,10,0.3006250921131501,1,0
695,11,0.990796489618386,1,1
695,12,0.9962533750184085,1,1
695,13,0.9999778076888444,1,1
696,1,0.10538232237027903,0,0
696,2,0.009802324621572427,0,0
696,3,0.06454414343190759,0,0
696,4,0.0035987183663129295,0,0
696,5,0.0013105204120511273,0,0
696,6,0.004792462845820914,0,0
696,7,0.010631127836197391,0,0
696,8,0.007607399703750759,0,0
696,9,0.011520106185986543,0,0
696,10,0.07481504892817269,0,0
696,11,0.003305348484094281,0,0
696,12,0.017686198813584224,0,0
696,13,0.001575091079365921,0,0
697,1,0.020616823091520704,0,0
697,2,0.18139802082146358,0,0
697,3,0.05274380182182036,0,0
697,4,0.0031210110722055505,0,0
697,5,0.0810252629665588,0,0
697,6,0.006926316132032059,0,0
697,7,0.006828331069084183,0,0
697,8,0.002004578878629893,0,0
697,9,0.0015077435224384805,0,0
697,10,0.0019532303847414633,0,0
697,11,0.010924605937916531,0,0
697,12,0.048103191090833046,0,0
697,13,0.003005625244339938,0,0
698,1,0.012652334564568043,0,0
698,2,0.0046428807577783325,0,0
698,3,0.0034015434245881384,0,0
698,4,0.0029453440548834263,0,0
698,5,0.017755208623402755,0,0
698,6,0.001904853694620676,0,0
698,7,0.05909316769726312,0,0
698,8,0.001049402344343213,0,0
698,9,0.00844757653716802,0,0
698,10,0.03473258506896367,0,0
698,11,0.008015150853072854,0,0
698,12,0.039330201755793236,0,0
698,13,0.02039398826054225,0,0
699,1,0.5997297985339464,0,1
699,2,0.03012929935705721,0,0
699,3,0.005957808996928501,0,0
699,4,0.0010632092346725818,0,0
699,5,0.0018183618675053506,0,0
699,6,0.001138044723015565,0,0
699,7,0.020546729882688217,0,0
699,8,0.0027089802828542306,0,0
699,9,0.034234672412092056,0,0
699,10,0.005465868605524551,0,0
699,11,0.033814641357493486,0,0
699,12,0.003896164972513339,0,0
699,13,0.0011539807344163263,0,0
700,1,0.018128366334811474,0,0
700,2,0.0567797483867865,0,0
700,3,0.003042541536647357,0,0
700,4,0.005580084547188987,0,0
700,5,0.4218022635787573,1,0
700,6,0.9986171700926905,1,1
700,7,0.9993868218624291,1,1
700,8,0.9331551643404141,1,1
700,9,0.187613604953534,1,0
700,10,0.16985813942287561,1,0
700,11,0.877980552227088,1,1
700,12,0.9242599641269541,1,1
700,13,0.9806214048680816,1,1
701,1,0.03651811222733889,0,0
701,2,0.07052175766336606,0,0
701,3,0.023189426230560355,0,0
701,4,0.0012371649287854412,0,0
701,5,0.007286826159026903,0,0
701,6,0.008321463119326097,0,0
701,7,0.006278772190669717,0,0
701,8,0.0027584878245092543,0,0
701,9,0.0030921577005766756,0,0
701,10,0.004195067532723458,0,0
701,11,0.004405730492817472,0,0
701,12,0.029682763424310674,0,0
701,13,0.001442547197953365,0,0
702,1,0.045167926252340805,0,0
702,2,0.03802886742228357,0,0
702,3,0.025317442294325775,0,0
702,4,0.0022617504190799408,0,0
702,5,0.012030647169830452,0,0
702,6,0.036888371747342684,0,0
702,7,0.000692029176488959,0,0
702,8,0.06537779209391353,0,0
702,9,0.010690285795482075,0,0
702,10,0.008330462618417361,0,0
702,11,0.00796730299904008,0,0
702,12,0.002762952219004635,0,0
702,13,0.0013339469984624496,0,0
703,1,0.03997340560372591,0,0
703,2,0.010702123539643872,0,0
703,3,0.007552367398474457,0,0
703,4,0.11116678150618901,0,0
703,5,0.05624350629237802,0,0
703,6,0.009975790296992781,0,0
703,7,0.02651216746054093,0,0
703,8,0.0007042197401124233,0,0
703,9,0.016906108216683476,0,0
703,10,0.0018391645376443606,0,0
703,11,0.0007073717817570933,0,0
703,12,0.001185041051649206,0,0
703,13,0.001259830868777742,0,0
704,1,0.9902214586430229,1,1
704,2,0.9951501587422564,1,1
704,3,0.9659063330514255,1,1
704,4,0.9989390871678391,1,1
704,5,0.999701414465044,1,1
704,6,0.5745015847193985,0,1
704,7,0.020659142788262495,0,0
704,8,0.7725526628635654,0,1
704,9,0.2784426541039288,0,0
704,10,0.21579551417411322,0,0
704,11,0.10833469768997336,0,0
704,12,0.8475949639918589,1,1
704,13,0.6453232717670051,1,1
705,1,0.012996524329972357,0,0
705,2,0.006297407300802562,0,0
705,3,0.003281456994318311,0,0
705,4,0.003037445107299775,0,0
705,5,0.09759514000840169,0,0
705,6,0.01680855358986929,0,0
705,7,0.0011329906128770305,0,0
705,8,0.0108229843489846,0,0
705,9,0.0029238450967040627,0,0
705,10,0.011425064313917127,0,0
705,11,0.0020713240999866082,0,0
705,12,0.016579065552893204,0,0
705,13,0.0007783240991462308,0,0
706,1,0.009490911817253084,0,0
706,2,0.003330313218685056,0,0
706,3,0.001437081580790454,0,0
706,4,0.0018348587844496797,0,0
706,5,0.012698161936079493,0,0
706,6,0.04329709115517038,0,0
706,7,0.09117087312131844,0,0
706,8,0.024723392496289957,0,0
706,9,0.0018988815861811612,0,0
706,10,0.8532281693445164,1,1
706,11,0.8440396929509902,1,1
706,12,0.9943014357364759,1,1
706,13,0.999832511983735,1,1
707,1,0.011431529543770743,0,0
707,2,0.12115273212632977,0,0
707,3,0.010539108751111453,0,0
707,4,0.001829959713088007,0,0
707,5,0.002254410956458255,0,0
707,6,0.15270975909211515,0,0
707,7,0.2218829515342002,1,0
707,8,0.15551190833142442,1,0
707,9,0.9952206998030276,1,1
707,10,0.7060618958685506,1,1
707,11,0.999673545857706,1,1
707,12,0.7644164548804532,1,1
707,13,0.009608763981227656,0,0
708,1,0.15107898812643009,0,0
708,2,0.09447186087465002,0,0
708,3,0.17396591427045352,0,0
708,4,0.023590372794375685,0,0
708,5,0.0025031558118931295,0,0
708,6,0.0033643939333977053,0,0
708,7,0.0021912710715117113,0,0
708,8,0.003490555569045496,0,0
708,9,0.0028758543458268413,0,0
708,10,0.013473525678304798,0,0
708,11,0.0015968918270743476,0,0
708,12,0.005182316490404456,0,0
708,13,0.007508210212805046,0,0
709,1,0.9999999107422082,1,1
709,2,0.9995002107579216,1,1
709,3,0.9963630259376991,1,1
709,4,0.888737004500123,1,1
709,5,0.986880393215466,1,1
709,6,0.18457339359501132,0,0
709,7,0.009125382172946773,0,0
709,8,0.0067247092872629284,0,0
709,9,0.5249682953242397,0,1
709,10,0.053628146139374985,0,0
709,11,0.009837682136968631,0,0
709,12,0.014816040825513136,0,0
709,13,0.009673009405670835,0,0
710,1,0.3254909119699905,0,0
710,2,0.024832180227404518,0,0
710,3,0.929118193904283,1,1
710,4,0.9524109095004543,1,1
710,5,0.9994649124671068,1,1
710,6,0.9999703073058678,1,1
710,7,0.8540254995186555,1,1
710,8,0.999836373034378,1,1
710,9,0.8858127488938925,1,1
710,10,0.8628090891018154,1,1
710,11,0.1338469154059489,0,0
710,12,0.006073588955400062,0,0
710,13,0.003706043099454594,0,0
711,1,0.7318509867053421,1,1
711,2,0.8911815898111957,1,1
711,3,0.9760038874641777,1,1
711,4,0.9997284560122327,1,1
711,5,0.0506678260548488,0,0
711,6,0.003522067180837689,0,0
711,7,0.021851181407845078,0,0
711,8,0.0072913562462052625,0,0
711,9,0.0019498431713864661,0,0
711,10,0.01760978297097755,0,0
711,11,0.003925518241012239,0,0
711,12,0.013665292585567292,0,0
711,13,0.010112412324679323,0,0
712,1,0.005267865702214285,0,0
712,2,0.004909328723433529,0,0
712,3,0.002454299220130806,0,0
712,4,0.0004888727409951877,0,0
712,5,0.0004485384823200716,0,0
712,6,0.005968898970869497,0,0
712,7,0.0013587679911768596,0,0
712,8,0.012561396732411093,0,0
712,9,0.004052549491488394,0,0
712,10,0.0592656765169801,0,0
712,11,0.10380254420519722,0,0
712,12,0.008114932214133288,0,0
712,13,0.001639724348453885,0,0
713,1,0.02898643273218287,0,0
713,2,0.058370571135940776,1,0
713,3,0.0038600277219640465,0,0
713,4,0.0042902988421602345,0,0
713,5,0.008181270569772395,0,0
713,6,0.001799145348608619,0,0
713,7,0.002516481239947453,0,0
713,8,0.007852152829429143,0,0
713,9,0.0557121202851029,0,0
713,10,0.011842522268059994,0,0
713,11,0.02205331636756977,0,0
713,12,0.054696818997076846,0,0
713,13,0.06703265037354035,0,0
714,1,0.04969083112307324,0,0
714,2,0.0038694435769240304,0,0
714,3,0.005641256468203721,0,0
714,4,0.007410397427427065,0,0
714,5,0.005316501064269753,0,0
714,6,0.08412600050260714,0,0
714,7,0.001722300317191861,0,0
714,8,0.002183779778476406,0,0
714,9,0.005725304218351435,0,0
714,10,0.0024422471023361147,0,0
714,11,0.022555149044269553,0,0
714,12,0.3416201509364974,0,0
714,13,0.047250023872800105,0,0
715,1,0.08827507349760319,1,0
715,2,0.30210763250792616,1,0
715,3,0.03697118959973776,1,0
715,4,0.9296979061639058,1,1
715,5,0.6565096141212649,0,1
715,6,0.01857362230585765,0,0
715,7,0.0035148785781159322,0,0
715,8,0.0077785731159282666,0,0
715,9,0.007133786895823249,0,0
715,10,0.004090957306081519,0,0
715,11,0.006615935147054853,0,0
715,12,0.8680397988595066,1,1
715,13,0.8125982647164438,1,1
716,1,0.6414704589929313,0,1
716,2,0.02685932509929115,0,0
716,3,0.06373344285026283,0,0
716,4,0.0019200407124375647,0,0
716,5,0.0006612449691858327,0,0
716,6,0.00040547643753733323,0,0
716,7,0.006869813065078086,0,0
716,8,0.0014536768955176467,0,0
716,9,0.011654769446048464,0,0
716,10,0.1255509181564432,0,0
716,11,0.005018785207942799,0,0
716,12,0.02425765999818444,0,0
716,13,0.3323114308094395,0,0
717,1,0.11809502004094546,0,0
717,2,0.0010436294468545119,0,0
717,3,0.002433118563607743,0,0
717,4,0.0023712465712315634,0,0
717,5,0.016114263130685025,0,0
717,6,0.0008898911432186094,0,0
717,7,0.004357420556725605,0,0
717,8,0.023619447088718035,0,0
717,9,0.006075643933417689,0,0
717,10,0.01344912009415677,0,0
717,11,0.0019207891124048194,0,0
717,12,0.006152302708317259,0,0
717,13,0.028297799839697938,0,0
718,1,0.029423365059176983,0,0
718,2,0.0035138899292080877,0,0
718,3,0.0017123635805115836,0,0
718,4,0.0031083423162401986,0,0
718,5,0.00889487220342488,0,0
718,6,0.004755247453887432,0,0
718,7,0.010603010715361143,0,0
718,8,0.0030906419986162885,0,0
718,9,0.011081792083429017,0,0
718,10,0.06317823224860572,1,0
718,11,0.9428944441504574,1,1
718,12,0.5304942676359589,1,1
718,13,0.9622094611336077,1,1
719,1,0.014592544928648818,0,0
719,2,0.004503338251657444,0,0
719,3,0.023305681534023164,0,0
719,4,0.0007862251342916842,0,0
719,5,0.012250966521507303,0,0
719,6,0.006707056516191585,0,0
719,7,0.02001657897640502,0,0
719,8,0.3263536587410077,0,0
719,9,0.5446466017669815,0,1
719,10,0.23270872541697968,0,0
719,11,0.020627282081989693,0,0
719,12,0.0007458639518785118,0,0
719,13,0.0028265347188699214,0,0
720,1,0.00554584993930685,0,0
720,2,0.4424781320001644,1,0
720,3,0.9997523107126213,1,1
720,4,0.06253866809729507,0,0
720,5,0.004802797304615365,0,0
720,6,0.18320921104693771,1,0
720,7,0.9979055288180997,1,1
720,8,0.9800267093392481,1,1
720,9,0.8215742279271007,0,1
720,10,0.0482504733628178,0,0
720,11,0.047439477663702656,0,0
720,12,0.058742207453009176,0,0
720,13,0.022557131661182776,0,0
721,1,0.34290293964468127,1,0
721,2,0.6118514559085512,1,1
721,3,0.9610210294072951,1,1
721,4,0.5803603997918317,1,1
721,5,0.9999985585118318,1,1
721,6,0.999938975087072,1,1
721,7,0.8237492374911289,0,1
721,8,0.048785004845692787,0,0
721,9,0.09660308985997522,0,0
721,10,0.0019208391458147033,0,0
721,11,0.0015213203848393518,0,0
721,12,0.038663714914436285,0,0
721,13,0.0008911988504590765,0,0
722,1,0.009010264494391336,0,0
722,2,0.2951655120174126,0,0
722,3,0.0677332495822587,0,0
722,4,0.005013614683605079,0,0
722,5,0.04512612219882482,0,0
722,6,0.008613017376458145,0,0
722,7,0.00579538939733052,0,0
722,8,0.48173581778760366,0,0
722,9,0.00335209988239332,0,0
722,10,0.008776766824803332,0,0
722,11,0.025283204795358557,0,0
722,12,0.00916876330549055,0,0
722,13,0.031219357305048805,0,0
723,1,0.457082314036887,0,0
723,2,0.09514689352229198,0,0
723,3,0.017699658985966368,0,0
723,4,0.003533299609367114,0,0
723,5,0.007781375184649127,0,0
723,6,0.002068575340072777,0,0
723,7,0.04102612118942455,0,0
723,8,0.014044398358172429,0,0
723,9,0.002672951950327074,0,0
723,10,0.13077699558852804,0,0
723,11,0.5346959600543129,0,1
723,12,0.04659612097620275,0,0
723,13,0.029294072277886263,0,0
724,1,0.05060801494831912,0,0
724,2,0.15601862290672355,0,0
724,3,0.05909003971953012,0,0
724,4,0.0035597614557678755,0,0
724,5,0.0006950479492538973,0,0
724,6,0.0013143311098842102,0,0
724,7,0.01204950527914654,0,0
724,8,0.056390851277627496,0,0
724,9,0.003767812455113901,0,0
724,10,0.15354579982436112,0,0
724,11,0.08799757917227329,0,0
724,12,0.0031078823389204765,0,0
724,13,0.008574138965003577,0,0
725,1,0.02811725594112671,0,0
725,2,0.0023804248083452947,0,0
725,3,0.0053924095249281755,0,0
725,4,0.07905165033303793,0,0
725,5,0.006244080821736596,0,0
725,6,0.05090098903331272,0,0
725,7,0.042318657473526484,0,0
725,8,0.9995601652673615,1,1
725,9,0.9979868864490299,1,1
725,10,0.9947923811861727,1,1
725,11,0.9861842062623475,1,1
725,12,0.9999783250707847,1,1
725,13,0.9995652748173529,1,1
726,1,0.008826519985046986,0,0
726,2,0.012564008071577041,0,0
726,3,0.09392652113609481,0,0
726,4,0.09559129422718775,1,0
726,5,0.006708548229726985,0,0
726,6,0.04210026365307357,0,0
726,7,0.06440686653954836,0,0
726,8,0.0022726171944872017,0,0
726,9,0.009493148017594398,0,0
726,10,0.0010412991800291549,0,0
726,11,0.07232803023433489,0,0
726,12,0.0051678133274973,0,0
726,13,0.0015325679360872794,0,0
727,1,0.014894834406009364,0,0
727,2,0.004467845324025409,0,0
727,3,0.005781061133027624,0,0
727,4,0.002397650079657478,0,0
727,5,0.019357455399119507,0,0
727,6,0.004058571432936716,0,0
727,7,0.003904238165956251,0,0
727,8,0.010824141628269243,0,0
727,9,0.017306045953594067,0,0
727,10,0.04148049958200946,0,0
727,11,0.006459545602309404,0,0
727,12,0.005403931548492851,0,0
727,13,0.030477980099146283,0,0
728,1,0.10202833002771379,0,0
728,2,0.004909017424219412,0,0
728,3,0.00041238363876192253,0,0
728,4,0.03230435968181963,0,0
728,5,0.005764765368820586,0,0
728,6,0.016188701781825982,0,0
728,7,0.0006995663102904687,0,0
728,8,0.0005599891529352144,0,0
728,9,0.045393942681090385,0,0
728,10,0.0008615480492625969,0,0
728,11,0.004281388530754783,0,0
728,12,0.0026245688096492178,0,0
728,13,0.007485791502704972,0,0
729,1,0.29598135148766225,0,0
729,2,0.057324924960013075,0,0
729,3,0.00656630257277027,0,0
729,4,0.3734489322062364,0,0
729,5,0.033012928381042424,0,0
729,6,0.0014658957407407468,0,0
729,7,0.012659961893072728,0,0
729,8,0.01403968966402812,0,0
729,9,0.001152341583173009,0,0
729,10,0.9915519116713918,1,1
729,11,0.1284897677777722,0,0
729,12,0.10509512724267714,0,0
729,13,0.003802488131189556,0,0
730,1,0.03166771160387258,0,0
730,2,0.0026736969746419307,0,0
730,3,0.006635760801772626,0,0
730,4,0.003922715898049177,0,0
730,5,0.002768834242083635,0,0
730,6,0.004745149404317771,0,0
730,7,0.020608996833448138,0,0
730,8,0.0004965539592662872,0,0
730,9,0.6579436834539558,1,1
730,10,0.9990064379511997,1,1
730,11,0.9993885985406965,1,1
730,12,0.9893664313754088,1,1
730,13,0.9933176351625596,1,1
731,1,0.08981902077343563,0,0
731,2,0.024729610823519845,0,0
731,3,0.008342371034144015,0,0
731,4,0.4594528380777871,1,0
731,5,0.9972879612394112,1,1
731,6,0.09470743612548259,0,0
731,7,0.013247177565037205,0,0
731,8,0.06126688191430365,0,0
731,9,0.058952939166137135,0,0
731,10,0.0022529093295352116,0,0
731,11,0.003838366415813902,0,0
731,12,0.8973357008616883,1,1
731,13,0.3185154940323898,0,0
732,1,0.0422643728629425,0,0
732,2,0.003777723474169376,0,0
732,3,0.004476391810083944,0,0
732,4,0.0012073819281426348,0,0
732,5,0.9950062329568843,1,1
732,6,0.49125556368386075,1,0
732,7,0.08685363823996158,0,0
732,8,0.4718267350990621,0,0
732,9,0.012781511198012597,0,0
732,10,0.01318969555389962,0,0
732,11,0.003586963267214949,0,0
732,12,0.06854105313635529,0,0
732,13,0.020466626160467988,0,0
733,1,0.01927224656331255,0,0
733,2,0.02428124835981847,0,0
733,3,0.45083186067890346,1,0
733,4,0.2883617475932638,1,0
733,5,0.4777644193310063,1,0
733,6,0.039230845379809434,0,0
733,7,0.008982283119956382,0,0
733,8,0.3735270184892074,0,0
733,9,0.6751077551825838,0,1
733,10,0.19056887075461332,0,0
733,11,0.045671939122270126,0,0
733,12,0.025434084891939216,0,0
733,13,0.0017505218934430558,0,0
734,1,0.9976643881434094,1,1
734,2,0.9999999212498665,1,1
734,3,0.9171423402600413,1,1
734,4,0.9809342142786461,1,1
734,5,0.9943372732519221,1,1
734,6,0.9520102138804317,0,1
734,7,0.9859733834488124,0,1
734,8,0.12101201995211705,0,0
734,9,0.021009820662632114,0,0
734,10,0.005367447613204677,0,0
734,11,0.9917470816866246,1,1
734,12,0.9999874463729779,1,1
734,13,0.0967794700512161,0,0
735,1,0.007516706676174436,0,0
735,2,0.002692709299372793,0,0
735,3,0.0026963786104272068,0,0
735,4,0.0039496456489000725,0,0
735,5,0.09195492798414755,1,0
735,6,0.9593555054195957,1,1
735,7,0.9935281950116678,1,1
735,8,0.8680561695618755,1,1
735,9,0.9981537384997307,1,1
735,10,0.9999999827321769,1,1
735,11,0.997408284511535,1,1
735,12,0.9960681522654546,1,1
735,13,0.47316679674739237,1,0
736,1,0.07712448385039784,0,0
736,2,0.1497066890601394,0,0
736,3,0.020415545725281644,0,0
736,4,0.04331863551100855,0,0
736,5,0.16867263352845943,0,0
736,6,0.006051717739977803,0,0
736,7,0.017025787964375736,0,0
736,8,0.5317596057134231,0,1
736,9,0.025652363170994678,0,0
736,10,0.01064628973953107,0,0
736,11,0.003361843317824593,0,0
736,12,0.0053866351221534565,0,0
736,13,0.016859798365597586,0,0
737,1,0.301417072192351,1,0
737,2,0.9425305989375957,1,1
737,3,0.9636287932856106,1,1
737,4,0.9999212912735139,1,1
737,5,0.7714273426898737,1,1
737,6,0.060014833741789786,0,0
737,7,0.022976671407475165,0,0
737,8,0.3419405858284552,0,0
737,9,0.011381547878120674,0,0
737,10,0.0026691242774376056,0,0
737,11,0.0010552105246615009,0,0
737,12,0.0016919760176523889,0,0
737,13,0.0014627498928525458,0,0
738,1,0.011366170869414691,0,0
738,2,0.03818944933638043,0,0
738,3,0.000676602453143255,0,0
738,4,0.012462651284924298,0,0
738,5,0.0007066568780446629,0,0
738,6,0.055555589980756485,1,0
738,7,0.5084593657224666,1,1
738,8,0.6452218567516985,1,1
738,9,0.9999594348490958,1,1
738,10,0.5090645598804086,0,1
738,11,0.3664596765905627,0,0
738,12,0.11889345360000268,0,0
738,13,0.9707956904003883,1,1
739,1,0.9920550284988111,1,1
739,2,0.9969457139755843,1,1
739,3,0.9382382101326074,1,1
739,4,0.8605377002432317,1,1
739,5,0.7833053818111143,1,1
739,6,0.48452423349695983,1,0
739,7,0.3301451464551116,1,0
739,8,0.8220034281816306,1,1
739,9,0.7380973494818454,1,1
739,10,0.9999693579960798,1,1
739,11,0.9994544863736035,1,1
739,12,0.9999965238930958,1,1
739,13,0.9862676797199601,1,1
740,1,0.022256969825228422,0,0
740,2,0.012556993103475394,0,0
740,3,0.010548158765780125,0,0
740,4,0.03733626690470387,0,0
740,5,0.005430044958542897,0,0
740,6,0.0008537487559910628,0,0
740,7,0.013074428047763834,0,0
740,8,0.09065619361122217,0,0
740,9,0.006186942175291139,0,0
740,10,0.130893769611912,1,0
740,11,0.07795893067521403,1,0
740,12,0.9045654766082434,1,1
740,13,0.025626795171983036,0,0
741,1,0.01209526192978323,0,0
741,2,0.004472194463121674,0,0
741,3,0.010850537279290893,0,0
741,4,0.01260620319428914,0,0
741,5,0.07549173474697604,0,0
741,6,0.014533759671189842,0,0
741,7,0.27616893358646144,0,0
741,8,0.14909451553342956,0,0
741,9,0.004373307581029266,0,0
741,10,0.10723457149886122,0,0
741,11,0.3984126276473085,0,0
741,12,0.18646909227783134,0,0
741,13,0.08404584871527188,0,0
742,1,0.02795023124198362,0,0
742,2,0.0017286445887251362,0,0
742,3,0.01812345331665795,0,0
742,4,0.006751866912265041,0,0
742,5,0.013190572386676125,0,0
742,6,0.017687010160934068,0,0
742,7,0.014516207544428781,0,0
742,8,0.008679620526732242,0,0
742,9,0.2544928471883493,1,0
742,10,0.999133173211577,1,1
742,11,0.18556456955181136,1,0
742,12,0.9323608312492631,1,1
742,13,0.8493598510604112,1,1
743,1,0.3471263469583477,1,0
743,2,0.998355348938786,1,1
743,3,0.9758742840951603,1,1
743,4,0.9999902441720916,1,1
743,5,0.9973906147164178,1,1
743,6,0.9948693227698904,1,1
743,7,0.99736376105914,1,1
743,8,0.9996329085181138,1,1
743,9,0.9986376392509364,1,1
743,10,0.9899881600606915,1,1
743,11,0.9998540522958683,1,1
743,12,0.909746890708745,1,1
743,13,0.9814001481762519,1,1
744,1,0.9970668012407656,1,1
744,2,0.9996295439032444,1,1
744,3,0.9875364207224809,1,1
744,4,0.9999890819104944,1,1
744,5,0.990595011677306,1,1
744,6,0.5209031534014796,1,1
744,7,0.9986828053883436,1,1
744,8,0.23379767399159385,0,0
744,9,0.1464071914582041,0,0
744,10,0.004673652196140034,0,0
744,11,0.007910643958820249,0,0
744,12,0.15535229514800206,0,0
744,13,0.012570497275593135,0,0
745,1,0.1216341632275386,1,0
745,2,0.3698616005638438,1,0
745,3,0.6998767529558315,1,1
745,4,0.9999341385613347,1,1
745,5,0.9891837484829314,1,1
745,6,0.8741301996319198,1,1
745,7,0.9999995551957451,1,1
745,8,0.7357313605030241,1,1
745,9,0.9996471746255475,1,1
745,10,0.9231051685951528,1,1
745,11,0.9839643825619538,1,1
745,12,0.9999999667284053,1,1
745,13,0.9999105319979595,1,1
746,1,0.004134550235172632,0,0
746,2,0.007058049835742877,0,0
746,3,0.011297216418431202,0,0
746,4,0.016752605373970886,0,0
746,5,0.00177067394377137,0,0
746,6,0.003689580248778021,0,0
746,7,0.018387810180150142,0,0
746,8,0.024277589732981466,0,0
746,9,0.014261837042703847,0,0
746,10,0.007421367602507418,0,0
746,11,0.02026827975868072,0,0
746,12,0.018198953383959476,0,0
746,13,0.02087726175964289,0,0
747,1,0.26445675100840876,0,0
747,2,0.031244010625073634,0,0
747,3,0.008204006484863857,0,0
747,4,0.007784566566186815,0,0
747,5,0.0055340331703909295,0,0
747,6,0.003557867467227398,0,0
747,7,0.034233716580957384,0,0
747,8,0.0052321116535271,0,0
747,9,0.0011149160684007762,0,0
747,10,0.040170196191728805,0,0
747,11,0.0033458079695741325,0,0
747,12,0.002329735697077787,0,0
747,13,0.25783160469757815,0,0
748,1,0.0770309244846853,0,0
748,2,0.006014803653138256,0,0
748,3,0.0005899524414684296,0,0
748,4,0.0021931653593453546,0,0
748,5,0.37179050999125274,1,0
748,6,0.7610498308702508,1,1
748,7,0.8709987047603527,1,1
748,8,0.987568530110981,1,1
748,9,0.9510427343172346,1,1
748,10,0.9913957050932644,1,1
748,11,0.9999999983188195,1,1
748,12,0.9998074284413605,1,1
748,13,0.9835263993915927,1,1
749,1,0.8491567498761526,1,1
749,2,0.14137860592923346,0,0
749,3,0.007977181259633018,0,0
749,4,0.007041957582869408,0,0
749,5,0.002335252086455488,0,0
749,6,0.04439706479631418,0,0
749,7,0.0015428529396263632,0,0
749,8,0.024094845444561343,0,0
749,9,0.06691395831689989,0,0
749,10,0.007462387356091091,0,0
749,11,0.0013726052186854877,0,0
749,12,0.0030299583876970335,0,0
749,13,0.01790412347682639,0,0
750,1,0.2590991049928442,0,0
750,2,0.003913431725484121,0,0
750,3,0.0161054471268851,0,0
750,4,0.017190923926878873,0,0
750,5,0.04243198469710236,0,0
750,6,0.010722477727487833,0,0
750,7,0.0013411118676955687,0,0
750,8,0.13316727561310107,1,0
750,9,0.878342461202609,1,1
750,10,0.9981559234647843,1,1
750,11,0.9957832842332807,1,1
750,12,0.29164848333792515,0,0
750,13,0.18783397904731766,0,0
751,1,0.006099323256513147,0,0
751,2,0.006709617964076244,0,0
751,3,0.009681470035779053,0,0
751,4,0.017820421045969707,0,0
751,5,0.005027085018629018,0,0
751,6,0.1379377928715858,0,0
751,7,0.048796773957495466,0,0
751,8,0.14015013195894976,0,0
751,9,0.0057444251920342896,0,0
751,10,0.001219418325037301,0,0
751,11,0.008553037502572539,0,0
751,12,0.0016822283702644868,0,0
751,13,0.0010696231381607884,0,0
752,1,0.025403300057608463,0,0
752,2,0.0053571241578944245,0,0
752,3,0.0018348197996693072,0,0
752,4,0.00044345308323778836,0,0
752,5,0.8442346182894572,1,1
752,6,0.3985425886663101,1,0
752,7,0.9713839718022559,1,1
752,8,0.027543437679003337,0,0
752,9,0.25884365745918914,1,0
752,10,0.44883084557789765,1,0
752,11,0.054106728755138944,0,0
752,12,0.40320812181871957,1,0
752,13,0.06339978615389248,1,0
753,1,0.04437642535610604,0,0
753,2,0.0014504776049244987,0,0
753,3,0.004097774021250818,0,0
753,4,0.011106591189327499,0,0
753,5,0.002077693026094578,0,0
753,6,0.004624441149412564,0,0
753,7,0.14181758637951236,0,0
753,8,0.0017927935528369728,0,0
753,9,0.015591548575376334,0,0
753,10,0.0021018369618450963,0,0
753,11,0.026496557982654368,0,0
753,12,0.0006900881796907602,0,0
753,13,0.0014297705481913223,0,0
754,1,0.03640374719147557,0,0
754,2,0.18733209284811542,0,0
754,3,0.0041560540726847586,0,0
754,4,0.002933281806885999,0,0
754,5,0.015495858006075149,1,0
754,6,0.014001451120460778,1,0
754,7,0.1902850242927588,1,0
754,8,0.5852758227830502,1,1
754,9,0.16545565213227892,0,0
754,10,0.03048052032605394,0,0
754,11,0.02260667936952171,0,0
754,12,0.009068752129381151,0,0
754,13,0.015829743035232977,0,0
755,1,0.007368235638946723,0,0
755,2,0.09290768387941481,0,0
755,3,0.01804284918057043,0,0
755,4,0.019853465056374267,0,0
755,5,0.0011817697789377863,0,0
755,6,0.002322422959513212,0,0
755,7,0.0014245085317703655,0,0
755,8,0.0027595601158842365,0,0
755,9,0.0021363389683027472,0,0
755,10,0.007977487570926482,0,0
755,11,0.013765454076227418,0,0
755,12,0.16289677684358214,0,0
755,13,0.05375851939765843,0,0
756,1,0.797575478186075,1,1
756,2,0.7914938497095112,1,1
756,3,0.04307301630544465,0,0
756,4,0.00458912397186591,0,0
756,5,0.0038430374306184898,0,0
756,6,0.012754057890689646,0,0
756,7,0.13378701623063188,0,0
756,8,0.28505609552670813,0,0
756,9,0.05257093890684534,0,0
756,10,0.002325624183464524,0,0
756,11,0.0023094205040735277,0,0
756,12,0.02610407655064442,0,0
756,13,0.01785863921072799,0,0
757,1,0.8524589512241252,0,1
757,2,0.08994703707906002,0,0
757,3,0.13218506577542968,0,0
757,4,0.07218563581983944,0,0
757,5,0.027130522723017678,0,0
757,6,0.5258653184978469,1,1
757,7,0.9775901832328971,1,1
757,8,0.987818205135815,1,1
757,9,0.7629585598842409,1,1
757,10,0.9464574231915094,1,1
757,11,0.9999628835507628,1,1
757,12,0.9925117381327809,1,1
757,13,0.9250302031256344,1,1
758,1,0.06523902007339343,0,0
758,2,0.003038548099952292,0,0
758,3,0.004806657400813927,0,0
758,4,0.0008639160486540321,0,0
758,5,0.009661457189072523,0,0
758,6,0.004566866187086236,0,0
758,7,0.007732135786030303,0,0
758,8,0.06567937602667556,0,0
758,9,0.010406594297679227,0,0
758,10,0.0037198669671795214,0,0
758,11,0.018084244780943937,0,0
758,12,0.003023229687452755,0,0
758,13,0.0017523876785401286,0,0
759,1,0.01810788910205249,0,0
759,2,0.004143889623942179,0,0
759,3,0.14223010382079435,0,0
759,4,0.12193347381688453,0,0
759,5,0.008860899177511556,0,0
759,6,0.0008142538988271568,0,0
759,7,0.0006737951070356688,0,0
759,8,0.0993397196398066,1,0
759,9,0.9996438554586541,1,1
759,10,0.999999871956269,1,1
759,11,0.9999389374214477,1,1
759,12,0.9476607854021943,1,1
759,13,0.05152042857859327,0,0
760,1,0.008724717960767415,0,0
760,2,0.0007605945994738732,0,0
760,3,0.05434295479077645,0,0
760,4,0.023967640394118382,0,0
760,5,0.016222922350470913,0,0
760,6,0.00811440063945994,0,0
760,7,0.004643583976467807,0,0
760,8,0.026875374660869443,0,0
760,9,0.001763540063429905,0,0
760,10,0.0038959445090032377,0,0
760,11,0.00727841409356683,0,0
760,12,0.014525586072057606,0,0
760,13,0.006109304965521262,0,0
761,1,0.009167221301752503,0,0
761,2,0.009129965332288345,0,0
761,3,0.0016280888266883245,0,0
761,4,0.05993727001689849,0,0
761,5,0.059244526936304526,0,0
761,6,0.0027800266036308117,0,0
761,7,0.8215843784713743,1,1
761,8,0.9992374687429313,1,1
761,9,0.41155813689036114,1,0
761,10,0.6211794267363808,1,1
761,11,0.13393301880359257,0,0
761,12,0.0024333371757300046,0,0
761,13,0.001125286555664589,0,0
762,1,0.08619296892450486,0,0
762,2,0.03667199708769878,0,0
762,3,0.0009831708522799428,0,0
762,4,0.008820083019440865,0,0
762,5,0.0019087578098437297,0,0
762,6,0.0006875653110153153,0,0
762,7,0.0020958855156646894,0,0
762,8,0.0005619580548760904,0,0
762,9,0.006156507548912527,0,0
762,10,0.0013262060968967885,0,0
762,11,0.006279762274014471,0,0
762,12,0.017934752626426315,0,0
762,13,0.0014614838763385785,0,0
763,1,0.08113367839086973,0,0
763,2,0.005166313165839401,0,0
763,3,0.0781025861536916,0,0
763,4,0.03509130235231449,0,0
763,5,0.0023487154791768483,0,0
763,6,0.0056197136118749935,0,0
763,7,0.1002645559645054,0,0
763,8,0.014529799379709416,0,0
763,9,0.00537862609533497,0,0
763,10,0.00427140069104381,0,0
763,11,0.002396405503233608,0,0
763,12,0.002611142039966834,0,0
763,13,0.009687748833953336,0,0
764,1,0.14944905902834055,0,0
764,2,0.03208570307637631,0,0
764,3,0.0007864821364032381,0,0
764,4,0.006621763864710862,0,0
764,5,0.004197808534570551,0,0
764,6,0.003681723501308644,0,0
764,7,0.0013393205056678997,0,0
764,8,0.0006255730914690212,0,0
764,9,0.001745223126393877,0,0
764,10,0.009654596877039175,0,0
764,11,0.0007844332662463581,0,0
764,12,0.031165989425068052,0,0
764,13,0.013589724600198009,0,0
765,1,0.005364959648039746,0,0
765,2,0.005766224386297719,0,0
765,3,0.9998108399006599,1,1
765,4,0.9755878891318479,1,1
765,5,0.9287561043525363,1,1
765,6,0.9966926403268764,1,1
765,7,0.999918544744331,1,1
765,8,0.9999792993505957,1,1
765,9,0.9999997353115404,1,1
765,10,0.999778041785666,1,1
765,11,0.9576850852869311,1,1
765,12,0.4828784691033345,1,0
765,13,0.25584093379261375,0,0
766,1,0.044893005007943645,1,0
766,2,0.5427934105384125,1,1
766,3,0.08894677773594081,1,0
766,4,0.9800301232265451,1,1
766,5,0.7883531532471224,1,1
766,6,0.9999067559124495,1,1
766,7,0.995475926596994,1,1
766,8,0.9998103867845328,1,1
766,9,0.9970032952266972,1,1
766,10,0.9997785753360681,1,1
766,11,0.9992816149935498,1,1
766,12,0.9999307031315946,1,1
766,13,0.9999997983380914,1,1
767,1,0.10656085727778347,0,0
767,2,0.016964846974781636,0,0
767,3,0.26869359667106224,0,0
767,4,0.003056345333047018,0,0
767,5,0.0023545391170406264,0,0
767,6,0.065770901822286,0,0
767,7,0.013053670730727465,0,0
767,8,0.007671515017988465,0,0
767,9,0.0030471779153194455,0,0
767,10,0.010555724353045267,0,0
767,11,0.01092988541349461,0,0
767,12,0.005395257899554552,0,0
767,13,0.002743226807570135,0,0
768,1,0.11434406647357917,0,0
768,2,0.013804481754236587,0,0
768,3,0.003630981647421313,0,0
768,4,0.02159848634657236,0,0
768,5,0.0015580471936490368,0,0
768,6,0.00042590761400408765,0,0
768,7,0.012881350139796235,0,0
768,8,0.008442022884793626,0,0
768,9,0.0061494209385637546,0,0
768,10,0.09091438934961862,0,0
768,11,0.0033316514959032396,0,0
768,12,0.0024804196434746696,0,0
768,13,0.0028748823118577007,0,0
769,1,0.08305479007188586,0,0
769,2,0.05529953598836779,0,0
769,3,0.0018454648126931697,0,0
769,4,0.0009880232832753374,0,0
769,5,0.018526069970525524,0,0
769,6,0.01250594869450071,0,0
769,7,0.000690507177142771,0,0
769,8,0.0021911886823836064,0,0
769,9,0.010219353863883174,0,0
769,10,0.022088491943370987,0,0
769,11,0.02652098629127045,0,0
769,12,0.0031181719489913966,0,0
769,13,0.0021477468203206676,0,0
770,1,0.03629881408391746,0,0
770,2,0.0015464168901057989,0,0
770,3,0.002029610540409956,0,0
770,4,0.0009984536470226226,0,0
770,5,0.0012148124857196988,0,0
770,6,0.6643180731730571,0,1
770,7,0.7949195621993937,0,1
770,8,0.36469174480896005,0,0
770,9,0.035172661047166195,0,0
770,10,0.011905181821685585,0,0
770,11,0.7102214014661105,0,1
770,12,0.27138415712247793,0,0
770,13,0.0026183772306332337,0,0
771,1,0.016906278276867432,0,0
771,2,0.004497873248266043,0,0
771,3,0.02085922709986295,0,0
771,4,0.04490732724390965,0,0
771,5,0.0033627057743105706,0,0
771,6,0.004771172415794152,0,0
771,7,0.001330059406709842,0,0
771,8,0.002092630691702687,0,0
771,9,0.013017961341423879,0,0
771,10,0.002493012030804814,0,0
771,11,0.07094900421635225,0,0
771,12,0.00535158916155443,0,0
771,13,0.003641980635159932,0,0
772,1,0.04773928155959586,0,0
772,2,0.09951663601797459,0,0
772,3,0.006312939123467168,0,0
772,4,0.0011603699726439095,0,0
772,5,0.007910826636257534,0,0
772,6,0.000374815874029253,0,0
772,7,0.08438283121258658,0,0
772,8,0.006386022179762528,0,0
772,9,0.003446956803500538,0,0
772,10,0.9566277264376986,1,1
772,11,0.9973834590566966,1,1
772,12,0.9885804092158751,1,1
772,13,0.941217127365245,1,1
773,1,0.00422232437700559,0,0
773,2,0.0012146758422707598,0,0
773,3,0.06996332931198364,0,0
773,4,0.7505863249761485,1,1
773,5,0.9992864450250972,1,1
773,6,0.9998612663400661,1,1
773,7,0.9733530592770379,1,1
773,8,0.9999796349995178,1,1
773,9,0.5152894893615905,1,1
773,10,0.877958442312723,1,1
773,11,0.9999954126252533,1,1
773,12,0.939421945320671,1,1
773,13,0.9472117300451978,1,1
774,1,0.0038944302097595634,0,0
774,2,0.0006761099197231682,0,0
774,3,0.04197674243002343,0,0
774,4,0.005231514528808374,0,0
774,5,0.003108526809367964,0,0
774,6,0.0010871753712947412,0,0
774,7,0.009684735445737514,0,0
774,8,0.002452843843760061,0,0
774,9,0.003527520962045806,0,0
774,10,0.007957639529843541,0,0
774,11,0.0007923266119915301,0,0
774,12,0.02315818322670632,0,0
774,13,0.8386773560635123,1,1
775,1,0.010750487279139295,0,0
775,2,0.9467123465664435,1,1
775,3,0.11468773946453438,0,0
775,4,0.06237563967483781,0,0
775,5,0.02720718782895572,0,0
775,6,0.008609209045299838,0,0
775,7,0.0025820849314505388,0,0
775,8,0.0013630621730796864,0,0
775,9,0.001625195301296057,0,0
775,10,0.00198554932342062,0,0
775,11,0.002451401593312604,0,0
775,12,0.00038433622450952354,0,0
775,13,0.0009827017556717542,0,0
776,1,0.002013878865130473,0,0
776,2,0.0034439798273216814,0,0
776,3,0.0039983462525774805,0,0
776,4,0.001267583897552846,0,0
776,5,0.002088309657213009,0,0
776,6,0.9977216409123291,1,1
776,7,0.9978318428272083,1,1
776,8,0.16854913176589245,0,0
776,9,0.007025473360454082,0,0
776,10,0.07161017121783611,0,0
776,11,0.03269332915502961,0,0
776,12,0.010839376500215814,0,0
776,13,0.001149263829948838,0,0
777,1,0.17999367850441117,0,0
777,2,0.003679377905805519,0,0
777,3,0.0026600924069225852,0,0
777,4,0.010945599091436602,0,0
777,5,0.055641563883041464,0,0
777,6,0.011400375288631737,0,0
777,7,0.23527424464424843,1,0
777,8,0.04198511608057393,0,0
777,9,0.004136905486845425,0,0
777,10,0.0007444449842756393,0,0
777,11,0.015738204663445526,0,0
777,12,0.004086314020589418,0,0
777,13,0.004853571324205825,0,0
778,1,0.9972341289721212,1,1
778,2,0.8566917589013353,1,1
778,3,0.9712694821382163,1,1
778,4,0.9981705012830407,1,1
778,5,0.9999421598422201,1,1
778,6,0.8811461708358131,1,1
778,7,0.9873995308509748,1,1
778,8,0.12428342797409524,0,0
778,9,0.00990369056936232,0,0
778,10,0.01737926919320654,0,0
778,11,0.9940136520667414,1,1
778,12,0.9860209774316753,1,1
778,13,0.640439578184829,0,1
779,1,0.20027346323720738,0,0
779,2,0.04292333133751144,0,0
779,3,0.02963279363958003,0,0
779,4,0.0028730897531226915,0,0
779,5,0.11570838130157694,0,0
779,6,0.04399611268410486,0,0
779,7,0.00507529190633552,0,0
779,8,0.0018500315968350682,0,0
779,9,0.013424665754073053,0,0
779,10,0.002833652118205766,0,0
779,11,0.970961147965686,1,1
779,12,0.9996166090987499,1,1
779,13,0.7823938739894907,1,1
780,1,0.006996709690516101,0,0
780,2,0.040099131857694134,0,0
780,3,0.023680578956157727,0,0
780,4,0.04183418812906253,0,0
780,5,0.006145499226866559,0,0
780,6,0.9991303591794694,1,1
780,7,0.9999999694675314,1,1
780,8,0.20379651108318853,0,0
780,9,0.12364084559430549,0,0
780,10,0.009249523763577069,0,0
780,11,0.021918903437482016,0,0
780,12,0.011054806436685792,0,0
780,13,0.002545437555012284,0,0
781,1,0.08084315462755624,0,0
781,2,0.15255860922988584,0,0
781,3,0.005399850097120503,0,0
781,4,0.5266664292195967,1,1
781,5,0.21368190471735068,0,0
781,6,0.01877593141632018,0,0
781,7,0.000607005302016081,0,0
781,8,0.0004905856069147092,0,0
781,9,0.0011999420313665444,0,0
781,10,0.05029619181532622,0,0
781,11,0.0055635791631193495,0,0
781,12,0.006044009029514626,0,0
781,13,0.006024053729954057,0,0
782,1,0.9994092962658664,1,1
782,2,0.9134238719429565,0,1
782,3,0.1883769102285042,0,0
782,4,0.18156748403561962,0,0
782,5,0.018459010208079062,0,0
782,6,0.03191157769868677,0,0
782,7,0.05078681476991324,0,0
782,8,0.2656078989020091,0,0
782,9,0.06735307340401382,0,0
782,10,0.0017718485455490347,0,0
782,11,0.003327959012982511,0,0
782,12,0.000901125848540418,0,0
782,13,0.05416062047264834,0,0
783,1,0.0849590527673765,0,0
783,2,0.42566957533962196,0,0
783,3,0.15694625852608293,0,0
783,4,0.0038947680720858003,0,0
783,5,0.005240474779077012,0,0
783,6,0.007573403354471674,0,0
783,7,0.0019320551441057998,0,0
783,8,0.07675494935871224,0,0
783,9,0.1641936464506922,0,0
783,10,0.030816129466956,0,0
783,11,0.7271690369765754,0,1
783,12,0.2761945188658838,0,0
783,13,0.011907393579880212,0,0
784,1,0.011841283613464601,0,0
784,2,0.0031101672539389376,0,0
784,3,0.007205642003695973,0,0
784,4,0.009403338103065286,0,0
784,5,0.012314478657791379,0,0
784,6,0.0011443540582618537,0,0
784,7,0.0009543720851038117,0,0
784,8,0.05365865072263443,0,0
784,9,0.2715282234219757,0,0
784,10,0.05444052902848189,0,0
784,11,0.018327597561908947,0,0
784,12,0.0013487767812844517,0,0
784,13,0.014384945854214274,0,0
785,1,0.00436740263382576,0,0
785,2,0.008216537064010347,0,0
785,3,0.008260040786783659,0,0
785,4,0.23878751865056713,0,0
785,5,0.09264639581734016,0,0
785,6,0.011106511325659114,0,0
785,7,0.010330482920902757,0,0
785,8,0.0016146268958583722,0,0
785,9,0.0028363672232073604,0,0
785,10,0.006196988048491472,0,0
785,11,0.022297056751538626,0,0
785,12,0.12057406142854268,0,0
785,13,0.02859121701728466,0,0
786,1,0.7610975607060693,1,1
786,2,0.999748806727126,1,1
786,3,0.9853523531167105,1,1
786,4,0.902730977016907,1,1
786,5,0.9998259688146928,1,1
786,6,0.9999999975721412,1,1
786,7,0.8982853197991534,0,1
786,8,0.41532430861567743,0,0
786,9,0.14958739327409754,0,0
786,10,0.006927602221069256,0,0
786,11,0.0036728917191025134,0,0
786,12,0.0698223360323477,0,0
786,13,0.032885063419714124,0,0
787,1,0.044137219095884334,0,0
787,2,0.0060404818245776565,0,0
787,3,0.12642332329172273,0,0
787,4,0.2611209512787712,0,0
787,5,0.009820113730721967,0,0
787,6,0.003434813630313991,0,0
787,7,0.0004667780498563968,0,0
787,8,0.0016089520965939094,0,0
787,9,0.002512561489757258,0,0
787,10,0.01615569237673293,0,0
787,11,0.005831735665428392,1,0
787,12,0.44118594912836423,1,0
787,13,0.582241088456084,1,1
788,1,0.2500769194963544,0,0
788,2,0.16615130430662892,0,0
788,3,0.004024458421620863,0,0
788,4,0.09268632153296064,0,0
788,5,0.0008334888585809219,0,0
788,6,0.002455915134303135,0,0
788,7,0.008324763005050919,0,0
788,8,0.013626183054881396,0,0
788,9,0.0006683807281426598,0,0
788,10,0.0029948175721166708,0,0
788,11,0.0021937576176933402,0,0
788,12,0.014585992039821664,1,0
788,13,0.0820643315670518,1,0
789,1,0.046529295389574704,0,0
789,2,0.0037521623944386734,0,0
789,3,0.003934786581669597,0,0
789,4,0.014412920309466854,0,0
789,5,0.001219237400477677,0,0
789,6,0.0021906406858305844,0,0
789,7,0.00515779034196633,0,0
789,8,0.01187142971038734,0,0
789,9,0.020616305185803402,0,0
789,10,0.0036222101192478757,0,0
789,11,0.008982208139162754,0,0
789,12,0.0005948492642777277,0,0
789,13,0.007774513611374928,0,0
790,1,0.23149654819080098,0,0
790,2,0.03519824602306554,0,0
790,3,0.07654441653449552,0,0
790,4,0.7456507394793714,1,1
790,5,0.9908655179970179,1,1
790,6,0.9986664130636674,1,1
790,7,0.9926584156528998,1,1
790,8,0.8355860712558205,1,1
790,9,0.9999796233764283,1,1
790,10,0.6268972666031628,0,1
790,11,0.19661908849074972,0,0
790,12,0.48526558094807104,0,0
790,13,0.11010415199391237,0,0
791,1,0.007523164707367714,0,0
791,2,0.004659556986217423,0,0
791,3,0.01045116920338513,0,0
791,4,0.0016233729470366961,0,0
791,5,0.008584957172994468,0,0
791,6,0.003342242777603045,0,0
791,7,0.030240621789956748,0,0
791,8,0.0013307553914245704,0,0
791,9,0.002443110782213561,0,0
791,10,0.0036213845530169548,0,0
791,11,0.010211500643046118,0,0
791,12,0.09613036792614932,0,0
791,13,0.005385297406093291,0,0
792,1,0.025920198556553108,0,0
792,2,0.02093712649934409,0,0
792,3,0.004313941103441161,0,0
792,4,0.006183660924126615,0,0
792,5,0.004020365668187592,0,0
792,6,0.001160179081413527,0,0
792,7,0.017953347678238623,0,0
792,8,0.5702629990481458,0,1
792,9,0.05485131932986774,0,0
792,10,0.0011188704696186997,0,0
792,11,0.007133216564593323,0,0
792,12,0.0028098201759951496,0,0
792,13,0.011214492204577362,0,0
793,1,0.8290279405072049,1,1
793,2,0.45577408931000357,1,0
793,3,0.5849622705854609,1,1
793,4,0.3123679745450115,1,0
793,5,0.0035704781422973546,0,0
793,6,0.07332519044699136,0,0
793,7,0.7745582205465449,0,1
793,8,0.01832870459316375,0,0
793,9,0.0014614441347527572,0,0
793,10,0.004624939960462894,0,0
793,11,0.04015944110293368,0,0
793,12,0.09585476616542538,0,0
793,13,0.057400589969462415,0,0
794,1,0.03904662867551803,0,0
794,2,0.002397536857481904,0,0
794,3,0.001018759409966672,0,0
794,4,0.05674922719815773,0,0
794,5,0.026340061421130524,0,0
794,6,0.0029637882449083013,0,0
794,7,0.019159790461254454,0,0
794,8,0.10672733601495704,0,0
794,9,0.1822045265058167,0,0
794,10,0.04821766819005508,0,0
794,11,0.21128325270002155,0,0
794,12,0.003223106318891624,0,0
794,13,0.0011586521659833658,0,0
795,1,0.07795435861009684,0,0
795,2,0.3065960590533467,0,0
795,3,0.043518037442870555,0,0
795,4,0.026529669281856166,0,0
795,5,0.016261606134523744,0,0
795,6,0.8230026978776653,1,1
795,7,0.9976924493196305,1,1
795,8,0.9812265875301559,1,1
795,9,0.9181051760640705,1,1
795,10,0.9453088164705619,1,1
795,11,0.791087541483467,1,1
795,12,0.4249868682433171,0,0
795,13,0.007543407143504426,0,0
796,1,0.026211095407639,0,0
796,2,0.0427514152006131,0,0
796,3,0.0007678493820761324,0,0
796,4,0.0029083861491765307,0,0
796,5,0.01712281278539547,1,0
796,6,0.9881489073694733,1,1
796,7,0.9999838252685246,1,1
796,8,0.8310561023780266,1,1
796,9,0.9999971921040465,1,1
796,10,0.9995713364550594,1,1
796,11,0.0747162266129303,0,0
796,12,0.0031286507954494387,0,0
796,13,0.010670817773909234,0,0
797,1,0.018326844503001885,0,0
797,2,0.005925663333408604,0,0
797,3,0.003234626006448226,0,0
797,4,0.005622127148883109,0,0
797,5,0.005553404469736324,0,0
797,6,0.005589661085180296,0,0
797,7,0.0023229228037146524,0,0
797,8,0.0007218568078157274,0,0
797,9,0.12371004334292578,0,0
797,10,0.0022432208385504294,0,0
797,11,0.9814814738551235,1,1
797,12,0.033805161820888774,0,0
797,13,0.0009201977509201022,0,0
798,1,0.882044725125492,1,1
798,2,0.8627659919110202,1,1
798,3,0.904101041513476,1,1
798,4,0.2780094351649788,1,0
798,5,0.9383516934101492,1,1
798,6,0.12884696654266806,1,0
798,7,0.9708889767300897,1,1
798,8,0.9981043059320364,1,1
798,9,0.9889875636344639,1,1
798,10,0.9999879981667743,1,1
798,11,0.9983432436162797,1,1
798,12,0.9976802282221319,1,1
798,13,0.7970156007880843,1,1
799,1,0.9999183999662656,1,1
799,2,0.986378249504164,1,1
799,3,0.9999909548446458,1,1
799,4,0.9990470940471537,1,1
799,5,0.9997953699342743,1,1
799,6,0.9908927704485496,1,1
799,7,0.15137114194031773,0,0
799,8,0.0024185568961896334,0,0
799,9,0.01612904558484103,0,0
799,10,0.001267940480068335,0,0
799,11,0.0013196861441680118,0,0
799,12,0.04809104357756809,0,0
799,13,0.014575275492290334,0,0
800,1,0.8802345576150782,1,1
800,2,0.9986654099402182,1,1
800,3,0.9999667644299945,1,1
800,4,0.8960758104550993,0,1
800,5,0.1568409868107644,0,0
800,6,0.006027155510813175,0,0
800,7,0.1994652470752697,0,0
800,8,0.00400386725941334,0,0
800,9,0.0022761612897068315,0,0
800,10,0.006721195377526865,0,0
800,11,0.5413455276799652,0,1
800,12,0.08097826106279592,0,0
800,13,0.10104449240670155,0,0
801,1,0.07108743071555935,0,0
801,2,0.010717776446542272,0,0
801,3,0.001793212569403864,0,0
801,4,0.6325447779152988,1,1
801,5,0.020196685539522613,0,0
801,6,0.013248424747403932,0,0
801,7,0.008367613365336549,0,0
801,8,0.00276346210331437,0,0
801,9,0.022547880973216288,0,0
801,10,0.0006220620677384605,0,0
801,11,0.002770177046324193,0,0
801,12,0.002299203160001599,0,0
801,13,0.0017881114100684354,0,0
802,1,0.007904105589196252,0,0
802,2,0.008378842112726667,0,0
802,3,0.05261130081953815,0,0
802,4,0.0011446488401150837,0,0
802,5,0.009458056024986082,0,0
802,6,0.0044219230537745685,0,0
802,7,0.0009208858926557357,0,0
802,8,0.004243187668026628,0,0
802,9,0.00255785662375257,0,0
802,10,0.0014197143539836077,0,0
802,11,0.0006942010024417357,0,0
802,12,0.0013039081561038366,0,0
802,13,0.3706104538740731,0,0
803,1,0.016730732902191493,0,0
803,2,0.0012339660637438192,0,0
803,3,0.0017529104522180062,0,0
803,4,0.008351536530097577,0,0
803,5,0.0026530667747438267,0,0
803,6,0.002932442396220505,0,0
803,7,0.013908079962041573,0,0
803,8,0.00831789926178548,0,0
803,9,0.001460431809248914,0,0
803,10,0.0033003511381808717,0,0
803,11,0.0012499281472174,0,0
803,12,0.0015890353639505643,0,0
803,13,0.13135128847201008,0,0
804,1,0.04953817732076363,0,0
804,2,0.010682376541032806,0,0
804,3,0.03341421749165527,0,0
804,4,0.03151973563662986,0,0
804,5,0.9984495178353546,1,1
804,6,0.999951986405762,1,1
804,7,0.7653632393369257,0,1
804,8,0.016789335120968363,0,0
804,9,0.663669278655958,0,1
804,10,0.008285695614990696,0,0
804,11,0.01360163032230439,0,0
804,12,0.008263775439398983,0,0
804,13,0.0012595622555863122,0,0
805,1,0.01130188027200441,0,0
805,2,0.041286537978344306,0,0
805,3,0.00538042077448098,0,0
805,4,0.0011989482333951136,0,0
805,5,0.008566456585164292,0,0
805,6,0.00964845836155835,0,0
805,7,0.0009566479257733812,0,0
805,8,0.0007747615491979722,0,0
805,9,0.0005269257043618185,0,0
805,10,0.004995200726323338,1,0
805,11,0.000934103403250848,0,0
805,12,0.0025289122021031267,0,0
805,13,0.005423799063877662,0,0
806,1,0.9685720439402585,1,1
806,2,0.8464791759133563,1,1
806,3,0.9110275667194795,0,1
806,4,0.11018785740793242,0,0
806,5,0.04639091434193548,0,0
806,6,0.0009288880992569562,0,0
806,7,0.579259023882939,1,1
806,8,0.998032621232926,1,1
806,9,0.46584863193697007,0,0
806,10,0.007461448552601087,0,0
806,11,0.0017909369494265531,0,0
806,12,0.004039194449080682,0,0
806,13,0.0023036447750452442,0,0
807,1,0.5028922332623063,0,1
807,2,0.06722960545764571,0,0
807,3,0.002450740320883789,0,0
807,4,0.0007485298145883037,0,0
807,5,0.0008842004034635056,0,0
807,6,0.06707777889036172,0,0
807,7,0.003569798689363515,0,0
807,8,0.1315720230572806,0,0
807,9,0.09994204933362696,0,0
807,10,0.024878294336931898,0,0
807,11,0.010429109747219247,0,0
807,12,0.0007925719358942434,0,0
807,13,0.001035746777863812,0,0
808,1,0.3810140341888547,0,0
808,2,0.018164520393752402,0,0
808,3,0.0004134233890820733,0,0
808,4,0.004155975530764712,0,0
808,5,0.0023401792778706522,0,0
808,6,0.004592000743625866,0,0
808,7,0.0014913600476153422,0,0
808,8,0.0009476537275480596,0,0
808,9,0.0013523528454752705,0,0
808,10,0.027412452191470996,0,0
808,11,0.002522212455687506,0,0
808,12,0.020771275667608956,0,0
808,13,0.2793855828930396,0,0
809,1,0.008254936498059544,0,0
809,2,0.03255512614614889,0,0
809,3,0.004247455906487501,0,0
809,4,0.29463735693173126,0,0
809,5,0.05836552616909339,1,0
809,6,0.9103518927915397,1,1
809,7,0.9943300932008501,1,1
809,8,0.9998868264262097,1,1
809,9,0.8260758123283235,1,1
809,10,0.9999852104573529,1,1
809,11,0.9594070624661228,1,1
809,12,0.9923206057641656,1,1
809,13,0.9837469560391697,1,1
810,1,0.007379213601225401,0,0
810,2,0.06298846705368202,0,0
810,3,0.004980795273906395,0,0
810,4,0.022458968219560605,0,0
810,5,0.07691681546869757,0,0
810,6,0.002269152678317514,0,0
810,7,0.0025564294442235523,0,0
810,8,0.004734082042409515,0,0
810,9,0.0080018077018551,0,0
810,10,0.09019914672991704,0,0
810,11,0.0077251806823733235,0,0
810,12,0.02448533600155092,0,0
810,13,0.008774345485391716,0,0
811,1,0.004628455098617467,0,0
811,2,0.011957846463646667,0,0
811,3,0.010244801531673722,0,0
811,4,0.08601934079565271,0,0
811,5,0.9378040176104365,1,1
811,6,0.9999853017767432,1,1
811,7,0.5138567974038817,1,1
811,8,0.4033028859074676,1,0
811,9,0.005074498844442832,0,0
811,10,0.015189357057877963,0,0
811,11,0.0017699752572412873,0,0
811,12,0.012927736556314656,0,0
811,13,0.007939389896130366,0,0
812,1,0.021964878954196233,0,0
812,2,0.0005503806361112587,0,0
812,3,0.015779748909899815,0,0
812,4,0.0219729885831501,0,0
812,5,0.04990177530171754,0,0
812,6,0.029662550959069434,0,0
812,7,0.005591541149677599,0,0
812,8,0.018132520881232118,0,0
812,9,0.0014742669147573327,0,0
812,10,0.027430332060442847,0,0
812,11,0.013084711384931962,0,0
812,12,0.001771705843152938,0,0
812,13,0.005965531364964253,0,0
813,1,0.1793204483630104,0,0
813,2,0.0023215153277661538,0,0
813,3,0.003922761673249783,0,0
813,4,0.013925654664675791,0,0
813,5,0.01958052623515472,0,0
813,6,0.017284389471583093,0,0
813,7,0.0195760836250517,0,0
813,8,0.04203162802126545,0,0
813,9,0.030444432547173335,0,0
813,10,0.005395672748022899,0,0
813,11,0.002212622094838316,0,0
813,12,0.009504748351446773,0,0
813,13,0.08945396911415024,0,0
814,1,0.003232209149862283,0,0
814,2,0.9217396377419327,1,1
814,3,0.14274725803674831,0,0
814,4,0.007387471909347139,0,0
814,5,0.0906194029322978,0,0
814,6,0.015988866915590115,0,0
814,7,0.0014415728674446278,0,0
814,8,0.012745163067618918,0,0
814,9,0.11490586426925214,0,0
814,10,0.0028352784439521377,0,0
814,11,0.027449236008555974,0,0
814,12,0.011279419117645663,0,0
814,13,0.10276974637802651,0,0
815,1,0.050534350147271825,0,0
815,2,0.002276716511271785,0,0
815,3,0.0012672212939243577,0,0
815,4,0.012210497333661207,0,0
815,5,0.006488168736073391,0,0
815,6,0.03806085165627951,0,0
815,7,0.00273719130372171,0,0
815,8,0.005648138300227011,0,0
815,9,0.6013289471934244,1,1
815,10,0.7841456042460953,0,1
815,11,0.8354201955952704,0,1
815,12,0.7373500443435712,0,1
815,13,0.1437036266942032,0,0
816,1,0.012270693001272369,0,0
816,2,0.05673962667921178,0,0
816,3,0.003037967975829213,0,0
816,4,0.03267883526790206,0,0
816,5,0.0026383450532657805,0,0
816,6,0.003963261562259833,0,0
816,7,0.002513463578542726,0,0
816,8,0.004742234928443735,0,0
816,9,0.008241948149425903,0,0
816,10,0.005387470041505105,0,0
816,11,0.0028461834513066626,0,0
816,12,0.011684965250148276,0,0
816,13,0.37859005953783265,0,0
817,1,0.006668188692477503,0,0
817,2,0.01728032562576374,0,0
817,3,0.014620385244738405,0,0
817,4,0.10311726307588348,0,0
817,5,0.022524192571992955,1,0
817,6,0.6990974000132816,1,1
817,7,0.9790896479378967,1,1
817,8,0.8058072009847528,1,1
817,9,0.6472012519956983,1,1
817,10,0.010211490891859756,0,0
817,11,0.03557478397390606,0,0
817,12,0.01674790538525624,0,0
817,13,0.014655162019787935,0,0
818,1,0.03529888064685939,0,0
818,2,0.0050163328338815585,0,0
818,3,0.004388600989527523,0,0
818,4,0.01550743675126042,0,0
818,5,0.027072184271196936,0,0
818,6,0.004936767714820446,0,0
818,7,0.009523774067533233,0,0
818,8,0.03371586062529592,0,0
818,9,0.002017800789277617,0,0
818,10,0.01325073864017106,0,0
818,11,0.22382395285920512,0,0
818,12,0.019764635677943256,0,0
818,13,0.021095039746282292,0,0
819,1,0.10011312922835089,0,0
819,2,0.002375002620396209,0,0
819,3,0.01017187270678325,0,0
819,4,0.008621216328765693,0,0
819,5,0.012204851301018343,0,0
819,6,0.008328661876271829,0,0
819,7,0.0013997924615413338,0,0
819,8,0.1395888213105745,1,0
819,9,0.8792423183426491,1,1
819,10,0.07095094486008544,0,0
819,11,0.13879705253795202,0,0
819,12,0.00938687661832583,0,0
819,13,0.08685959244248649,0,0
820,1,0.04702783721386546,0,0
820,2,0.25251825444526543,1,0
820,3,0.9694626668756062,1,1
820,4,0.9909961792701361,1,1
820,5,0.9994672167427173,1,1
820,6,0.9998642548523603,1,1
820,7,0.9985766595843635,1,1
820,8,0.5557037877971213,1,1
820,9,0.3284885792270484,1,0
820,10,0.9421554429408265,1,1
820,11,0.991350797699298,1,1
820,12,0.06574813105990644,0,0
820,13,0.24708769443823683,0,0
821,1,0.039156949619596114,0,0
821,2,0.013512755500621785,0,0
821,3,0.00213662362842602,0,0
821,4,0.009793647405817209,0,0
821,5,0.6120915022713365,0,1
821,6,0.01610747114149953,0,0
821,7,0.0007625527093738576,0,0
821,8,0.000819633779680462,0,0
821,9,0.03444343770416772,0,0
821,10,0.005732550379302856,0,0
821,11,0.026594368888430774,0,0
821,12,0.000569374618547441,0,0
821,13,0.009584934932884061,0,0
822,1,0.007028212397125994,0,0
822,2,0.010113927033429044,0,0
822,3,0.0019117779019404823,0,0
822,4,0.0029273319433689615,0,0
822,5,0.8746558397707955,1,1
822,6,0.41012618791569594,1,0
822,7,0.9263103258347654,1,1
822,8,0.9995956989216773,1,1
822,9,0.9990658678019579,1,1
822,10,0.9909363128007821,1,1
822,11,0.9994753100835142,1,1
822,12,0.9459310681347961,1,1
822,13,0.99999756299783,1,1
823,1,0.08216067065273526,0,0
823,2,0.05952454234685216,0,0
823,3,0.010608571685349852,0,0
823,4,0.003029551966105072,0,0
823,5,0.9998037296917027,1,1
823,6,0.999977275045481,1,1
823,7,0.9991414447920519,1,1
823,8,0.24848554633080328,0,0
823,9,0.0019986380434808375,0,0
823,10,0.016406587158500876,0,0
823,11,0.0027495267948437797,0,0
823,12,0.019799715020986756,0,0
823,13,0.006107145204345552,0,0
824,1,0.21634774054759995,0,0
824,2,0.33828689048636257,0,0
824,3,0.13930302580499718,0,0
824,4,0.012087505209601699,0,0
824,5,0.020054744004298554,0,0
824,6,0.05540936838065323,0,0
824,7,0.04441534320248852,0,0
824,8,0.02287383469304068,0,0
824,9,0.003538514884153516,0,0
824,10,0.02215870976492793,0,0
824,11,0.0036678197951807846,0,0
824,12,0.00046122753620756173,0,0
824,13,0.0019252942491621383,0,0
825,1,0.12416606850650681,0,0
825,2,0.9999603333966137,1,1
825,3,0.9976167416298868,1,1
825,4,0.9964396197645515,1,1
825,5,0.9899961490147646,1,1
825,6,0.9999959412725979,1,1
825,7,0.9805399013517689,1,1
825,8,0.23512387630335993,1,0
825,9,0.9979610377112883,1,1
825,10,0.9991788372653357,1,1
825,11,0.9991811139938195,1,1
825,12,0.985111888081049,1,1
825,13,0.9863554198304583,1,1
826,1,0.00731064121900835,0,0
826,2,0.0022500061138004982,0,0
826,3,0.004379424789898543,0,0
826,4,0.0024070785456719577,0,0
826,5,0.004107120232118375,0,0
826,6,0.24320191063491625,0,0
826,7,0.9742774713151131,1,1
826,8,0.97144409972503,1,1
826,9,0.12154779559573375,0,0
826,10,0.00434565285334449,0,0
826,11,0.01081200684653514,0,0
826,12,0.09326702400408524,0,0
826,13,0.00366057303089177,0,0
827,1,0.25639995167014595,0,0
827,2,0.006852545067611458,0,0
827,3,0.012175952820152224,0,0
827,4,0.0242899061986094,0,0
827,5,0.00410592014256836,0,0
827,6,0.0007284506949389493,0,0
827,7,0.0028354799056677553,0,0
827,8,0.16102335218143574,0,0
827,9,0.015236375499756299,0,0
827,10,0.5579558331122844,1,1
827,11,0.45524029875635647,1,0
827,12,0.6891996854791721,1,1
827,13,0.20091150648429176,1,0
828,1,0.9419696826563538,1,1
828,2,0.613281987288991,0,1
828,3,0.25723590690948706,0,0
828,4,0.012749042350799187,0,0
828,5,0.003977116338935602,0,0
828,6,0.0680613005937114,0,0
828,7,0.014601775442761264,0,0
828,8,0.015545059508158812,0,0
828,9,0.008844839803296768,0,0
828,10,0.030489536039911093,0,0
828,11,0.01746087825754844,0,0
828,12,0.032000106383923484,0,0
828,13,0.0048148395155045735,0,0
829,1,0.027475140607991323,0,0
829,2,0.007492800267912803,0,0
829,3,0.005034703131861246,0,0
829,4,0.007238500422801043,0,0
829,5,0.009249225898733828,0,0
829,6,0.0010191625762607692,0,0
829,7,0.002524878393347672,1,0
829,8,0.8994730777353642,1,1
829,9,0.9736208021935194,1,1
829,10,0.7500201726852456,1,1
829,11,0.9998609711450546,1,1
829,12,0.18785456416640556,0,0
829,13,0.02522258888589881,0,0
830,1,0.01343667334240801,0,0
830,2,0.024131952353033934,0,0
830,3,0.027361288713355525,0,0
830,4,0.1653367890066241,0,0
830,5,0.026025067895571824,0,0
830,6,0.03434313589578697,0,0
830,7,0.10104117205309575,1,0
830,8,0.6074534057670232,1,1
830,9,0.9772221348052441,1,1
830,10,0.9933087986345135,1,1
830,11,0.9629522098615486,1,1
830,12,0.12143744792371249,0,0
830,13,0.012766290948267195,0,0
831,1,0.027623110534192946,0,0
831,2,0.046969980989002395,0,0
831,3,0.01288031281566196,0,0
831,4,0.002517106167324788,0,0
831,5,0.0803881712369369,0,0
831,6,0.002137161268371775,0,0
831,7,0.005555664333482392,0,0
831,8,0.045490762488738214,0,0
831,9,0.9947726225811009,1,1
831,10,0.2823040975367942,0,0
831,11,0.3039444131266708,0,0
831,12,0.2914695280736946,0,0
831,13,0.005603307720363585,0,0
832,1,0.03173379259092609,0,0
832,2,0.04373636667731785,0,0
832,3,0.028214815932614833,0,0
832,4,0.005424506973949443,0,0
832,5,0.06186208360349734,0,0
832,6,0.012745053219586295,0,0
832,7,0.02972257450744929,0,0
832,8,0.0011102550280732385,0,0
832,9,0.0058127357586915665,0,0
832,10,0.08012991323739042,0,0
832,11,0.002990878227520681,0,0
832,12,0.001994380747686741,0,0
832,13,0.0031808698537365886,0,0
833,1,0.011017414684693727,0,0
833,2,0.0014668640601288058,0,0
833,3,0.004316564375885577,0,0
833,4,0.0012629509479793492,0,0
833,5,0.001664096754605698,0,0
833,6,0.00241177104134612,0,0
833,7,0.0027828440311630687,0,0
833,8,0.001735898044660956,0,0
833,9,0.0025494628466339263,0,0
833,10,0.00166037137879211,0,0
833,11,0.5298952703460407,0,1
833,12,0.011626101295981774,0,0
833,13,0.046219656909131636,1,0
834,1,0.006332001112031439,0,0
834,2,0.005188456449549735,0,0
834,3,0.004471863607986482,0,0
834,4,0.18574374871390872,0,0
834,5,0.03385429502393045,0,0
834,6,0.002847989838194102,0,0
834,7,0.13227333903485147,0,0
834,8,0.009050582292744974,0,0
834,9,0.9055672757123807,1,1
834,10,0.864760505240955,1,1
834,11,0.9930685768559305,1,1
834,12,0.9994352592794383,1,1
834,13,0.6875401695734871,1,1
835,1,0.010056892731395433,0,0
835,2,0.052217738370829915,0,0
835,3,0.05078620176577963,0,0
835,4,0.10101212518586916,0,0
835,5,0.4429712408982466,0,0
835,6,0.025093841904282776,0,0
835,7,0.002564297280883657,0,0
835,8,0.0048894858642571605,0,0
835,9,0.001463231611842419,0,0
835,10,0.0025910780789830698,0,0
835,11,0.05144277877573567,0,0
835,12,0.016990458672397447,0,0
835,13,0.01273060848017967,0,0
836,1,0.031183933870676066,0,0
836,2,0.036034612091781486,0,0
836,3,0.0037355698850910016,0,0
836,4,0.0006254714743738465,0,0
836,5,0.00373215337505805,0,0
836,6,0.014594260328458097,0,0
836,7,0.015168193885783684,0,0
836,8,0.0007493039851280553,0,0
836,9,0.0018037371508252832,0,0
836,10,0.01114142620025251,0,0
836,11,0.01649847205634427,0,0
836,12,0.0014926318708006823,0,0
836,13,0.970314867912674,1,1
837,1,0.08104465097033828,0,0
837,2,0.4389449176221116,0,0
837,3,0.909773712883147,0,1
837,4,0.06367223342917039,0,0
837,5,0.0024712153182175236,0,0
837,6,0.4476043228210331,1,0
837,7,0.02576374934198387,0,0
837,8,0.005540332073387251,0,0
837,9,0.0004566364518751129,0,0
837,10,0.0230471823369125,0,0
837,11,0.37537122023467095,0,0
837,12,0.03345106529509636,0,0
837,13,0.19692277018163798,1,0
838,1,0.035873502363628657,0,0
838,2,0.023797084915408696,0,0
838,3,0.02292050272826372,0,0
838,4,0.008482281196237241,0,0
838,5,0.009911134173503007,1,0
838,6,0.04025396081934807,1,0
838,7,0.9997669885744627,1,1
838,8,0.6418095387001033,1,1
838,9,0.023642805737662795,0,0
838,10,0.005140143782667845,0,0
838,11,0.06729464160079401,0,0
838,12,0.004016644602221395,0,0
838,13,0.001769680880362545,0,0
839,1,0.20708439985157376,0,0
839,2,0.006138327626664554,0,0
839,3,0.004537899675210609,0,0
839,4,0.0018982501143161967,0,0
839,5,0.027430069828232515,0,0
839,6,0.008092977486990591,0,0
839,7,0.0018133320267581358,0,0
839,8,0.0048287905501997195,0,0
839,9,0.013315741909735014,0,0
839,10,0.25572735087932263,1,0
839,11,0.6559654811741078,1,1
839,12,0.874110213366718,1,1
839,13,0.9004851524346625,1,1
840,1,0.24217046570201234,0,0
840,2,0.02507895164305226,0,0
840,3,0.07985584919056228,0,0
840,4,0.06282817199589036,0,0
840,5,0.0015719807851785133,0,0
840,6,0.007649845485966002,0,0
840,7,0.006466673856073818,0,0
840,8,0.0029027451485263674,0,0
840,9,0.9275955949636975,0,1
840,10,0.9984377897468619,1,1
840,11,0.456464477299987,1,0
840,12,0.3115527743945371,0,0
840,13,0.1108364927202476,0,0
841,1,0.005355335459593422,0,0
841,2,0.004840258331418597,0,0
841,3,0.004641622013811985,0,0
841,4,0.030529810498724715,0,0
841,5,0.011605298924928264,0,0
841,6,0.0005175724014155062,0,0
841,7,0.004764258701206836,0,0
841,8,0.02861304622554864,0,0
841,9,0.004377297809863285,0,0
841,10,0.00742612183579009,0,0
841,11,0.000518932960945923,0,0
841,12,0.011054145097392231,0,0
841,13,0.0022920783196839407,0,0
842,1,0.021737618121356012,0,0
842,2,0.0024407327724943447,0,0
842,3,0.0015534040719435407,0,0
842,4,0.08480383892013153,0,0
842,5,0.011447263394424171,0,0
842,6,0.006356995030927562,0,0
842,7,0.94814921805519,1,1
842,8,0.5456817410935326,1,1
842,9,0.013325943593341874,0,0
842,10,0.001766348524519165,0,0
842,11,0.00756290340656602,0,0
842,12,0.04530859822698667,0,0
842,13,0.007454183099283468,0,0
843,1,0.004249386527881582,0,0
843,2,0.015603406578903932,0,0
843,3,0.004955137644634669,0,0
843,4,0.017344313314979345,0,0
843,5,0.03513555118515912,0,0
843,6,0.0010410279867099142,0,0
843,7,0.008481692154980864,0,0
843,8,0.004528081324740435,0,0
843,9,0.02469936914720424,0,0
843,10,0.20318994445083183,0,0
843,11,0.022222734419464277,0,0
843,12,0.01525024491460672,0,0
843,13,0.03973326277341171,0,0
844,1,0.1676419127618273,1,0
844,2,0.7696400709333219,1,1
844,3,0.9999966155555173,1,1
844,4,0.7583825506300977,0,1
844,5,0.024739719836913882,0,0
844,6,0.003684134400122978,0,0
844,7,0.0011481469231312761,0,0
844,8,0.034495293899855124,0,0
844,9,0.0025689416948763764,0,0
844,10,0.0026438159904240226,0,0
844,11,0.014289481852384454,0,0
844,12,0.739404244151545,1,1
844,13,0.6626786266866179,1,1
845,1,0.24045783721116562,1,0
845,2,0.9863394649074044,1,1
845,3,0.5945777970955015,1,1
845,4,0.9047499928991651,1,1
845,5,0.9886575041025111,1,1
845,6,0.9990089635860924,1,1
845,7,0.9989529820721712,1,1
845,8,0.9767699249996458,1,1
845,9,0.9978947279673462,1,1
845,10,0.1279638723858269,0,0
845,11,0.008622494439602321,0,0
845,12,0.0021576150588479906,0,0
845,13,0.002316137676103595,0,0
846,1,0.0031733772182042258,0,0
846,2,0.03709760095575539,0,0
846,3,0.003252156101723714,0,0
846,4,0.9997887338674456,1,1
846,5,0.05233448586462767,0,0
846,6,0.016194301403792216,0,0
846,7,0.040187805762937116,0,0
846,8,0.004547523954010808,0,0
846,9,0.002386479028071438,0,0
846,10,0.004467517737705077,0,0
846,11,0.004406792770884801,0,0
846,12,0.0023539348939022276,0,0
846,13,0.019895521241847895,0,0
847,1,0.11250859819701158,0,0
847,2,0.13143434191862435,0,0
847,3,0.007514711398539698,0,0
847,4,0.07278135266078846,0,0
847,5,0.013416836580275125,0,0
847,6,0.01299767354802323,0,0
847,7,0.015970225494513983,0,0
847,8,0.0667496412467237,0,0
847,9,0.0025077420759472314,0,0
847,10,0.003948577584982233,0,0
847,11,0.0024488979437447948,0,0
847,12,0.024063507288731918,0,0
847,13,0.0036589891515423105,0,0
848,1,0.03183100700768985,0,0
848,2,0.0006876021089412296,0,0
848,3,0.0017315795749780647,0,0
848,4,0.011457641925691806,0,0
848,5,0.012568152326558325,0,0
848,6,0.0030533640040697045,0,0
848,7,0.0061144448466561915,0,0
848,8,0.013773889870823322,0,0
848,9,0.4891228946485198,0,0
848,10,0.014346707144174879,0,0
848,11,0.001998173467599961,0,0
848,12,0.0007156174362375177,0,0
848,13,0.004394783467484526,0,0
849,1,0.01712837804858708,0,0
849,2,0.0019629378519617695,0,0
849,3,0.010316211395923482,0,0
849,4,0.0027608127970853167,0,0
849,5,0.004327102065592428,0,0
849,6,0.05685192832555379,0,0
849,7,0.004833864823963401,0,0
849,8,0.001959044989752515,0,0
849,9,0.007214308563847611,0,0
849,10,0.04684480116382977,0,0
849,11,0.002609682638852105,0,0
849,12,0.06793035495099241,0,0
849,13,0.004139265479671661,0,0
850,1,0.008595086096370507,0,0
850,2,0.06166391377635848,0,0
850,3,0.061440515974804974,0,0
850,4,0.0045220989653618985,0,0
850,5,0.31988594711797397,0,0
850,6,0.4216833745269415,0,0
850,7,0.04291661108794452,0,0
850,8,0.0032460983872412497,0,0
850,9,0.008064742238056864,0,0
850,10,0.0037564547713950522,0,0
850,11,0.08391291951822392,0,0
850,12,0.0702613747695933,0,0
850,13,0.0143551527156859,0,0
851,1,0.08243856618693404,0,0
851,2,0.016209976387016985,0,0
851,3,0.001374881911538669,0,0
851,4,0.00277231334987927,0,0
851,5,0.0035291407854717532,0,0
851,6,0.08342009329044689,0,0
851,7,0.011165014752941963,0,0
851,8,0.022822780515870753,0,0
851,9,0.0018462889722354516,0,0
851,10,0.06930342583922428,0,0
851,11,0.02632630633959572,0,0
851,12,0.0011098020879054525,0,0
851,13,0.001734021422942428,0,0
852,1,0.9111105707887324,1,1
852,2,0.9917336309542263,1,1
852,3,0.9963615729823596,1,1
852,4,0.9995885299616645,1,1
852,5,0.25872875143359697,0,0
852,6,0.004685973982071181,0,0
852,7,0.0010108307360252174,0,0
852,8,0.018551274027560485,0,0
852,9,0.010764395221290118,0,0
852,10,0.008654093010582698,0,0
852,11,0.014057163645033224,0,0
852,12,0.003227388207796437,0,0
852,13,0.2637250214030854,1,0
853,1,0.11653398070378596,0,0
853,2,0.00830880116946619,0,0
853,3,0.003987185418513962,0,0
853,4,0.009233410823727325,0,0
853,5,0.015486556462049843,0,0
853,6,0.012891806049276021,0,0
853,7,0.024817416589563865,0,0
853,8,0.02196165135330851,0,0
853,9,0.0030779526353554507,0,0
853,10,0.20874023117052012,0,0
853,11,0.2821627172951873,0,0
853,12,0.006778754069379946,0,0
853,13,0.004962987215823093,0,0
854,1,0.009808917849140423,0,0
854,2,0.0010263104234998208,0,0
854,3,0.0010859533229831439,0,0
854,4,0.9976159614291059,1,1
854,5,0.7220370037141907,0,1
854,6,0.6469008712974553,0,1
854,7,0.7094634651133147,0,1
854,8,0.025892906710727,0,0
854,9,0.011075498718646654,0,0
854,10,0.9996775186173177,1,1
854,11,0.8906483887438318,1,1
854,12,0.7576953793252933,1,1
854,13,0.860521203865075,1,1
855,1,0.040376294402813234,0,0
855,2,0.001950169747951835,0,0
855,3,0.001096501337809591,0,0
855,4,0.0010718875219232463,0,0
855,5,0.011600204690076703,0,0
855,6,0.011028219887505962,0,0
855,7,0.0009520000603905452,0,0
855,8,0.024957504230791325,0,0
855,9,0.004393189037977189,0,0
855,10,0.002051462428637268,0,0
855,11,0.232788849930571,0,0
855,12,0.009992738647884926,0,0
855,13,0.012849883932207548,0,0
856,1,0.019190452679479306,0,0
856,2,0.005947013332229754,0,0
856,3,0.0010085620264512396,0,0
856,4,0.0034217208100095144,0,0
856,5,0.035998233491737176,1,0
856,6,0.26238003802280335,1,0
856,7,0.10423450897447108,1,0
856,8,0.5536940935097919,1,1
856,9,0.9999955701323116,1,1
856,10,0.11160407463825499,1,0
856,11,0.002782609256842454,0,0
856,12,0.006536243437131484,0,0
856,13,0.003194442900415323,0,0
857,1,0.0032945305389375564,0,0
857,2,0.21481961999004792,0,0
857,3,0.01421624785265661,0,0
857,4,0.004795662289777185,0,0
857,5,0.001492245818715484,0,0
857,6,0.030730369177578862,0,0
857,7,0.0018332313067669255,0,0
857,8,0.005081360900945797,0,0
857,9,0.015971406201444674,0,0
857,10,0.010665113172844536,0,0
857,11,0.4465272606244853,1,0
857,12,0.985913012142257,1,1
857,13,0.9969773868154997,1,1
858,1,0.004305527311318817,0,0
858,2,0.008724460213093702,0,0
858,3,0.007321354126336349,0,0
858,4,0.02364154344902222,0,0
858,5,0.03606923964583485,0,0
858,6,0.061893282807274116,1,0
858,7,0.005400375867846871,0,0
858,8,0.005669731956059991,0,0
858,9,0.001502623916667425,0,0
858,10,0.025743758530472494,0,0
858,11,0.11665600401280828,0,0
858,12,0.06513864788995906,0,0
858,13,0.010346048606807785,0,0
859,1,0.951347529678567,1,1
859,2,0.9999784635716202,1,1
859,3,0.9998061914234486,1,1
859,4,0.9961496111982313,1,1
859,5,0.996804932807882,1,1
859,6,0.9421865187553229,1,1
859,7,0.03339889985594216,0,0
859,8,0.0022895186867015163,0,0
859,9,0.011974273328535467,0,0
859,10,0.00997852314205673,0,0
859,11,0.965662838913628,1,1
859,12,0.9999736235324671,1,1
859,13,0.3103213761904547,0,0
860,1,0.012698166818951659,0,0
860,2,0.016857728214136166,0,0
860,3,0.9973580412549155,1,1
860,4,0.8936388288344652,1,1
860,5,0.13524670661801758,0,0
860,6,0.0009473597979714295,0,0
860,7,0.05848118976065034,0,0
860,8,0.004434097551038379,0,0
860,9,0.007495035773588003,0,0
860,10,0.006341957070896321,0,0
860,11,0.0016941113149782276,0,0
860,12,0.0013988664284240498,0,0
860,13,0.004782586897444676,0,0
861,1,0.966958022676746,1,1
861,2,0.39358963644106876,0,0
861,3,0.03577296617126169,0,0
861,4,0.02230829397065548,0,0
861,5,0.0034477682013804604,0,0
861,6,0.0006476172615281359,0,0
861,7,0.009503156377444762,0,0
861,8,0.0156982554705619,0,0
861,9,0.08189475573080225,0,0
861,10,0.019147895534766403,0,0
861,11,0.007509811980926785,0,0
861,12,0.032909388517018696,0,0
861,13,0.9934184985731491,1,1
862,1,0.33913630238614745,0,0
862,2,0.1090046507769224,0,0
862,3,0.027762205483256593,0,0
862,4,0.004109051005461625,0,0
862,5,0.005788787673873771,0,0
862,6,0.0005960496829485442,0,0
862,7,0.023473920678158774,0,0
862,8,0.09410412087352113,0,0
862,9,0.13881323104857252,0,0
862,10,0.00862981300041503,0,0
862,11,0.035979118894028786,0,0
862,12,0.43325583111454835,0,0
862,13,0.08767922159224985,0,0
863,1,0.015607197054779942,0,0
863,2,0.002253356408903891,0,0
863,3,0.0104708595224259,0,0
863,4,0.003827540052964217,0,0
863,5,0.03457149391967445,0,0
863,6,0.0039037978424326138,0,0
863,7,0.5798903646271942,0,1
863,8,0.054116020615271064,0,0
863,9,0.005167314094557723,0,0
863,10,0.01451750718705355,0,0
863,11,0.01230217310122601,0,0
863,12,0.010779831788173053,0,0
863,13,0.003585562508914945,0,0
864,1,0.287454401179096,0,0
864,2,0.11982516294812091,0,0
864,3,0.9362843539270945,1,1
864,4,0.9773669402836046,1,1
864,5,0.9995406771279529,1,1
864,6,0.20363713274995413,0,0
864,7,0.19284804353170296,0,0
864,8,0.006555253711784708,0,0
864,9,0.001380964676073645,0,0
864,10,0.019711737599848428,0,0
864,11,0.002058354341713272,0,0
864,12,0.9996427764974813,1,1
864,13,0.9894076576443783,1,1
865,1,0.014957596756018088,0,0
865,2,0.001822626686908798,0,0
865,3,0.0009936138151978935,0,0
865,4,0.0026168877340925416,0,0
865,5,0.0023121860160081977,0,0
865,6,0.0003842653390657882,0,0
865,7,0.0013840652386402834,0,0
865,8,0.0014575878209455739,0,0
865,9,0.013111010370469406,0,0
865,10,0.1548628139688436,1,0
865,11,0.5381844828155327,1,1
865,12,0.016403850235071467,0,0
865,13,0.0005724737373079187,0,0
866,1,0.11442287939037861,0,0
866,2,0.4876365150064824,0,0
866,3,0.020893013563115684,0,0
866,4,0.0202083869798406,1,0
866,5,0.18099160973292236,1,0
866,6,0.596369602865137,1,1
866,7,0.8593418229331647,1,1
866,8,0.9828450888441862,1,1
866,9,0.3647332268885463,1,0
866,10,0.146627126144565,1,0
866,11,0.9821839321211139,1,1
866,12,0.13905879086799594,0,0
866,13,0.2899006769893489,0,0
867,1,0.06667960083280658,1,0
867,2,0.7343745128773778,1,1
867,3,0.9977356446641306,1,1
867,4,0.8519097506903979,1,1
867,5,0.17361165203631596,0,0
867,6,0.008261306934275408,0,0
867,7,0.11932604809801309,0,0
867,8,0.024365931675172762,0,0
867,9,0.017475306909228425,0,0
867,10,0.021088721033921457,0,0
867,11,0.009780576179608409,0,0
867,12,0.0029881739824278377,0,0
867,13,0.0008016276781836505,0,0
868,1,0.004931150402314986,0,0
868,2,0.022718089062056513,0,0
868,3,0.017487253650854115,0,0
868,4,0.01099989800691137,0,0
868,5,0.018083702462228957,0,0
868,6,0.0006608832147564939,0,0
868,7,0.003091464107284016,0,0
868,8,0.01707143434124882,0,0
868,9,0.007653721841950611,0,0
868,10,0.015273136642716404,0,0
868,11,0.03112165811247646,0,0
868,12,0.0049740527672906265,0,0
868,13,0.004134620927350685,0,0
869,1,0.11581343267056787,0,0
869,2,0.0015558905965986833,0,0
869,3,0.0024701035651051063,0,0
869,4,0.0012674371621782079,0,0
869,5,0.016560571268347334,0,0
869,6,0.037556848395555266,0,0
869,7,0.007101115925934309,0,0
869,8,0.014708904814291887,0,0
869,9,0.0027871190135212885,0,0
869,10,0.0004994657924309474,0,0
869,11,0.0023294203368414523,0,0
869,12,0.014082024985235102,0,0
869,13,0.007694948899299949,0,0
870,1,0.16713148387214527,0,0
870,2,0.024115297607234482,0,0
870,3,0.004476614630854959,0,0
870,4,0.001895230409829844,0,0
870,5,0.013414817062967745,0,0
870,6,0.002693794684423717,0,0
870,7,0.001582977160749413,0,0
870,8,0.009820392079776832,0,0
870,9,0.06945578338982397,0,0
870,10,0.03479674675452131,0,0
870,11,0.008383867877046002,0,0
870,12,0.017876188998284397,0,0
870,13,0.0008377095853135834,0,0
871,1,0.02618103778116746,0,0
871,2,0.0057846115567201,0,0
871,3,0.003720010960880761,0,0
871,4,0.00033287122261936315,0,0
871,5,0.024347361938927583,0,0
871,6,0.9997921963434863,1,1
871,7,0.9979134599426868,1,1
871,8,0.9268369685921181,1,1
871,9,0.7336955349389634,1,1
871,10,0.975267660288196,1,1
871,11,0.9991816810518303,1,1
871,12,0.9999013359388724,1,1
871,13,0.2511402170557863,0,0
872,1,0.0208475437243123,0,0
872,2,0.017482083743319186,0,0
872,3,0.0048378050144064905,0,0
872,4,0.10816238024300583,0,0
872,5,0.8680602723852039,1,1
872,6,0.9998728554321036,1,1
872,7,0.19759431630972946,0,0
872,8,0.07520725651185454,0,0
872,9,0.006218328372394825,0,0
872,10,0.008107400796889916,0,0
872,11,0.008458342397043043,0,0
872,12,0.0005651661332507903,0,0
872,13,0.0007094198432524736,0,0
873,1,0.054675348214223485,0,0
873,2,0.011701515950438517,0,0
873,3,0.0020868529828416975,0,0
873,4,0.05110533483743494,0,0
873,5,0.10143721342263337,0,0
873,6,0.03821410007509993,0,0
873,7,0.005821303815414539,0,0
873,8,0.0014843831086842835,0,0
873,9,0.0054452358102498296,0,0
873,10,0.0022184143865221317,0,0
873,11,0.0007309099215389718,0,0
873,12,0.0007713615817251353,0,0
873,13,0.002555343597778024,0,0
874,1,0.18327488975340642,1,0
874,2,0.9988017698626085,1,1
874,3,0.7002688889442024,1,1
874,4,0.9977788454014667,1,1
874,5,0.9999645576952941,1,1
874,6,0.9996547183759912,1,1
874,7,0.10279818909891925,0,0
874,8,0.0040482745467759935,0,0
874,9,0.10428266056031008,0,0
874,10,0.004713486866008868,0,0
874,11,0.00288399243068667,0,0
874,12,0.0008193591564125421,0,0
874,13,0.0046751075066318775,0,0
875,1,0.9714868440205413,1,1
875,2,0.9999867227637379,1,1
875,3,0.9999866326741441,1,1
875,4,0.9964050495609792,1,1
875,5,0.9950267645729732,1,1
875,6,0.9998848113526188,1,1
875,7,0.5038673320750844,0,1
875,8,0.06468488094375602,0,0
875,9,0.0007461521578702523,0,0
875,10,0.013023144962674399,0,0
875,11,0.013887645813678918,0,0
875,12,0.1836424926349425,0,0
875,13,0.01625847972739764,0,0
876,1,0.07291310482252746,0,0
876,2,0.038993681730631904,0,0
876,3,0.11996916728190543,0,0
876,4,0.019391903326771664,0,0
876,5,0.016992657668045284,0,0
876,6,0.014020987188973042,0,0
876,7,0.006460019770910688,0,0
876,8,0.001788536501353558,0,0
876,9,0.001974685824883447,0,0
876,10,0.12096182707440092,0,0
876,11,0.07426225175504575,0,0
876,12,0.13399777176371636,0,0
876,13,0.01004133567050524,0,0
877,1,0.11413510150762765,0,0
877,2,0.01022163455388395,0,0
877,3,0.028114879423480503,0,0
877,4,0.0071916392081308065,0,0
877,5,0.08461357929570733,0,0
877,6,0.0033624133498111964,0,0
877,7,0.00241393117118046,0,0
877,8,0.06674520174382183,0,0
877,9,0.010444598462106255,0,0
877,10,0.0019437751091251037,0,0
877,11,0.002390387695416144,0,0
877,12,0.0038121099814149998,0,0
877,13,0.020325334618848227,0,0
878,1,0.9985699389617096,1,1
878,2,0.8517888469046183,1,1
878,3,0.5142066006291034,1,1
878,4,0.8492767121140202,1,1
878,5,0.9795334080488033,1,1
878,6,0.9998012672817366,1,1
878,7,0.9969488659217023,1,1
878,8,0.799287250612145,1,1
878,9,0.999989751914413,1,1
878,10,0.4038087327662038,0,0
878,11,0.8664535873885307,0,1
878,12,0.023220104585539823,0,0
878,13,0.008259644568215322,0,0
879,1,0.996859474290501,1,1
879,2,0.9997740824209299,1,1
879,3,0.9999999461182526,1,1
879,4,0.9409289421880481,1,1
879,5,0.9999040650168612,1,1
879,6,0.9918530036291356,1,1
879,7,0.9002684065080762,1,1
879,8,0.7021750649036742,1,1
879,9,0.710252475162837,1,1
879,10,0.26075207576802906,1,0
879,11,0.027127326840519893,0,0
879,12,0.10988530736284702,0,0
879,13,0.0027416419857467923,0,0
880,1,0.05425509657446405,0,0
880,2,0.0042474351846787965,0,0
880,3,0.006463927609056632,0,0
880,4,0.0027856987522673488,0,0
880,5,0.005284360448911526,0,0
880,6,0.00126504585772852,0,0
880,7,0.007702609105722834,0,0
880,8,0.013520820850292287,0,0
880,9,0.01066081476514794,0,0
880,10,0.0713226644599271,0,0
880,11,0.9141066091424624,0,1
880,12,0.060877607564022926,0,0
880,13,0.9271182113319667,1,1
881,1,0.5993836776983125,1,1
881,2,0.994960097383693,1,1
881,3,0.999991078995907,1,1
881,4,0.9733017270264065,1,1
881,5,0.9999509511489207,1,1
881,6,0.9995434527918918,1,1
881,7,0.8203397510135154,1,1
881,8,0.9969927326821428,1,1
881,9,0.9947194503429072,1,1
881,10,0.9997227512420115,1,1
881,11,0.20035766871845578,0,0
881,12,0.6658290004372488,1,1
881,13,0.2083647400738756,1,0
882,1,0.02966509003661538,0,0
882,2,0.013362974588780285,0,0
882,3,0.008584926448012902,0,0
882,4,0.0023812905639653656,0,0
882,5,0.0014762752651706304,0,0
882,6,0.00305472908173782,0,0
882,7,0.006514873637423328,0,0
882,8,0.004824007009688796,0,0
882,9,0.7674806369339133,1,1
882,10,0.03104587601307244,0,0
882,11,0.0023677033958583566,0,0
882,12,0.006681850941914475,0,0
882,13,0.007633730111098902,0,0
883,1,0.002887951315785293,0,0
883,2,0.021995081572585527,0,0
883,3,0.001432619081737882,0,0
883,4,0.022012996856344395,0,0
883,5,0.0016492241825690973,0,0
883,6,0.11981789013343337,1,0
883,7,0.004630442543824,0,0
883,8,0.003185055771696984,0,0
883,9,0.1754275192274191,1,0
883,10,0.8430653096348413,1,1
883,11,0.955829195338591,1,1
883,12,0.6966328096242145,1,1
883,13,0.4176220480602865,0,0
884,1,0.041656901808512156,0,0
884,2,0.0016812047925433007,0,0
884,3,0.00550489796177559,0,0
884,4,0.003129562038672749,0,0
884,5,0.012830586858093311,0,0
884,6,0.018551190986787522,0,0
884,7,0.002158467641056298,0,0
884,8,0.014681931197346185,0,0
884,9,0.04835774035620905,0,0
884,10,0.005820513027442787,0,0
884,11,0.033827059913364,0,0
884,12,0.06298714651619194,0,0
884,13,0.004718528353216508,0,0
885,1,0.9998341212734383,1,1
885,2,0.9997687285403346,1,1
885,3,0.9996281916473598,1,1
885,4,0.9999499622875925,1,1
885,5,0.9999766754514028,1,1
885,6,0.9999707046146692,1,1
885,7,0.11804989720340206,0,0
885,8,0.03969401566352577,0,0
885,9,0.002229668049678188,0,0
885,10,0.0038059649981610085,0,0
885,11,0.005169832091315197,0,0
885,12,0.015227387396497165,0,0
885,13,0.00430207183901756,0,0
886,1,0.0034454056237156598,0,0
886,2,0.0016196007611481266,0,0
886,3,0.037256663114671615,0,0
886,4,0.0010823309642586205,0,0
886,5,0.018241999574655568,0,0
886,6,0.9999452677775902,1,1
886,7,0.9885863369960739,1,1
886,8,0.941272330346786,1,1
886,9,0.6694391596117303,1,1
886,10,0.9652656877630733,1,1
886,11,0.9999354168834395,1,1
886,12,0.9494413710310425,1,1
886,13,0.98460925320593,1,1
887,1,0.02719250846420811,0,0
887,2,0.057932458007849075,0,0
887,3,0.009327986821130152,0,0
887,4,0.007396601161666221,0,0
887,5,0.0012212610898216488,0,0
887,6,0.0064341427745942875,0,0
887,7,0.006851124626918848,0,0
887,8,0.06888360157075801,0,0
887,9,0.0043843123397492205,0,0
887,10,0.10845020259225396,0,0
887,11,0.012829626090706692,0,0
887,12,0.029572492648578245,0,0
887,13,0.11372967847732185,0,0
888,1,0.025498039061612965,0,0
888,2,0.009753189840022576,0,0
888,3,0.015938260646244724,0,0
888,4,0.030653547902979576,0,0
888,5,0.03811349406542636,0,0
888,6,0.06734970573021075,0,0
888,7,0.013914261328498066,0,0
888,8,0.020036778448609852,0,0
888,9,0.006792727501971055,0,0
888,10,0.0027208889316936912,0,0
888,11,0.7733775928391209,1,1
888,12,0.9516211242118887,1,1
888,13,0.9993530520168322,1,1
889,1,0.054207968561844976,0,0
889,2,0.014642480808085268,0,0
889,3,0.04811173535359781,0,0
889,4,0.0009422125469319716,0,0
889,5,0.019307513963187098,0,0
889,6,0.02755500408020329,0,0
889,7,0.009975159079544493,0,0
889,8,0.0010021123749032973,0,0
889,9,0.07100508325150277,0,0
889,10,0.014906293810549545,0,0
889,11,0.004648033910708343,0,0
889,12,0.009493436730616615,0,0
889,13,0.004337263909383113,0,0
890,1,0.016170142139506488,0,0
890,2,0.0056636703953028816,0,0
890,3,0.00039146625445479614,0,0
890,4,0.020029048742459473,0,0
890,5,0.00471658920802653,0,0
890,6,0.0018858699418762858,0,0
890,7,0.060985367619049845,0,0
890,8,0.0033796765908261314,0,0
890,9,0.003805972031723038,0,0
890,10,0.0008495824464799388,0,0
890,11,0.0020633607639941333,0,0
890,12,0.26361743182764674,0,0
890,13,0.00507996615762508,0,0
891,1,0.008443618911486133,0,0
891,2,0.0030001113859761783,0,0
891,3,0.009682660234211623,0,0
891,4,0.00613064420712608,0,0
891,5,0.0008273370106118656,0,0
891,6,0.005893883241141211,0,0
891,7,0.0031463433326744967,0,0
891,8,0.22049509503440595,1,0
891,9,0.006387537266307492,0,0
891,10,0.011260069631736504,0,0
891,11,0.0023868897114138676,0,0
891,12,0.01707693707898237,0,0
891,13,0.0030925899752560493,0,0
892,1,0.17087428345685535,0,0
892,2,0.06319437311898442,0,0
892,3,0.02041288624894727,0,0
892,4,0.005531334747877695,0,0
892,5,0.006217135278983796,0,0
892,6,0.0006114616581309604,0,0
892,7,0.008161321513381406,0,0
892,8,0.010523405605317433,0,0
892,9,0.001211827650463471,0,0
892,10,0.00720126986832932,0,0
892,11,0.15695130402776827,0,0
892,12,0.042297124201807874,0,0
892,13,0.008616846419397457,0,0
893,1,0.003202446345567758,0,0
893,2,0.2973101382055437,1,0
893,3,0.0178012359364743,0,0
893,4,0.015481047029083301,0,0
893,5,0.006191212525588456,0,0
893,6,0.001104574551934769,0,0
893,7,0.005036997198795411,0,0
893,8,0.005665846106662371,0,0
893,9,0.0010841655729498837,0,0
893,10,0.005097090210996102,0,0
893,11,0.007340757070517777,0,0
893,12,0.008509414453916262,0,0
893,13,0.003642279597302098,0,0
894,1,0.9638375799263482,1,1
894,2,0.9500831987435235,1,1
894,3,0.7955461013939924,0,1
894,4,0.055314637946255164,0,0
894,5,0.19627668138500398,0,0
894,6,0.03918118455075754,0,0
894,7,0.007367294223473041,0,0
894,8,0.0006723288280072872,0,0
894,9,0.0023167851827296192,0,0
894,10,0.24117221381865322,0,0
894,11,0.05959990824278944,0,0
894,12,0.007762344084457111,0,0
894,13,0.030929517178409173,0,0
895,1,0.008703170064565204,0,0
895,2,0.0010704287440764081,0,0
895,3,0.07465734863800132,0,0
895,4,0.0005971241184171602,0,0
895,5,0.6993543954532372,0,1
895,6,0.12716234298183948,0,0
895,7,0.0011014749786572475,0,0
895,8,0.006117916343198423,0,0
895,9,0.0021247124910694494,0,0
895,10,0.004557187943424103,0,0
895,11,0.040114458250565886,0,0
895,12,0.0033309500996350524,0,0
895,13,0.0006690358177138512,0,0
896,1,0.02349718704539991,0,0
896,2,0.011420263794991779,0,0
896,3,0.002479757017526725,0,0
896,4,0.0020535359202159984,0,0
896,5,0.00392821454848738,0,0
896,6,0.09229832442608042,0,0
896,7,0.0010247426226941648,0,0
896,8,0.005875676907312789,0,0
896,9,0.04240734095484301,0,0
896,10,0.0041102295581848846,0,0
896,11,0.0023663321183891913,0,0
896,12,0.002340181176654359,0,0
896,13,0.003959797740881261,0,0
897,1,0.01069737019560967,0,0
897,2,0.05281352620532577,0,0
897,3,0.3268205158600026,0,0
897,4,0.024027479763183812,0,0
897,5,0.21821992589238262,0,0
897,6,0.08859911632920872,1,0
897,7,0.9792610759935383,1,1
897,8,0.9983776391404847,1,1
897,9,0.9978617558777982,1,1
897,10,0.9995838517112919,1,1
897,11,0.9971086913167263,1,1
897,12,0.9883379110280132,1,1
897,13,0.5520943503371892,1,1
898,1,0.20976626974726467,0,0
898,2,0.015176008614752807,0,0
898,3,0.0014470735307119073,0,0
898,4,0.23782335208953814,0,0
898,5,0.02752043241907091,0,0
898,6,0.007571405222162443,0,0
898,7,0.2089167425623727,0,0
898,8,0.03126064181869413,0,0
898,9,0.005251309039833223,0,0
898,10,0.004494340001708276,0,0
898,11,0.00646150613028548,0,0
898,12,0.003267231161544357,0,0
898,13,0.0007476100159119957,0,0
899,1,0.03297333853835872,0,0
899,2,0.00346905346274176,0,0
899,3,0.8561601308116403,0,1
899,4,0.22748803088713757,0,0
899,5,0.11905354208817057,0,0
899,6,0.050907230464003306,0,0
899,7,0.8561199374667111,1,1
899,8,0.4732731482350286,1,0
899,9,0.7575604050154542,1,1
899,10,0.07929982774179381,0,0
899,11,0.0430757484506933,0,0
899,12,0.01652065177886979,0,0
899,13,0.024493251888870565,0,0
900,1,0.01421366340707382,0,0
900,2,0.0012990751308054748,0,0
900,3,0.004815403464924213,0,0
900,4,0.019016058533570003,0,0
900,5,0.004720605464934404,0,0
900,6,0.013565249686590385,0,0
900,7,0.017988124825757935,0,0
900,8,0.004608972849773624,0,0
900,9,0.0051777021164269195,0,0
900,10,0.010873475521667302,0,0
900,11,0.05718536191990303,0,0
900,12,0.9901890932400675,1,1
900,13,0.11552911433228914,0,0
901,1,0.0018733705065601288,0,0
901,2,0.00089948653366138,0,0
901,3,0.001901538252225636,0,0
901,4,0.0032587573262989966,0,0
901,5,0.08918722442466977,0,0
901,6,0.15136206003801586,0,0
901,7,0.926737834601933,1,1
901,8,0.9041152650464784,1,1
901,9,0.8514954827925156,1,1
901,10,0.4813910393514845,1,0
901,11,0.9500510566359703,1,1
901,12,0.9998605163433382,1,1
901,13,0.9998954521380473,1,1
902,1,0.012894433784548989,0,0
902,2,0.0008144434710673042,0,0
902,3,0.00574844357641719,0,0
902,4,0.006022560304429473,0,0
902,5,0.4730301170710973,0,0
902,6,0.13571704196635548,0,0
902,7,0.2613846457739918,0,0
902,8,0.1975469782488512,0,0
902,9,0.008990598430811734,0,0
902,10,0.000768489753035256,0,0
902,11,0.0010213412079566244,0,0
902,12,0.008395291220330711,0,0
902,13,0.023207180391488905,0,0
903,1,0.009766141751862708,0,0
903,2,0.007728616535525512,0,0
903,3,0.04565899583130945,0,0
903,4,0.04400649351583026,0,0
903,5,0.002447884512653304,0,0
903,6,0.029302393117724083,0,0
903,7,0.0023358881169696804,0,0
903,8,0.00442213009013524,0,0
903,9,0.15763307403151364,0,0
903,10,0.01273340519951584,0,0
903,11,0.01078353911365443,0,0
903,12,0.9784378161137897,1,1
903,13,0.06372445519644584,0,0
904,1,0.11199711515563891,0,0
904,2,0.7344730727933138,1,1
904,3,0.6746510823169827,1,1
904,4,0.5700142400160748,1,1
904,5,0.974609946393834,1,1
904,6,0.406385824859753,1,0
904,7,0.042393746880285965,1,0
904,8,0.9989644675870503,1,1
904,9,0.99993158880098,1,1
904,10,0.9846359514643828,1,1
904,11,0.9949568354605008,1,1
904,12,0.9995215756586922,1,1
904,13,0.9999995258332574,1,1
905,1,0.006944313759375551,0,0
905,2,0.0006981792273607384,0,0
905,3,0.01307929501360255,0,0
905,4,0.007862975903187902,0,0
905,5,0.016850688732979107,0,0
905,6,0.003014697185581559,0,0
905,7,0.0016303740853623567,0,0
905,8,0.0010594121807400469,0,0
905,9,0.09020357391212178,0,0
905,10,0.0011144674064898724,0,0
905,11,0.026185857908119156,0,0
905,12,0.0005256102774487873,0,0
905,13,0.0026576522317179013,0,0
906,1,0.46971171351399027,1,0
906,2,0.9999978332377788,1,1
906,3,0.9971255473662535,1,1
906,4,0.9997623035314418,1,1
906,5,0.9895883319717984,1,1
906,6,0.5582038874754721,0,1
906,7,0.07100936738822265,0,0
906,8,0.1418754643104345,0,0
906,9,0.02174206094615076,0,0
906,10,0.004607588061348673,1,0
906,11,0.5515443654951334,1,1
906,12,0.7567415972119376,1,1
906,13,0.9843270627363796,1,1
907,1,0.002454466029476555,0,0
907,2,0.026572263017418007,0,0
907,3,0.1248561359083547,0,0
907,4,0.009836480843383717,0,0
907,5,0.0018871682459873607,0,0
907,6,0.0036497597104920036,0,0
907,7,0.0045805430468919255,0,0
907,8,0.3182244032320792,0,0
907,9,0.13099327897779797,0,0
907,10,0.0057188093944953765,0,0
907,11,0.03466986793594985,0,0
907,12,0.0008522821172417535,0,0
907,13,0.000768839862042296,0,0
908,1,0.28404675659880235,0,0
908,2,0.009623251064516418,0,0
908,3,0.007627070893300541,0,0
908,4,0.0066589235180831725,0,0
908,5,0.003382835479386493,0,0
908,6,0.009416984914650203,0,0
908,7,0.0021121728842958456,0,0
908,8,0.590417810435657,1,1
908,9,0.9995329303625077,1,1
908,10,0.9816008252876166,1,1
908,11,0.9999311674890021,1,1
908,12,0.2136277965905013,0,0
908,13,0.17746856899413127,0,0
909,1,0.06564175413991914,0,0
909,2,0.016888092914237155,0,0
909,3,0.007082148577103112,0,0
909,4,0.0007775553893395275,0,0
909,5,0.0015873788452494435,0,0
909,6,0.0234588315258934,0,0
909,7,0.005636524443655239,0,0
909,8,0.08522466691849366,0,0
909,9,0.11115882673469915,0,0
909,10,0.014322761566752596,0,0
909,11,0.01812197827860196,0,0
909,12,0.025741004151777196,0,0
909,13,0.002930303964120372,0,0
910,1,0.011789484860777823,0,0
910,2,0.37652699192416333,0,0
910,3,0.06727433555855783,0,0
910,4,0.0017860406677656351,0,0
910,5,0.018833801602968405,0,0
910,6,0.0028698354011556524,0,0
910,7,0.00154686602024369,0,0
910,8,0.0013208071016643488,0,0
910,9,0.008477335232554005,0,0
910,10,0.005699070663478173,0,0
910,11,0.020714023680774886,0,0
910,12,0.0015285787174709761,0,0
910,13,0.0016022991665017995,0,0
911,1,0.7617607628999459,0,1
911,2,0.5433385189949657,0,1
911,3,0.006886815500254278,0,0
911,4,0.0020754176041863676,0,0
911,5,0.000818896037055036,0,0
911,6,0.03849217000966092,0,0
911,7,0.009188015027246754,0,0
911,8,0.006212012918511757,0,0
911,9,0.001897076729544424,0,0
911,10,0.009603708577751517,0,0
911,11,0.02154142442782938,0,0
911,12,0.0014302446920995227,0,0
911,13,0.010960259312190794,0,0
912,1,0.0023578422765029514,0,0
912,2,0.009375022232168552,0,0
912,3,0.003491174803420155,0,0
912,4,0.3350336934740048,1,0
912,5,0.9160723754923952,1,1
912,6,0.9444557128255164,1,1
912,7,0.9999998391627778,1,1
912,8,0.991631397229563,1,1
912,9,0.9993400399729759,1,1
912,10,0.6968025723232868,1,1
912,11,0.19078790179574806,1,0
912,12,0.9916165259042055,1,1
912,13,0.9995166706519357,1,1
913,1,0.32430512197201944,1,0
913,2,0.2010832649848412,0,0
913,3,0.014957800753919026,0,0
913,4,0.008233826500178633,0,0
913,5,0.00403148829996379,0,0
913,6,0.10172040810791001,1,0
913,7,0.4312058921111292,1,0
913,8,0.9969370741280804,1,1
913,9,0.9995256608807571,1,1
913,10,0.9998777827657196,1,1
913,11,0.9957029318790795,1,1
913,12,0.9998928355330976,1,1
913,13,0.7226782731260349,1,1
914,1,0.039922431797481506,0,0
914,2,0.0007309516018346614,0,0
914,3,0.5275274366255676,1,1
914,4,0.01616177400832382,0,0
914,5,0.0035654611174363257,0,0
914,6,0.0225501087391776,0,0
914,7,0.007749062084689346,0,0
914,8,0.006198493420130229,0,0
914,9,0.007562140558275896,0,0
914,10,0.7467601353140714,1,1
914,11,0.9971977710113008,1,1
914,12,0.9880371106420218,1,1
914,13,0.06074345457734492,0,0
915,1,0.32714955643505444,0,0
915,2,0.008967908292541139,0,0
915,3,0.004246916127298019,0,0
915,4,0.026865102807741115,0,0
915,5,0.0045212146075250285,0,0
915,6,0.027524315423538687,0,0
915,7,0.03227887042833769,0,0
915,8,0.019718336795237264,0,0
915,9,0.004749226744591391,0,0
915,10,0.004255859517251979,0,0
915,11,0.005202577055742386,0,0
915,12,0.013552773712296767,0,0
915,13,0.0010497004757067847,0,0
916,1,0.6466674940897557,0,1
916,2,0.043308234855386096,0,0
916,3,0.0026527741727985174,0,0
916,4,0.10043686316866332,0,0
916,5,0.04089837420295271,0,0
916,6,0.01696303947259613,0,0
916,7,0.006133229144194473,0,0
916,8,0.045186408114225016,0,0
916,9,0.002164658797119601,0,0
916,10,0.2776706859655231,0,0
916,11,0.01857355030102049,0,0
916,12,0.006677469525221087,0,0
916,13,0.001910467505309243,0,0
917,1,0.057534536767956335,0,0
917,2,0.014240019953020357,0,0
917,3,0.003316620857338857,0,0
917,4,0.0016326444794869932,0,0
917,5,0.0046480978680441725,0,0
917,6,0.0027830208861415896,0,0
917,7,0.007697405921521849,0,0
917,8,0.0024009708229941785,0,0
917,9,0.027513685576297735,0,0
917,10,0.006103791318543346,0,0
917,11,0.012092943086451412,0,0
917,12,0.028183391834894024,0,0
917,13,0.0051096962819969,0,0
918,1,0.08451265796814461,0,0
918,2,0.007262425280733766,0,0
918,3,0.32149497707056196,0,0
918,4,0.006154819767051234,0,0
918,5,0.8876896507274515,1,1
918,6,0.44583271967861027,0,0
918,7,0.04972437907125582,0,0
918,8,0.029725552421727412,0,0
918,9,0.03846029333918639,0,0
918,10,0.0018572335929293608,0,0
918,11,0.022719363831253787,0,0
918,12,0.19187014403895294,0,0
918,13,0.13645503763430786,0,0
919,1,0.28022885842724715,0,0
919,2,0.01861501323225346,0,0
919,3,0.004377917372584237,0,0
919,4,0.0014048324175603252,0,0
919,5,0.0035381247237850854,0,0
919,6,0.0005485239114067029,0,0
919,7,0.07085910044669842,0,0
919,8,0.07484894834803228,0,0
919,9,0.6332163438275643,1,1
919,10,0.8616685755674518,1,1
919,11,0.9990664254924706,1,1
919,12,0.3129786916407703,0,0
919,13,0.2516512601040759,0,0
920,1,0.06910402515820407,0,0
920,2,0.001140604289343786,0,0
920,3,0.002567660722667138,0,0
920,4,0.004982421417751259,0,0
920,5,0.9562343887384639,1,1
920,6,0.996056820407202,1,1
920,7,0.9831293037942603,1,1
920,8,0.7185728173723205,1,1
920,9,0.7326936942064112,1,1
920,10,0.9976278406582005,1,1
920,11,0.18972307350492054,0,0
920,12,0.005378624472068482,0,0
920,13,0.0014088073182465465,0,0
921,1,0.28840330318924595,0,0
921,2,0.025536241141381314,0,0
921,3,0.0022403172372773184,0,0
921,4,0.03196960060737846,1,0
921,5,0.9997103378989237,1,1
921,6,0.9999997837290787,1,1
921,7,0.9109026276795857,1,1
921,8,0.9986737825794829,1,1
921,9,0.9951323384475581,1,1
921,10,0.1680186167880262,0,0
921,11,0.9999854735709326,1,1
921,12,0.9999919555488401,1,1
921,13,0.4443071929831064,1,0
922,1,0.33422597427484024,1,0
922,2,0.15234573357435827,0,0
922,3,0.06181277041909849,0,0
922,4,0.025685248460402446,0,0
922,5,0.002928501884244455,0,0
922,6,0.004618605719350736,0,0
922,7,0.004673326425241391,0,0
922,8,0.10779782587610864,0,0
922,9,0.02093948588462233,0,0
922,10,0.2089504758254484,0,0
922,11,0.01347034755032117,0,0
922,12,0.008712778214698912,0,0
922,13,0.06272839017290717,1,0
923,1,0.020037946226773476,0,0
923,2,0.005247180663280763,0,0
923,3,0.03433323712787523,0,0
923,4,0.0069136213826138685,0,0
923,5,0.002320618518562719,0,0
923,6,0.0010310758870961587,0,0
923,7,0.027160261262019918,0,0
923,8,0.0012378982820585968,0,0
923,9,0.010034720931377836,0,0
923,10,0.006478440257004075,0,0
923,11,0.0017921687362507622,0,0
923,12,0.00421438773404218,0,0
923,13,0.0011978654258715511,0,0
924,1,0.39766826386983006,1,0
924,2,0.8305600426760474,1,1
924,3,0.9916394237653986,1,1
924,4,0.943793807670116,1,1
924,5,0.9995041743653197,1,1
924,6,0.9948312088733741,1,1
924,7,0.9324035686084993,1,1
924,8,0.9985072363271587,1,1
924,9,0.9996229203301115,1,1
924,10,0.7481522223201293,1,1
924,11,0.9974028456185798,1,1
924,12,0.9998915714267109,1,1
924,13,0.9992867926844369,1,1
925,1,0.9982415428154465,1,1
925,2,0.7491768975897934,0,1
925,3,0.08248728334282086,0,0
925,4,0.015560424352645447,0,0
925,5,0.0034878547901786854,0,0
925,6,0.01167214065920315,0,0
925,7,0.0011460854663347866,0,0
925,8,0.01437332047307016,0,0
925,9,0.008490494813446133,0,0
925,10,0.0015078255105636484,0,0
925,11,0.9569767912125833,1,1
925,12,0.7635711017755098,1,1
925,13,0.7259165083978857,1,1
926,1,0.20627849994344724,0,0
926,2,0.007902582580687783,0,0
926,3,0.0022752259944368676,0,0
926,4,0.017070395133631743,0,0
926,5,0.4231254386078634,0,0
926,6,0.23937104620714708,0,0
926,7,0.7102664765352132,0,1
926,8,0.017380065796804456,0,0
926,9,0.005740725201484833,0,0
926,10,0.01309941565258578,0,0
926,11,0.01088877151635803,0,0
926,12,0.01861169673374911,0,0
926,13,0.002548322393582567,0,0
927,1,0.03264713858876332,0,0
927,2,0.0009899737044027175,0,0
927,3,0.0050581056372425905,0,0
927,4,0.010663012424654318,0,0
927,5,0.00246399633592804,0,0
927,6,0.0660276930897852,0,0
927,7,0.0088365220200601,0,0
927,8,0.008329397633883334,0,0
927,9,0.0070040665238387135,0,0
927,10,0.002879327294957026,0,0
927,11,0.012708765190086527,0,0
927,12,0.014310468309601919,0,0
927,13,0.01152254149930341,0,0
928,1,0.9999995816247371,1,1
928,2,0.8807887583704089,1,1
928,3,0.9998881582281458,1,1
928,4,0.9671901048277097,1,1
928,5,0.1354774285186607,0,0
928,6,0.003938696966250041,0,0
928,7,0.0006647240096179297,0,0
928,8,0.0020291596193853447,0,0
928,9,0.00040470463250874523,0,0
928,10,0.0017059498864587005,0,0
928,11,0.06598372909913913,0,0
928,12,0.04237966198543229,0,0
928,13,0.00395483226488036,0,0
929,1,0.05233628448475003,0,0
929,2,0.0017753274688354942,0,0
929,3,0.01883941982696309,0,0
929,4,0.06565794525538932,0,0
929,5,0.04223816398292474,0,0
929,6,0.0007641416036765561,0,0
929,7,0.05052616928616305,0,0
929,8,0.002308251152555485,0,0
929,9,0.015507546316418933,0,0
929,10,0.04066587444276838,0,0
929,11,0.04777206797014555,0,0
929,12,0.013536937932622083,0,0
929,13,0.00045585998305784864,0,0
930,1,0.40131063746083945,0,0
930,2,0.014140119027838632,0,0
930,3,0.001143559328252963,0,0
930,4,0.06837537396902083,0,0
930,5,0.013242168122137314,0,0
930,6,0.0040145755576302105,0,0
930,7,0.9927122027777979,1,1
930,8,0.600204645855428,1,1
930,9,0.4150108327030151,1,0
930,10,0.992388188818346,1,1
930,11,0.9999986948827692,1,1
930,12,0.9999796498515887,1,1
930,13,0.9998570488078938,1,1
931,1,0.9972873573804324,1,1
931,2,0.9978818081768169,1,1
931,3,0.9999078630665198,1,1
931,4,0.03333524848352393,0,0
931,5,0.006441349032258154,0,0
931,6,0.2745234743777769,0,0
931,7,0.03156538382941885,0,0
931,8,0.013251470025126506,0,0
931,9,0.016036125887283436,0,0
931,10,0.011130452514540878,0,0
931,11,0.0064322037287034275,0,0
931,12,0.04949909972984404,0,0
931,13,0.00707027440007683,0,0
932,1,0.01724506038468114,0,0
932,2,0.00451728373728296,0,0
932,3,0.008436835179144118,0,0
932,4,0.015109800871856155,0,0
932,5,0.28964334876816233,0,0
932,6,0.014451593964927331,0,0
932,7,0.002500453123573299,0,0
932,8,0.003580050297751206,0,0
932,9,0.014656617262207043,0,0
932,10,0.003686806604881736,0,0
932,11,0.012454577890263833,0,0
932,12,0.006341609872157764,0,0
932,13,0.001486331842192951,0,0
933,1,0.03882546843577498,0,0
933,2,0.036300660361715115,0,0
933,3,0.004659536518356821,0,0
933,4,0.037783153755192034,0,0
933,5,0.027677170272661554,0,0
933,6,0.0017108680399703165,0,0
933,7,0.004085072628648616,0,0
933,8,0.0005471068254088653,0,0
933,9,0.00792387861971023,0,0
933,10,0.005607495311853389,0,0
933,11,0.05677629620308533,1,0
933,12,0.9027921990630986,1,1
933,13,0.990874960871108,1,1
934,1,0.15557006770163126,0,0
934,2,0.5716637062234317,0,1
934,3,0.05831616014620261,0,0
934,4,0.0338134712745921,0,0
934,5,0.0019065064163066117,0,0
934,6,0.03697272163743022,0,0
934,7,0.055362304617421816,0,0
934,8,0.048200260669394285,0,0
934,9,0.006918686145764483,0,0
934,10,0.009378270972203668,0,0
934,11,0.0021575858992417965,0,0
934,12,0.003323793452990589,0,0
934,13,0.007743918428800948,0,0
935,1,0.0420524617748593,0,0
935,2,0.006232175672071359,0,0
935,3,0.004303359011553527,0,0
935,4,0.006708163541612869,0,0
935,5,0.0033119834174254693,0,0
935,6,0.0018941354425832167,0,0
935,7,0.0019375765351754388,0,0
935,8,0.0007095698896642749,0,0
935,9,0.007157881559147636,0,0
935,10,0.23107790347366922,0,0
935,11,0.008227663882079324,0,0
935,12,0.01969826035304871,0,0
935,13,0.0037648323547758013,0,0
936,1,0.16567120513096237,0,0
936,2,0.05953600360980114,0,0
936,3,0.008406863603033313,0,0
936,4,0.0031776389224982336,0,0
936,5,0.0013908258531283445,0,0
936,6,0.0013472100251197122,0,0
936,7,0.014144845666357696,0,0
936,8,0.002000971786466482,0,0
936,9,0.0007866914916835143,0,0
936,10,0.03824854748318568,0,0
936,11,0.003443983177645964,0,0
936,12,0.030387471526650323,1,0
936,13,0.11449679058469496,0,0
937,1,0.219005016487045,1,0
937,2,0.9996158782802101,1,1
937,3,0.32190475430117366,0,0
937,4,0.009379001553599671,0,0
937,5,0.06290034761978837,0,0
937,6,0.023359295573666852,0,0
937,7,0.004284579237858218,0,0
937,8,0.06757379314975626,0,0
937,9,0.002478909881203847,0,0
937,10,0.03745987908136214,0,0
937,11,0.0035640214225240306,0,0
937,12,0.0006578304343737291,0,0
937,13,0.5619019795499676,0,1
938,1,0.012809617150950603,0,0
938,2,0.00945710410400432,0,0
938,3,0.014031862755121945,0,0
938,4,0.0058463287751940665,0,0
938,5,0.31855864117444593,0,0
938,6,0.008067660134643669,0,0
938,7,0.0029511880065482207,0,0
938,8,0.014458226259444562,0,0
938,9,0.006309997057503854,0,0
938,10,0.05576841822015963,0,0
938,11,0.009948054081555935,0,0
938,12,0.1389896464911932,0,0
938,13,0.011308556952845057,0,0
939,1,0.00708230562920208,0,0
939,2,0.0019283368634717161,0,0
939,3,0.003079453399180407,0,0
939,4,0.015086925960318952,0,0
939,5,0.3757149604217932,1,0
939,6,0.9668307181776935,1,1
939,7,0.5337192312876585,0,1
939,8,0.2542029579384065,0,0
939,9,0.004817060680703985,0,0
939,10,0.030319903696383283,0,0
939,11,0.015549124559521102,0,0
939,12,0.003000522179471552,0,0
939,13,0.0005375120117923388,0,0
940,1,0.07192333033220646,0,0
940,2,0.002844102388169167,0,0
940,3,0.00824003551317763,0,0
940,4,0.48792365916935637,0,0
940,5,0.2884706230119699,0,0
940,6,0.009205005595641207,0,0
940,7,0.0012302919964730904,0,0
940,8,0.10829084512084179,0,0
940,9,0.006392778948476288,0,0
940,10,0.8336579853637829,1,1
940,11,0.9979174741973613,1,1
940,12,0.9982197820382117,1,1
940,13,0.9998539920366926,1,1
941,1,0.9913765586014428,1,1
941,2,0.3591545542720141,1,0
941,3,0.9998725867424489,1,1
941,4,0.9985221973257195,1,1
941,5,0.9996919967013771,1,1
941,6,0.9994085263704249,1,1
941,7,0.9989916328777955,1,1
941,8,0.9999999994959712,1,1
941,9,0.9719026576015252,1,1
941,10,0.9993825776174803,1,1
941,11,0.9999999260161784,1,1
941,12,0.9957442406800434,1,1
941,13,0.8012101724457216,0,1
942,1,0.05696594686414751,0,0
942,2,0.008692143387941479,0,0
942,3,0.003250916828879182,0,0
942,4,0.003116397694218618,0,0
942,5,0.0006848338325346221,0,0
942,6,0.028659833818930336,0,0
942,7,0.012130657292745392,0,0
942,8,0.002536634182603483,0,0
942,9,0.0028514362948917,0,0
942,10,0.001593606484194645,0,0
942,11,0.017368367135184856,0,0
942,12,0.06559024745317667,0,0
942,13,0.07136543367814366,0,0
943,1,0.02842707670930898,0,0
943,2,0.03327810019635892,0,0
943,3,0.006681683616002852,0,0
943,4,0.12537870799504788,1,0
943,5,0.09570904431214816,1,0
943,6,0.9921327414891941,1,1
943,7,0.6499895539049192,0,1
943,8,0.04481265461294086,0,0
943,9,0.001517932656732977,0,0
943,10,0.09365244403988161,0,0
943,11,0.033433644939447726,0,0
943,12,0.0019355174953777931,0,0
943,13,0.021896314860051454,0,0
944,1,0.05508882715551436,0,0
944,2,0.0014894064398240999,0,0
944,3,0.0007015876894083139,0,0
944,4,0.008194195916719653,0,0
944,5,0.8550883151862377,1,1
944,6,0.9999885760089251,1,1
944,7,0.9897600108354193,1,1
944,8,0.9999626112347375,1,1
944,9,0.9869592324996466,1,1
944,10,0.34841852483823293,0,0
944,11,0.0579483077772454,0,0
944,12,0.03857789807376204,0,0
944,13,0.024030203378725395,0,0
945,1,0.03470188091667736,0,0
945,2,0.002011669564395758,0,0
945,3,0.10577058125693325,1,0
945,4,0.02612831552431192,0,0
945,5,0.012737596152400043,0,0
945,6,0.21605190423565698,0,0
945,7,0.008937680949907972,0,0
945,8,0.08649384640959304,0,0
945,9,0.0034922411584045253,0,0
945,10,0.01019638488267873,0,0
945,11,0.0067926714395212286,0,0
945,12,0.0005045422555489649,0,0
945,13,0.0018363532794138065,0,0
946,1,0.9796489023753339,1,1
946,2,0.6132029940861033,1,1
946,3,0.177483753623317,1,0
946,4,0.03706379400585786,0,0
946,5,0.006218443815059715,0,0
946,6,0.008692627916007866,0,0
946,7,0.003799169120425618,0,0
946,8,0.0005286997948206745,0,0
946,9,0.004262413057808297,0,0
946,10,0.001413679404873178,0,0
946,11,0.0034997095634821005,0,0
946,12,0.0029498779685410083,0,0
946,13,0.006036280453276323,0,0
947,1,0.010193894127226752,0,0
947,2,0.00451858396314803,0,0
947,3,0.2133660220662952,0,0
947,4,0.05221583978837679,0,0
947,5,0.0027802325541970096,0,0
947,6,0.10547670220518007,0,0
947,7,0.0031340804975401333,0,0
947,8,0.0014458759488989545,0,0
947,9,0.0008938181622452756,0,0
947,10,0.0026958534854633286,0,0
947,11,0.01789767495448368,0,0
947,12,0.093672058699306,0,0
947,13,0.03901689190276229,0,0
948,1,0.11936426553225477,1,0
948,2,0.09328483246057122,1,0
948,3,0.9497482659434915,1,1
948,4,0.9967371544094407,1,1
948,5,0.8287058285471183,0,1
948,6,0.732342994654527,0,1
948,7,0.999559499137932,1,1
948,8,0.999867221668727,1,1
948,9,0.43570467111808325,1,0
948,10,0.009132457783344027,0,0
948,11,0.2274284625204605,0,0
948,12,0.019101821158988848,0,0
948,13,0.0009621468317417653,0,0
949,1,0.10961148397961551,0,0
949,2,0.010114403785802457,0,0
949,3,0.010263594303398182,0,0
949,4,0.038915247711276676,0,0
949,5,0.007838911193772256,0,0
949,6,0.006992543431339271,0,0
949,7,0.013557550410884823,0,0
949,8,0.09121417132240711,0,0
949,9,0.011768861178207671,0,0
949,10,0.02703523070847187,0,0
949,11,0.015000023611262367,0,0
949,12,0.0017529101166939315,0,0
949,13,0.0059385190686025175,0,0
950,1,0.042904556393545026,0,0
950,2,0.005558532249157486,0,0
950,3,0.01590823832705529,0,0
950,4,0.005990951599328157,0,0
950,5,0.004715885560399972,0,0
950,6,0.0009677402296183104,0,0
950,7,0.023362174414922544,0,0
950,8,0.04311308472657428,0,0
950,9,0.005506843345734061,0,0
950,10,0.000993832150402202,0,0
950,11,0.001995430541700611,0,0
950,12,0.014031962057163382,0,0
950,13,0.7591163959920528,1,1
951,1,0.020888896105054684,0,0
951,2,0.019992783909170222,0,0
951,3,0.03723282948884706,0,0
951,4,0.010305419352943624,0,0
951,5,0.006479099564871683,0,0
951,6,0.005384060492330584,0,0
951,7,0.02240740210671787,0,0
951,8,0.02617427115947558,0,0
951,9,0.0007905711573768128,0,0
951,10,0.9991788577747905,1,1
951,11,0.8432007158986213,1,1
951,12,0.6889181949991736,1,1
951,13,0.9907405327813326,1,1
952,1,0.007804183384691982,0,0
952,2,0.011153031822565218,0,0
952,3,0.4275012086004474,0,0
952,4,0.038398643785086305,0,0
952,5,0.006564542322100281,0,0
952,6,0.09623173462147501,0,0
952,7,0.024135268558521387,0,0
952,8,0.007990017685083634,0,0
952,9,0.001461051513239509,0,0
952,10,0.02194064266123192,0,0
952,11,0.010011498413978496,0,0
952,12,0.0006905317503377732,0,0
952,13,0.016736448769850643,0,0
953,1,0.9613538676995423,1,1
953,2,0.031562836916691706,0,0
953,3,0.0010222646025461126,0,0
953,4,0.004258955720922019,0,0
953,5,0.014395002095485896,0,0
953,6,0.0032351318131268385,0,0
953,7,0.008552127847851655,0,0
953,8,0.019181789710346266,0,0
953,9,0.007990574055253772,0,0
953,10,0.0007204190789812559,0,0
953,11,0.00045179949384661845,0,0
953,12,0.000809258169502293,0,0
953,13,0.0035665184970130014,0,0
954,1,0.010185381008805481,0,0
954,2,0.05684369878579103,0,0
954,3,0.007090051481064477,0,0
954,4,0.021848904997023393,0,0
954,5,0.04876822189955459,0,0
954,6,0.0019642049963469743,0,0
954,7,0.008548875736009943,0,0
954,8,0.0010485348248429251,0,0
954,9,0.010829833635988441,0,0
954,10,0.0005897379859870598,0,0
954,11,0.016314975785127785,0,0
954,12,0.0037850762706386556,0,0
954,13,0.0025908264578144275,0,0
955,1,0.9909209573189756,1,1
955,2,0.9978995471272347,1,1
955,3,0.9998683666252496,1,1
955,4,0.9998301931450556,1,1
955,5,0.9788867105083764,1,1
955,6,0.9999987831138585,1,1
955,7,0.9974802082916076,1,1
955,8,0.9998719189720278,1,1
955,9,0.9976412962182951,1,1
955,10,0.9999965577842772,1,1
955,11,0.5355467051228824,0,1
955,12,0.022996909949874113,0,0
955,13,0.027676352599812503,0,0
956,1,0.08717742158791222,0,0
956,2,0.0030439048696068623,0,0
956,3,0.005216014272541643,0,0
956,4,0.012615427970192421,0,0
956,5,0.07235899046611174,1,0
956,6,0.22990253678142392,1,0
956,7,0.9976976776178336,1,1
956,8,0.6409439481174178,0,1
956,9,0.031518963557398284,0,0
956,10,0.0011860498204137285,0,0
956,11,0.004213240962549266,0,0
956,12,0.0021923696987120197,0,0
956,13,0.6325058912691903,1,1
957,1,0.011249362466972175,0,0
957,2,0.06631902198654084,0,0
957,3,0.004248365871916985,0,0
957,4,0.00577640624598565,0,0
957,5,0.0071035209037681795,0,0
957,6,0.0058624041423445475,0,0
957,7,0.0043579287547304245,0,0
957,8,0.01357259552583396,0,0
957,9,0.027463818270908453,0,0
957,10,0.03338094211599921,0,0
957,11,0.004526174832291893,0,0
957,12,0.0015333053804399727,0,0
957,13,0.0004720984890834742,0,0
958,1,0.6099522233158624,0,1
958,2,0.06076790458113333,0,0
958,3,0.015271981898274486,0,0
958,4,0.0018276551117367903,0,0
958,5,0.00303708736130028,0,0
958,6,0.002444402274083479,0,0
958,7,0.010757300728909963,0,0
958,8,0.04844223574102897,0,0
958,9,0.0014083054474253356,0,0
958,10,0.024543429182219897,0,0
958,11,0.009665385899109303,0,0
958,12,0.0039375770558884035,0,0
958,13,0.008488648452924857,0,0
959,1,0.09807558934841859,0,0
959,2,0.0020710971079990754,0,0
959,3,0.02200338959381744,0,0
959,4,0.02750933960394531,0,0
959,5,0.0005434675896625263,0,0
959,6,0.0018863890494110187,0,0
959,7,0.0010490310455613188,0,0
959,8,0.01025087162680712,0,0
959,9,0.005607399797632825,0,0
959,10,0.007702949138821624,0,0
959,11,0.007959935075593241,0,0
959,12,0.014514038530847184,0,0
959,13,0.0025758326335192636,0,0
960,1,0.2497813281470678,0,0
960,2,0.2638643402170923,0,0
960,3,0.023229099495055684,0,0
960,4,0.16699990655214508,0,0
960,5,0.0630617515475764,0,0
960,6,0.007587036638986723,0,0
960,7,0.03650225601598534,0,0
960,8,0.003459829887260414,0,0
960,9,0.009152151718654633,0,0
960,10,0.047489436160945926,0,0
960,11,0.004860351412232801,0,0
960,12,0.022015286050377864,0,0
960,13,0.00903734272389972,0,0
961,1,0.0045262242896846085,0,0
961,2,0.47751838339355546,0,0
961,3,0.6403244239675713,1,1
961,4,0.062339925896236936,0,0
961,5,0.03517888526465544,0,0
961,6,0.011265009012062158,0,0
961,7,0.004427742183080139,0,0
961,8,0.022479542187005857,0,0
961,9,0.01618807296472971,0,0
961,10,0.0035061063387504116,0,0
961,11,0.0009784116322342803,0,0
961,12,0.012224872923729688,0,0
961,13,0.002291488584642374,0,0
962,1,0.1297403219202141,0,0
962,2,0.016584824909308786,0,0
962,3,0.0015362028473478607,0,0
962,4,0.009273329479323878,0,0
962,5,0.24741185087491133,0,0
962,6,0.04752881934169626,0,0
962,7,0.0199019500878016,0,0
962,8,0.003671592500695515,0,0
962,9,0.0004902482987283785,0,0
962,10,0.0008488687824097674,0,0
962,11,0.0009903548165324976,0,0
962,12,0.012037721736839955,0,0
962,13,0.0034549340276475685,0,0
963,1,0.9902775713068929,1,1
963,2,0.9999884628940178,1,1
963,3,0.7228979173278153,1,1
963,4,0.28481865813256807,1,0
963,5,0.9842306441279449,1,1
963,6,0.9998594764656292,1,1
963,7,0.7941453988110719,1,1
963,8,0.9858110017666359,1,1
963,9,0.9866560178991451,1,1
963,10,0.525711719363258,1,1
963,11,0.7900850656682123,1,1
963,12,0.8757776744118295,0,1
963,13,0.8561873166521538,0,1
964,1,0.01937645757801864,0,0
964,2,0.015368638570900903,0,0
964,3,0.03807845456934325,0,0
964,4,0.0019994584752642056,0,0
964,5,0.01771766790991165,0,0
964,6,0.001053215667803956,0,0
964,7,0.005032191837064885,0,0
964,8,0.0021794855215755363,0,0
964,9,0.007102948859018861,0,0
964,10,0.09297539873747504,0,0
964,11,0.059854898907635394,0,0
964,12,0.006864407196805763,0,0
964,13,0.06744303666732994,0,0
965,1,0.17126047537970826,0,0
965,2,0.09033262957992697,0,0
965,3,0.0202719372119642,0,0
965,4,0.0010469505594019202,0,0
965,5,0.00879715510201148,0,0
965,6,0.002854826700405687,0,0
965,7,0.014018256270120204,0,0
965,8,0.00095552502581234,0,0
965,9,0.014380101293661747,0,0
965,10,0.054256311460572124,0,0
965,11,0.0017276004988951046,0,0
965,12,0.00303148275330664,0,0
965,13,0.19103243673742112,0,0
966,1,0.07912911992427016,0,0
966,2,0.04186334737344499,0,0
966,3,0.015945735921295435,0,0
966,4,0.003251821384744931,0,0
966,5,0.2086701483492981,0,0
966,6,0.015028419902273434,0,0
966,7,0.037245037926100996,0,0
966,8,0.006629763765678519,0,0
966,9,0.7213334370054346,1,1
966,10,0.999998089942656,1,1
966,11,0.9998496983566117,1,1
966,12,0.9984910462860602,1,1
966,13,0.9637137454161635,1,1
967,1,0.42593387762152085,1,0
967,2,0.18454984661510523,1,0
967,3,0.8518063037427875,1,1
967,4,0.9996964368879406,1,1
967,5,0.7302948444326516,1,1
967,6,0.8679472547466832,1,1
967,7,0.07030053993085845,0,0
967,8,0.0867171687250456,0,0
967,9,0.004881812321474144,0,0
967,10,0.0010765966444022787,0,0
967,11,0.04089843007200969,0,0
967,12,0.0018557724181025963,0,0
967,13,0.0023360479699219543,0,0
968,1,0.019860959619843438,0,0
968,2,0.0009698831140391395,0,0
968,3,0.011213850588153669,0,0
968,4,0.01415042924371715,0,0
968,5,0.9803938952428494,1,1
968,6,0.9995901845567731,1,1
968,7,0.057693082189697396,0,0
968,8,0.0042641683038962975,0,0
968,9,0.0007784857216009562,0,0
968,10,0.023602704832756463,0,0
968,11,0.016052152404561624,0,0
968,12,0.0032986317098859866,0,0
968,13,0.011994425453863346,0,0
969,1,0.014669243971165013,0,0
969,2,0.8479416004603668,1,1
969,3,0.9959482849182416,1,1
969,4,0.9980627064944825,1,1
969,5,0.9995085940631587,1,1
969,6,0.9991307239081539,1,1
969,7,0.9998118637654443,1,1
969,8,0.9995497392513564,1,1
969,9,0.9153009231190357,1,1
969,10,0.9644041963169295,1,1
969,11,0.26066278844705704,0,0
969,12,0.08531902406308509,0,0
969,13,0.4136941290834358,0,0
970,1,0.0066653967613451645,0,0
970,2,0.024296500638120867,0,0
970,3,0.075446236831531,0,0
970,4,0.04066742935837399,1,0
970,5,0.9275767818812395,1,1
970,6,0.9866289775214264,1,1
970,7,0.9963368763257421,1,1
970,8,0.9924096046284931,1,1
970,9,0.9662984183149361,1,1
970,10,0.9127922441438124,1,1
970,11,0.7145348923083161,0,1
970,12,0.3212520136053748,0,0
970,13,0.023639496336357323,0,0
971,1,0.10473815378092496,0,0
971,2,0.010238255387572648,0,0
971,3,0.009469762554859396,0,0
971,4,0.0014825144841726524,0,0
971,5,0.021289692994855416,0,0
971,6,0.0006569719540347704,0,0
971,7,0.0020436464161284365,0,0
971,8,0.0035117018991424713,0,0
971,9,0.005866281892046678,0,0
971,10,0.007965827630741964,0,0
971,11,0.09340499348177596,0,0
971,12,0.0068833876518358175,0,0
971,13,0.0041077818178659855,0,0
972,1,0.053944035207197996,0,0
972,2,0.07874293198780678,0,0
972,3,0.009816758309412,0,0
972,4,0.004227903173599035,0,0
972,5,0.006118929806263797,0,0
972,6,0.06131231602838842,0,0
972,7,0.02197877911747263,0,0
972,8,0.029665418825829022,0,0
972,9,0.019044586494384324,0,0
972,10,0.0059711114895259565,0,0
972,11,0.0061049000284905544,0,0
972,12,0.00303503735852406,0,0
972,13,0.0010212305882486184,0,0
973,1,0.020680062829148135,0,0
973,2,0.013558976341679909,0,0
973,3,0.9220015737301458,1,1
973,4,0.9999895191193148,1,1
973,5,0.9999956391057275,1,1
973,6,0.9981171444873695,1,1
973,7,0.7066689178764087,0,1
973,8,0.31695743015766087,0,0
973,9,0.2798874411612364,0,0
973,10,0.6304174363258702,0,1
973,11,0.27271977460488106,0,0
973,12,0.874784345485777,1,1
973,13,0.9999950709088781,1,1
974,1,0.48816782790959884,0,0
974,2,0.028283651945658583,0,0
974,3,0.058256473445695185,0,0
974,4,0.0034737507882024094,0,0
974,5,0.002465819790267467,0,0
974,6,0.0052501348883144386,0,0
974,7,0.0022635785601225742,0,0
974,8,0.027661584927119617,0,0
974,9,0.0061957852584153825,0,0
974,10,0.009451181659796562,0,0
974,11,0.0014108722936576282,0,0
974,12,0.006649200965230249,0,0
974,13,0.010533301319693345,0,0
975,1,0.01434048911514608,1,0
975,2,0.9938803333859286,1,1
975,3,0.9936555759997602,1,1
975,4,0.999749883614444,1,1
975,5,0.997699383025218,1,1
975,6,0.21964543201204817,0,0
975,7,0.43251052156267894,0,0
975,8,0.05344951148727157,0,0
975,9,0.13235266875449941,0,0
975,10,0.011438344311839592,0,0
975,11,0.0007127895439248677,0,0
975,12,0.007274576396525333,0,0
975,13,0.0026379179178296496,0,0
976,1,0.026564632081120265,0,0
976,2,0.03170497771690287,0,0
976,3,0.01421933594011621,0,0
976,4,0.016672829286995504,0,0
976,5,0.01074825422709079,0,0
976,6,0.007125854547236269,1,0
976,7,0.9991643410930855,1,1
976,8,0.07559916029888827,0,0
976,9,0.0018092571838146596,0,0
976,10,0.013446955697024874,0,0
976,11,0.006528775062491666,0,0
976,12,0.003998003403542445,0,0
976,13,0.06323403747329683,0,0
977,1,0.5518343728330877,0,1
977,2,0.12317380385240252,0,0
977,3,0.019379317331534585,0,0
977,4,0.0011232307135567346,0,0
977,5,0.006348695412509522,0,0
977,6,0.9684644505798167,1,1
977,7,0.8249513542011055,1,1
977,8,0.3203388425684086,0,0
977,9,0.01253223623848926,0,0
977,10,0.0059144865768160585,0,0
977,11,0.23528463885434164,0,0
977,12,0.019967996588001632,0,0
977,13,0.013990723631445986,0,0
978,1,0.06285401454516795,0,0
978,2,0.004728280709819241,0,0
978,3,0.002006977163506932,0,0
978,4,0.0035208420552166517,0,0
978,5,0.8810952732906242,1,1
978,6,0.9964956427024081,1,1
978,7,0.2742159623442607,0,0
978,8,0.04719204272292484,0,0
978,9,0.0051977048380284045,0,0
978,10,0.007468470798146653,0,0
978,11,0.26642500085730364,0,0
978,12,0.14327849777703222,0,0
978,13,0.02334778475049142,0,0
979,1,0.4840534588105496,1,0
979,2,0.1908748117453679,1,0
979,3,0.8254562846172954,1,1
979,4,0.5694474350612332,0,1
979,5,0.027636113019288266,0,0
979,6,0.878015537827469,1,1
979,7,0.637338038590518,1,1
979,8,0.06617509519175417,0,0
979,9,0.10640434795182156,0,0
979,10,0.002114264379384128,0,0
979,11,0.009931426836558184,0,0
979,12,0.011560570273574398,0,0
979,13,0.0006943019510238283,0,0
980,1,0.005962289689384185,0,0
980,2,0.025622083300107183,0,0
980,3,0.020405828608260037,0,0
980,4,0.001678656013983037,0,0
980,5,0.0008528076766945605,0,0
980,6,0.000695760377802458,0,0
980,7,0.0083847141046867,0,0
980,8,0.04831697737917325,0,0
980,9,0.03609050242316091,1,0
980,10,0.7426271515660544,1,1
980,11,0.875894158134308,1,1
980,12,0.8458236880221377,1,1
980,13,0.8872130570292938,1,1
981,1,0.5807665265341669,0,1
981,2,0.013089657038388661,0,0
981,3,0.0023235767854643393,0,0
981,4,0.6400430027105594,1,1
981,5,0.9996135427911452,1,1
981,6,0.9997246319103034,1,1
981,7,0.9932066552297911,1,1
981,8,0.9975100490206361,1,1
981,9,0.9997488863691384,1,1
981,10,0.5846157399642514,1,1
981,11,0.4289265043114216,1,0
981,12,0.9054645806198547,1,1
981,13,0.2062482098273419,1,0
982,1,0.016005923018739036,0,0
982,2,0.0017019304633352128,0,0
982,3,0.003424691945789838,0,0
982,4,0.11918069410997582,0,0
982,5,0.004198519112633678,0,0
982,6,0.0051046264583475545,0,0
982,7,0.01780284560372898,0,0
982,8,0.0007539656781706131,0,0
982,9,0.0066762982871034805,0,0
982,10,0.1100777960292604,0,0
982,11,0.11662976876981056,0,0
982,12,0.11803167240164948,0,0
982,13,0.00566096464121407,0,0
983,1,0.019901682956716616,0,0
983,2,0.0015908810891708822,0,0
983,3,0.0025017204286155535,0,0
983,4,0.01194479980368874,0,0
983,5,0.03191500934829961,0,0
983,6,0.0026561511709498565,0,0
983,7,0.0017485609459771659,0,0
983,8,0.013075882227803311,0,0
983,9,0.0048080330729873165,0,0
983,10,0.05863376406419168,0,0
983,11,0.008997103548592159,0,0
983,12,0.007907876665665448,0,0
983,13,0.005401722059459363,0,0
984,1,0.7251815676834502,0,1
984,2,0.046903721761097986,0,0
984,3,0.07654605818140031,0,0
984,4,0.00424340839211471,0,0
984,5,0.00475757530681615,0,0
984,6,0.011336876893494427,0,0
984,7,0.05583983025131297,0,0
984,8,0.01752352573147634,1,0
984,9,0.6455948898719932,1,1
984,10,0.959893288292762,1,1
984,11,0.9999865798477114,1,1
984,12,0.853685652363263,1,1
984,13,0.10455747081698412,0,0
985,1,0.6406763285590881,1,1
985,2,0.9999967419614252,1,1
985,3,0.5342772523174564,1,1
985,4,0.08241471954854489,0,0
985,5,0.028786930936441735,0,0
985,6,0.007582512613703867,0,0
985,7,0.0012439507353058862,0,0
985,8,0.03475409848697009,0,0
985,9,0.015118026158799997,0,0
985,10,0.08761363897118339,0,0
985,11,0.005834036581144427,0,0
985,12,0.002029564846998222,0,0
985,13,0.011764721625014064,0,0
986,1,0.9993436804112624,1,1
986,2,0.9911657474650287,1,1
986,3,0.9987982180901585,1,1
986,4,0.9999344932781626,1,1
986,5,0.9920533707878588,1,1
986,6,0.9998795131635255,1,1
986,7,0.10514890974594546,1,0
986,8,0.9172529574442283,1,1
986,9,0.8345866800778248,1,1
986,10,0.886579209835569,1,1
986,11,0.9769046023781954,1,1
986,12,0.8532614669423274,1,1
986,13,0.9815573637532166,1,1
987,1,0.035309407093221834,0,0
987,2,0.023912130349530526,0,0
987,3,0.0005601111611328483,0,0
987,4,0.008547002091993485,0,0
987,5,0.0004479531391921741,0,0
987,6,0.003002802730625842,0,0
987,7,0.0022833252357602387,0,0
987,8,0.007199875165082946,0,0
987,9,0.009236352770628363,0,0
987,10,0.009524369628171561,0,0
987,11,0.0037287233205782998,0,0
987,12,0.12858206375317452,0,0
987,13,0.00894508342811461,0,0
988,1,0.20545209358829974,0,0
988,2,0.012378270032363676,0,0
988,3,0.019340898684030668,0,0
988,4,0.008945991052059702,0,0
988,5,0.19891634754294404,0,0
988,6,0.02954526705246504,0,0
988,7,0.10293543543121647,0,0
988,8,0.013247668776453558,0,0
988,9,0.014521700792489855,0,0
988,10,0.005268416264809088,0,0
988,11,0.037353645421271064,0,0
988,12,0.010621128126771316,0,0
988,13,0.017136987146972205,0,0
989,1,0.04945919168589357,0,0
989,2,0.0539159764276918,0,0
989,3,0.03780052430133448,0,0
989,4,0.011889430253236638,0,0
989,5,0.004230576902189079,0,0
989,6,0.0012233911710477013,0,0
989,7,0.0013367623988076738,0,0
989,8,0.008920405089776106,0,0
989,9,0.000805132510394441,0,0
989,10,0.0009555248173905731,0,0
989,11,0.0009583062983971774,0,0
989,12,0.0028174892967672994,0,0
989,13,0.005648039557018295,0,0
990,1,0.053547993049513916,0,0
990,2,0.07288958505075913,0,0
990,3,0.1370770209414278,0,0
990,4,0.002075466390848558,0,0
990,5,0.0036647760097338823,0,0
990,6,0.08071245052300952,0,0
990,7,0.011059750356160658,0,0
990,8,0.015003301788205772,0,0
990,9,0.027221962966051363,0,0
990,10,0.1830357497360878,0,0
990,11,0.2713534958463166,0,0
990,12,0.028165128884598965,0,0
990,13,0.017109563590667086,0,0
991,1,0.11416596028033366,0,0
991,2,0.019672602623449054,0,0
991,3,0.4693299689508373,0,0
991,4,0.08806058454615928,0,0
991,5,0.005153632393760886,0,0
991,6,0.00708666081299996,0,0
991,7,0.006387074360345836,0,0
991,8,0.047883399658776964,0,0
991,9,0.015147319005605326,0,0
991,10,0.006931898974631246,0,0
991,11,0.02270381019601493,0,0
991,12,0.00163840286642596,0,0
991,13,0.0021662223528051733,0,0
992,1,0.07699284059995326,1,0
992,2,0.07203382585627147,1,0
992,3,0.9971285028769492,1,1
992,4,0.6035476346972003,0,1
992,5,0.8385408904413285,0,1
992,6,0.1825417906485974,0,0
992,7,0.013861967465348204,0,0
992,8,0.007704888011031632,0,0
992,9,0.019643882903758163,0,0
992,10,0.006176714483377614,0,0
992,11,0.3427596672437271,0,0
992,12,0.00888533590040837,0,0
992,13,0.016942596022175547,0,0
993,1,0.0362043492327856,0,0
993,2,0.02216773141626439,0,0
993,3,0.013395948968430835,0,0
993,4,0.0010364665586736978,0,0
993,5,0.09656773160167988,1,0
993,6,0.019562467729987803,0,0
993,7,0.002689915669394251,0,0
993,8,0.001436292868640578,0,0
993,9,0.005507928941847065,0,0
993,10,0.0962081594420955,0,0
993,11,0.999777102415377,1,1
993,12,0.3087892273966529,0,0
993,13,0.0036721454176378244,0,0
994,1,0.011559935716855102,0,0
994,2,0.07061679035947915,1,0
994,3,0.3049400409270908,1,0
994,4,0.9894638075273144,1,1
994,5,0.9533986634723932,0,1
994,6,0.1546704612319065,0,0
994,7,0.8374560334445771,1,1
994,8,0.9950146340184544,1,1
994,9,0.42882577002218136,1,0
994,10,0.13507074080802015,1,0
994,11,0.8648865099700498,1,1
994,12,0.1706256099547167,0,0
994,13,0.28327573128625344,0,0
995,1,0.015652231337929916,0,0
995,2,0.04132247854521914,1,0
995,3,0.9059694832699959,1,1
995,4,0.9274464475639325,0,1
995,5,0.06843837698517242,0,0
995,6,0.0023291956647629114,0,0
995,7,0.0019899770141790524,0,0
995,8,0.20512450529833257,0,0
995,9,0.07593542166648379,0,0
995,10,0.13799060809007427,0,0
995,11,0.7564870222800352,0,1
995,12,0.14002153186886046,0,0
995,13,0.01411073374612434,0,0
996,1,0.997761166303571,1,1
996,2,0.7279960991256628,1,1
996,3,0.17747532279787115,1,0
996,4,0.9069606442230717,1,1
996,5,0.6825922723568179,1,1
996,6,0.7278536827839821,0,1
996,7,0.23443123995699738,0,0
996,8,0.011297390207135225,0,0
996,9,0.01105863364671711,0,0
996,10,0.002055633621067927,0,0
996,11,0.910213871312195,0,1
996,12,0.5243976409591088,0,1
996,13,0.5369290262661919,0,1
997,1,0.08778669626654502,0,0
997,2,0.07495597136218979,0,0
997,3,0.010073269503083286,0,0
997,4,0.025211478031063432,0,0
997,5,0.002576843902740884,0,0
997,6,0.41629715806144585,1,0
997,7,0.9389345189597881,1,1
997,8,0.9991486316232153,1,1
997,9,0.7593800973798701,1,1
997,10,0.8435557865072014,1,1
997,11,0.25508577598979243,0,0
997,12,0.6085174697716357,0,1
997,13,0.02347899523995134,0,0
998,1,0.2795089444494188,0,0
998,2,0.8436620709603712,1,1
998,3,0.9391091021650455,1,1
998,4,0.9991614367508412,1,1
998,5,0.9999065031955872,1,1
998,6,0.9978893475093366,1,1
998,7,0.8844781700324369,0,1
998,8,0.5365154982463605,0,1
998,9,0.40465248095250966,0,0
998,10,0.006927884084237315,0,0
998,11,0.10806850350406871,0,0
998,12,0.005405694590570587,0,0
998,13,0.018070019536563682,0,0
999,1,0.04610704693135081,0,0
999,2,0.007005295793249363,0,0
999,3,0.00683454422646206,0,0
999,4,0.009876948559892561,0,0
999,5,0.005586546456067124,0,0
999,6,0.0011347525932806773,0,0
999,7,0.7537174112823543,1,1
999,8,0.4780558478367165,0,0
999,9,0.006874375170652513,0,0
999,10,0.007367796550489149,0,0
999,11,0.022867547374392023,0,0
999,12,0.0012492307847211716,0,0
999,13,0.016322048633739508,0,0
1000,1,0.09423075965517753,0,0
1000,2,0.02164535095847851,0,0
1000,3,0.17012442205551212,0,0
1000,4,0.007262183698723503,0,0
1000,5,0.006780591402548279,0,0
1000,6,0.000576599291321369,0,0
1000,7,0.1700288507703114,0,0
1000,8,0.5089667881195408,0,1
1000,9,0.14655858768552313,0,0
1000,10,0.9999987483443489,1,1
1000,11,0.9244351513784848,1,1
1000,12,0.9998422790480485,1,1
1000,13,0.9556765660953574,1,1
1001,1,0.03967493467713252,0,0
1001,2,0.032053630443319915,0,0
1001,3,0.13717314160877653,0,0
1001,4,0.0321626618100044,0,0
1001,5,0.004155100049346171,0,0
1001,6,0.0019969194082358897,0,0
1001,7,0.5640818490248419,1,1
1001,8,0.7313699860569495,0,1
1001,9,0.021328606729674314,0,0
1001,10,0.007753777644894951,0,0
1001,11,0.00651793507429622,0,0
1001,12,0.03839809357977768,0,0
1001,13,0.004977415079433317,0,0
1002,1,0.36443879731558987,0,0
1002,2,0.04873225685552728,0,0
1002,3,0.7732969332850831,1,1
1002,4,0.9999724427525513,1,1
1002,5,0.14487101269640784,0,0
1002,6,0.07089052020961245,0,0
1002,7,0.15524206671271643,0,0
1002,8,0.0944227371852028,0,0
1002,9,0.004875559174896964,0,0
1002,10,0.0010612076439753804,0,0
1002,11,0.07354389618604129,0,0
1002,12,0.018997049455548393,0,0
1002,13,0.009002113077892792,0,0
1003,1,0.003899468316402283,0,0
1003,2,0.00042999868451533673,0,0
1003,3,0.002335696241505762,0,0
1003,4,0.00466471572416119,0,0
1003,5,0.050691532114067954,0,0
1003,6,0.004371457286494412,0,0
1003,7,0.012061963641517804,0,0
1003,8,0.0019965131171025643,0,0
1003,9,0.010447415262268889,0,0
1003,10,0.06516565210359715,0,0
1003,11,0.014827404379785395,0,0
1003,12,0.018380335498053815,0,0
1003,13,0.001020184993976324,0,0
1004,1,0.030133553456918687,0,0
1004,2,0.026198041245580547,0,0
1004,3,0.04067214589836536,0,0
1004,4,0.0019751686370085473,0,0
1004,5,0.06719227823481591,1,0
1004,6,0.9835841119479503,1,1
1004,7,0.9999775867544164,1,1
1004,8,0.6021442927552942,1,1
1004,9,0.17498569410377904,0,0
1004,10,0.0031304535914054694,0,0
1004,11,0.0011427721942695282,0,0
1004,12,0.006164821082257318,0,0
1004,13,0.002365085278111828,0,0
1005,1,0.10804561621662744,0,0
1005,2,0.0034232597939119797,0,0
1005,3,0.0010646251595468213,0,0
1005,4,0.0005366306282414788,0,0
1005,5,0.010644018371296894,0,0
1005,6,0.006573531103691635,0,0
1005,7,0.0025306780098141714,0,0
1005,8,0.08673766860204651,0,0
1005,9,0.032398300673991715,0,0
1005,10,0.031242307198853007,0,0
1005,11,0.017097621331521123,0,0
1005,12,0.0020586892529671557,0,0
1005,13,0.5406394911095772,0,1
1006,1,0.07287086141358147,0,0
1006,2,0.0022941117922816467,0,0
1006,3,0.006113535473754417,0,0
1006,4,0.02005609972919819,0,0
1006,5,0.0011735934262285305,0,0
1006,6,0.022041051240557757,0,0
1006,7,0.11413926716696243,0,0
1006,8,0.012576907162557913,0,0
1006,9,0.007950785467981251,0,0
1006,10,0.01856334783384449,0,0
1006,11,0.04886010117945136,0,0
1006,12,0.0025897552920877915,0,0
1006,13,0.47438312038213054,0,0
1007,1,0.0242194793575578,0,0
1007,2,0.0025106979828515806,0,0
1007,3,0.0035610040682885324,0,0
1007,4,0.010060846737356305,0,0
1007,5,0.001352207716812206,0,0
1007,6,0.8094833110384266,1,1
1007,7,0.9974691198750427,1,1
1007,8,0.9874376195439442,1,1
1007,9,0.5660914097909607,1,1
1007,10,0.8471836119317764,1,1
1007,11,0.9810881972684482,1,1
1007,12,0.6207081745183823,1,1
1007,13,0.8387407727618726,1,1
1008,1,0.013248330626594253,0,0
1008,2,0.002333894949191788,0,0
1008,3,0.3641210228246054,0,0
1008,4,0.011739841238506642,0,0
1008,5,0.01855689818725232,0,0
1008,6,0.004696359642192031,0,0
1008,7,0.0013563245133212383,0,0
1008,8,0.1580827215941614,0,0
1008,9,0.14495108008128166,0,0
1008,10,0.0031677256160041094,0,0
1008,11,0.002220456508952399,0,0
1008,12,0.0027852414958206627,0,0
1008,13,0.002632787123922884,0,0
1009,1,0.003543877981985056,0,0
1009,2,0.0059977964533193305,0,0
1009,3,0.0028973999173628243,0,0
1009,4,0.0030224966973150334,0,0
1009,5,0.001209252342504493,0,0
1009,6,0.001551702242919868,0,0
1009,7,0.003134770616949783,0,0
1009,8,0.011073384713265369,0,0
1009,9,0.03377595892361856,0,0
1009,10,0.8105469008559933,0,1
1009,11,0.06200679134340973,0,0
1009,12,0.043206566367334096,0,0
1009,13,0.0017421322159285873,0,0
1010,1,0.005151867046787792,0,0
1010,2,0.0267964219138755,0,0
1010,3,0.007112455569195426,0,0
1010,4,0.018998624794746743,0,0
1010,5,0.0057961610579532145,0,0
1010,6,0.0021625156334100643,0,0
1010,7,0.004985689899956301,0,0
1010,8,0.12906141247185582,0,0
1010,9,0.06445690254944224,0,0
1010,10,0.034483656478811416,0,0
1010,11,0.0220738027015291,0,0
1010,12,0.0029948486986830893,0,0
1010,13,0.00122412158496289,0,0
1011,1,0.1283530731722173,0,0
1011,2,0.005061385433574064,0,0
1011,3,0.006725642270975749,0,0
1011,4,0.1697998863624277,0,0
1011,5,0.13683435006712097,0,0
1011,6,0.013687085928273921,0,0
1011,7,0.011217520942011252,0,0
1011,8,0.009796062068989921,0,0
1011,9,0.08206242997557035,0,0
1011,10,0.371465484034172,1,0
1011,11,0.8463077379161882,1,1
1011,12,0.9998551366875083,1,1
1011,13,0.9193057852235224,1,1
1012,1,0.00634767185384108,0,0
1012,2,0.002676553561061014,0,0
1012,3,0.018155503671969334,0,0
1012,4,0.008841867848979843,0,0
1012,5,0.004272886240854826,0,0
1012,6,0.025461046952073817,0,0
1012,7,0.023174353565268934,0,0
1012,8,0.004611201686254947,0,0
1012,9,0.002939872904510599,0,0
1012,10,0.007694844696106443,0,0
1012,11,0.014179348170362389,0,0
1012,12,0.00038667028670434753,0,0
1012,13,0.017077017094865123,0,0
1013,1,0.009805614704018376,0,0
1013,2,0.06333545657428398,0,0
1013,3,0.7625226044683807,1,1
1013,4,0.9943191112116244,1,1
1013,5,0.998861823723131,1,1
1013,6,0.9997957231976313,1,1
1013,7,0.9407737673303687,1,1
1013,8,0.522337456436206,1,1
1013,9,0.08032867503648909,0,0
1013,10,0.017873080224513307,0,0
1013,11,0.0037176367958632627,0,0
1013,12,0.00378483763342503,0,0
1013,13,0.01832057012344239,0,0
1014,1,0.0037349245874192887,0,0
1014,2,0.0021813168723293203,0,0
1014,3,0.0041750994724894085,0,0
1014,4,0.005252384693548359,0,0
1014,5,0.0276450397234381,0,0
1014,6,0.0213417467604983,0,0
1014,7,0.04717755486623716,0,0
1014,8,0.006798390039677594,0,0
1014,9,0.023890650189157453,0,0
1014,10,0.0029924449437859013,0,0
1014,11,0.0027966999720418838,0,0
1014,12,0.09655356496090832,0,0
1014,13,0.13200505427272963,0,0
1015,1,0.5872657265725786,1,1
1015,2,0.9999870357205716,1,1
1015,3,0.933615266419782,1,1
1015,4,0.30101053003517,1,0
1015,5,0.4057929983588308,1,0
1015,6,0.02958202018960455,0,0
1015,7,0.009200221574116105,0,0
1015,8,0.06590645516493955,0,0
1015,9,0.004222256111991694,0,0
1015,10,0.002656744709537794,0,0
1015,11,0.003916770600256858,0,0
1015,12,0.005293642281906724,0,0
1015,13,0.01407222654521754,0,0
1016,1,0.7275286088999549,1,1
1016,2,0.6574689001467123,1,1
1016,3,0.27710241821836323,1,0
1016,4,0.9079649179811062,1,1
1016,5,0.995413891860545,1,1
1016,6,0.10003888331471071,0,0
1016,7,0.0020825897524527777,0,0
1016,8,0.06952940260299602,0,0
1016,9,0.007406456157339227,0,0
1016,10,0.00486682768300478,0,0
1016,11,0.01286210362472033,0,0
1016,12,0.007664697000411898,0,0
1016,13,0.0032083182392938624,0,0
1017,1,0.05326171226483747,0,0
1017,2,0.014505928137338238,0,0
1017,3,0.0031166194175010647,0,0
1017,4,0.036590843835846903,0,0
1017,5,0.0015366536944424283,0,0
1017,6,0.003076157502563167,0,0
1017,7,0.012719523485295084,0,0
1017,8,0.0010326521277721436,0,0
1017,9,0.0033074917333996774,0,0
1017,10,0.007433319655911296,0,0
1017,11,0.005239603650690565,0,0
1017,12,0.0008427364653641201,0,0
1017,13,0.014157996972785497,0,0
1018,1,0.01439910469376232,0,0
1018,2,0.0035903414523141518,0,0
1018,3,0.01517254959192354,0,0
1018,4,0.09428214787120513,0,0
1018,5,0.0922440470020807,0,0
1018,6,0.0018827666275447895,0,0
1018,7,0.028198645327918576,0,0
1018,8,0.08765783094203584,0,0
1018,9,0.9760817928229264,1,1
1018,10,0.9997104712453269,1,1
1018,11,0.995306873303001,1,1
1018,12,0.9999993647296386,1,1
1018,13,0.45962928422134036,0,0
1019,1,0.025448481112861614,0,0
1019,2,0.010108756117519517,0,0
1019,3,0.001844267210250093,0,0
1019,4,0.005124781330045779,0,0
1019,5,0.008733982326502165,0,0
1019,6,0.003709519349330727,0,0
1019,7,0.005263994917671981,0,0
1019,8,0.004899890911354429,0,0
1019,9,0.007664077418738877,0,0
1019,10,0.06012846956178479,0,0
1019,11,0.37045637818766913,0,0
1019,12,0.027701547655801816,0,0
1019,13,0.018730412908785788,0,0
1020,1,0.03256993337299285,0,0
1020,2,0.12137474531570039,0,0
1020,3,0.004547297740286095,0,0
1020,4,0.004604898703288776,0,0
1020,5,0.0431709254590946,0,0
1020,6,0.020968695595739523,0,0
1020,7,0.01598643916327035,0,0
1020,8,0.0008493418755536142,0,0
1020,9,0.003492331443276951,0,0
1020,10,0.03829854938609843,0,0
1020,11,0.0007698277749598356,0,0
1020,12,0.11172214097607952,1,0
1020,13,0.025074287615944997,1,0
1021,1,0.9346664395244195,1,1
1021,2,0.9689137087886579,1,1
1021,3,0.9995964564737356,1,1
1021,4,0.9999740772595028,1,1
1021,5,0.9999976157946548,1,1
1021,6,0.982036347309509,1,1
1021,7,0.9952010311564802,1,1
1021,8,0.7038337520652255,1,1
1021,9,0.7098768579329126,0,1
1021,10,0.10526626632198266,0,0
1021,11,0.01982363113100487,0,0
1021,12,0.0005856114232713452,0,0
1021,13,0.08519380364636353,0,0
1022,1,0.05683038271208238,0,0
1022,2,0.005905983954861575,0,0
1022,3,0.011718143547645974,0,0
1022,4,0.02117722783589979,0,0
1022,5,0.002343244582203106,0,0
1022,6,0.54807664159329,1,1
1022,7,0.9638548752596009,1,1
1022,8,0.05385175457044237,0,0
1022,9,0.06540624208797229,0,0
1022,10,0.0029297032001161668,0,0
1022,11,0.9389123386157323,1,1
1022,12,0.952376115846874,1,1
1022,13,0.9954544502771474,1,1
1023,1,0.03353024041500964,0,0
1023,2,0.004586285073130086,0,0
1023,3,0.007645068415900324,0,0
1023,4,0.005900443151726563,0,0
1023,5,0.12816057948046497,0,0
1023,6,0.04567210292342965,0,0
1023,7,0.2412456043928487,0,0
1023,8,0.06265431426459946,0,0
1023,9,0.001120063712852583,0,0
1023,10,0.00944910151761178,0,0
1023,11,0.009413664434275671,0,0
1023,12,0.002420099838447339,0,0
1023,13,0.0014181003420835618,0,0
1024,1,0.005170268207438593,0,0
1024,2,0.037083952799560435,0,0
1024,3,0.04697393003463528,0,0
1024,4,0.0216071810570718,0,0
1024,5,0.001951685182052599,0,0
1024,6,0.0609248692683353,0,0
1024,7,0.004062937927536163,0,0
1024,8,0.0019020455438799044,0,0
1024,9,0.0016408876122547334,0,0
1024,10,0.005413070374164381,0,0
1024,11,0.0033193170025760557,0,0
1024,12,0.04144004956817398,0,0
1024,13,0.004464720247030724,0,0
1025,1,0.03472076344201565,0,0
1025,2,0.002580661671450529,0,0
1025,3,0.05918651466495733,0,0
1025,4,0.9932549065637509,1,1
1025,5,0.6894189992556433,1,1
1025,6,0.999998925770997,1,1
1025,7,0.9999963990382932,1,1
1025,8,0.07625145928302762,0,0
1025,9,0.0028826179850364817,0,0
1025,10,0.005154789255954754,0,0
1025,11,0.003335519909831089,0,0
1025,12,0.0011083002111599617,0,0
1025,13,0.00790177096580424,0,0
1026,1,0.9803365858896,1,1
1026,2,0.9994766986982008,1,1
1026,3,0.9989042032804616,1,1
1026,4,0.9963144474835353,1,1
1026,5,0.9775916282628367,1,1
1026,6,0.9999990285401348,1,1
1026,7,0.9865612072583858,1,1
1026,8,0.9959321152188273,1,1
1026,9,0.9850509990864145,1,1
1026,10,0.9986466475748434,1,1
1026,11,0.8066166615255339,1,1
1026,12,0.9999268838389865,1,1
1026,13,0.9566210829440417,0,1
1027,1,0.0062672429031050995,0,0
1027,2,0.0024530282847984647,0,0
1027,3,0.014192802672985779,0,0
1027,4,0.661917323865538,0,1
1027,5,0.1803684788134243,0,0
1027,6,0.020027540474387685,0,0
1027,7,0.009596590557891537,0,0
1027,8,0.004685858144717604,0,0
1027,9,0.005546456057638364,0,0
1027,10,0.0025217061745617525,0,0
1027,11,0.00525412798477472,0,0
1027,12,0.024711933106815857,0,0
1027,13,0.006011260108931078,0,0
1028,1,0.015890870888521754,0,0
1028,2,0.010208168640473188,0,0
1028,3,0.0007812887083102203,0,0
1028,4,0.11066300520746424,0,0
1028,5,0.005913051297671337,0,0
1028,6,0.002729627779290599,0,0
1028,7,0.03953145471311095,0,0
1028,8,0.0016363051651714035,0,0
1028,9,0.004367081912971949,0,0
1028,10,0.0020224039076930937,0,0
1028,11,0.002720217389126085,0,0
1028,12,0.0006657139886406632,0,0
1028,13,0.0007585928202066967,0,0
1029,1,0.17431574801118313,0,0
1029,2,0.006601234270681789,0,0
1029,3,0.016507690746837965,0,0
1029,4,0.4512756380359701,0,0
1029,5,0.012283933365265112,0,0
1029,6,0.003131600920398929,0,0
1029,7,0.0075164142984665535,0,0
1029,8,0.009715835607971469,0,0
1029,9,0.006614426209764504,0,0
1029,10,0.003924759215252742,0,0
1029,11,0.3396550585997903,0,0
1029,12,0.7133153204349566,1,1
1029,13,0.9950533786514935,1,1
1030,1,0.9997884589680667,1,1
1030,2,0.9965324201432922,1,1
1030,3,0.9996655514039977,1,1
1030,4,0.9990838176067456,1,1
1030,5,0.7616599396994942,1,1
1030,6,0.5793804554064564,0,1
1030,7,0.2399832671312805,0,0
1030,8,0.012924929974743166,0,0
1030,9,0.0007255203337828745,0,0
1030,10,0.013425863361546235,0,0
1030,11,0.0161144019335589,0,0
1030,12,0.005863976756027378,0,0
1030,13,0.06218011307455604,0,0
1031,1,0.01651000992432485,0,0
1031,2,0.9976236003222786,1,1
1031,3,0.9866930084656635,1,1
1031,4,0.6604313464724126,1,1
1031,5,0.43729122838216145,1,0
1031,6,0.9966664471326865,1,1
1031,7,0.9779639542770787,1,1
1031,8,0.7065827273349812,1,1
1031,9,0.9974578601150819,1,1
1031,10,0.9768871202983387,1,1
1031,11,0.9956579556428475,1,1
1031,12,0.12388900105205719,0,0
1031,13,0.009671266261795576,0,0
1032,1,0.9903709947261911,1,1
1032,2,0.9999818919997131,1,1
1032,3,0.19909851407286405,0,0
1032,4,0.07583134724889799,0,0
1032,5,0.004630277873778094,0,0
1032,6,0.8186741983240526,1,1
1032,7,0.9245683333164949,1,1
1032,8,0.8542718277642688,0,1
1032,9,0.15233310497605348,0,0
1032,10,0.0074722096476883305,0,0
1032,11,0.0007709841973858576,0,0
1032,12,0.049469574677271644,0,0
1032,13,0.0008531670084630705,0,0
1033,1,0.03841941489063452,0,0
1033,2,0.17136632141580638,0,0
1033,3,0.004363642934853578,0,0
1033,4,0.009764378155133572,0,0
1033,5,0.014428895556052342,0,0
1033,6,0.003195862322971986,0,0
1033,7,0.019351008686645632,0,0
1033,8,0.02810877682661233,0,0
1033,9,0.002414320066252549,0,0
1033,10,0.015852418851755375,0,0
1033,11,0.024134061213397118,0,0
1033,12,0.03596541055145277,0,0
1033,13,0.002882239421827684,0,0
1034,1,0.1339949266233465,1,0
1034,2,0.8720671087461009,1,1
1034,3,0.8742118021691824,1,1
1034,4,0.9999998420695357,1,1
1034,5,0.6752866745615902,1,1
1034,6,0.999914003325785,1,1
1034,7,0.9997817129177745,1,1
1034,8,0.9873944220628181,1,1
1034,9,0.9998677952748724,1,1
1034,10,0.9661149911502812,1,1
1034,11,0.893888751622008,1,1
1034,12,0.1095585050505871,0,0
1034,13,0.00364842031499686,0,0
1035,1,0.06538609179943294,0,0
1035,2,0.0061144245753208095,0,0
1035,3,0.0011331151008918444,0,0
1035,4,0.0029260793721364304,0,0
1035,5,0.0027838458852268862,0,0
1035,6,0.034423840888943416,0,0
1035,7,0.06578361510118128,0,0
1035,8,0.00670098252467863,0,0
1035,9,0.011182780984382091,0,0
1035,10,0.7815280761594828,0,1
1035,11,0.014857181013924735,0,0
1035,12,0.026247511410195875,0,0
1035,13,0.0019480942102014973,0,0
1036,1,0.182417552900008,0,0
1036,2,0.005716718456546598,0,0
1036,3,0.12600817021365693,1,0
1036,4,0.989911393445469,1,1
1036,5,0.9994170251886614,1,1
1036,6,0.978868230650748,1,1
1036,7,0.9834467669121154,1,1
1036,8,0.9985464036431324,1,1
1036,9,0.9207693047459121,1,1
1036,10,0.9872869050550869,1,1
1036,11,0.9999887368031128,1,1
1036,12,0.999676716556674,1,1
1036,13,0.7436820584748057,1,1
1037,1,0.005929866712649527,0,0
1037,2,0.0007915839256864718,0,0
1037,3,0.0011631841198852806,0,0
1037,4,0.0006841295418053607,0,0
1037,5,0.0017180354367690913,0,0
1037,6,0.003563760260186532,0,0
1037,7,0.002465289672818822,0,0
1037,8,0.011013020574219882,0,0
1037,9,0.02267057328981754,0,0
1037,10,0.0011382456828471403,0,0
1037,11,0.002832572907809044,0,0
1037,12,0.18685764809221442,1,0
1037,13,0.015151841047250076,0,0
1038,1,0.9852196192112425,1,1
1038,2,0.07822952295719302,0,0
1038,3,0.011978695787607133,0,0
1038,4,0.24676724363724237,0,0
1038,5,0.008767409956142794,0,0
1038,6,0.003809107191387855,0,0
1038,7,0.006088238092823064,0,0
1038,8,0.0033073401261168017,0,0
1038,9,0.007404889877757475,0,0
1038,10,0.021759565249084227,0,0
1038,11,0.015785180412856294,0,0
1038,12,0.0018592469485575077,0,0
1038,13,0.00069470367137843,0,0
1039,1,0.6204245815017743,1,1
1039,2,0.9789195012955177,1,1
1039,3,0.9981622051427294,1,1
1039,4,0.9999241711127149,1,1
1039,5,0.9898475834142895,1,1
1039,6,0.9929120138958152,1,1
1039,7,0.9999545587915271,1,1
1039,8,0.999763625535607,1,1
1039,9,0.8825778393135526,1,1
1039,10,0.9798606809410507,1,1
1039,11,0.9863460702307468,1,1
1039,12,0.9965524322526033,1,1
1039,13,0.998742626700665,1,1
1040,1,0.038715403364672205,0,0
1040,2,0.0013294883898310524,0,0
1040,3,0.0015102736710375054,0,0
1040,4,0.005312476444423288,0,0
1040,5,0.0076918651682689404,0,0
1040,6,0.0052802842411900155,0,0
1040,7,0.010308970564832303,0,0
1040,8,0.021467892692957444,0,0
1040,9,0.0014082403317224545,0,0
1040,10,0.010283089376334346,0,0
1040,11,0.003973151806841782,0,0
1040,12,0.030065336802193005,0,0
1040,13,0.008425122722493104,0,0
1041,1,0.029665040467300292,0,0
1041,2,0.0017684724818903055,0,0
1041,3,0.007353029537618184,0,0
1041,4,0.023346578756427327,0,0
1041,5,0.011228709811726247,0,0
1041,6,0.00599276380667752,0,0
1041,7,0.047982044800541676,0,0
1041,8,0.039654926419700386,0,0
1041,9,0.000524229287394275,0,0
1041,10,0.0038915972225641027,0,0
1041,11,0.01964681789143796,0,0
1041,12,0.0027223692674717345,0,0
1041,13,0.001791224406850206,0,0
1042,1,0.021886139692673303,0,0
1042,2,0.002909614006100747,0,0
1042,3,0.005304594422076791,0,0
1042,4,0.005751289103482947,0,0
1042,5,0.0006358652384403909,0,0
1042,6,0.0019363654564987219,0,0
1042,7,0.0025005170618410126,0,0
1042,8,0.010234909242596884,0,0
1042,9,0.03933590894040016,0,0
1042,10,0.015219205568142298,0,0
1042,11,0.0007343581535166755,0,0
1042,12,0.0016747132732807784,0,0
1042,13,0.012681144808292919,0,0
1043,1,0.010810919519789627,0,0
1043,2,0.017876333088161337,0,0
1043,3,0.01648200067621548,0,0
1043,4,0.00492204112430538,0,0
1043,5,0.005143611619029987,0,0
1043,6,0.001621380716254374,0,0
1043,7,0.002769835149985144,0,0
1043,8,0.0018666626478391192,0,0
1043,9,0.0024112228995598595,0,0
1043,10,0.0022692566637606834,0,0
1043,11,0.003816202031728313,0,0
1043,12,0.004527659741972013,0,0
1043,13,0.0015329283568371235,0,0
1044,1,0.00242542537268651,0,0
1044,2,0.999211920668345,1,1
1044,3,0.14932246775378819,0,0
1044,4,0.00656871103456299,0,0
1044,5,0.11716131106011415,1,0
1044,6,0.9744606059789792,1,1
1044,7,0.6799882201932448,0,1
1044,8,0.07442519441375915,0,0
1044,9,0.0059212956854311815,0,0
1044,10,0.003575768488614601,0,0
1044,11,0.0022331375942979386,0,0
1044,12,0.22389452087732095,0,0
1044,13,0.025483020001193426,0,0
1045,1,0.31132149059789394,1,0
1045,2,0.9999170076903813,1,1
1045,3,0.9999929531450911,1,1
1045,4,0.9999272925106638,1,1
1045,5,0.9979367359270798,1,1
1045,6,0.9996037743940089,1,1
1045,7,0.9999177038719618,1,1
1045,8,0.8190362825141696,1,1
1045,9,0.9886631011796762,1,1
1045,10,0.9986148345896902,1,1
1045,11,0.9999423937874807,1,1
1045,12,0.9998893381976925,1,1
1045,13,0.9998557800028814,1,1
1046,1,0.01609549959796519,0,0
1046,2,0.0013290028714540202,0,0
1046,3,0.0007669464661174602,0,0
1046,4,0.10150844885857344,0,0
1046,5,0.0017449102701976328,0,0
1046,6,0.0007137269476998892,0,0
1046,7,0.004030786819148877,0,0
1046,8,0.004513235827134613,0,0
1046,9,0.00879982755379672,0,0
1046,10,0.0018170550533344182,0,0
1046,11,0.0022787822291640103,0,0
1046,12,0.09448252440942886,0,0
1046,13,0.0020463407604816774,0,0
1047,1,0.013479247030431506,0,0
1047,2,0.0037133505305958466,0,0
1047,3,0.00043645442690511046,0,0
1047,4,0.0014517717288007371,0,0
1047,5,0.02383436667131959,0,0
1047,6,0.017618108241495907,0,0
1047,7,0.05456955613325644,0,0
1047,8,0.009690184614990908,0,0
1047,9,0.0025294179254592027,0,0
1047,10,0.3364214958127779,0,0
1047,11,0.09408433601467071,0,0
1047,12,0.02975042815585421,0,0
1047,13,0.030145076299325037,0,0
1048,1,0.007140781687967493,0,0
1048,2,0.005117387615127546,0,0
1048,3,0.4641283160638417,0,0
1048,4,0.029861421268971,0,0
1048,5,0.011632476949585758,0,0
1048,6,0.006097933071254341,0,0
1048,7,0.0061826061589231335,0,0
1048,8,0.005988331012564978,0,0
1048,9,0.9633826846766194,1,1
1048,10,0.20067767053710725,1,0
1048,11,0.7321359305903984,1,1
1048,12,0.8450934969915208,0,1
1048,13,0.21638592934985146,0,0
1049,1,0.13242233888449317,0,0
1049,2,0.227670378282599,0,0
1049,3,0.005988001797236682,0,0
1049,4,0.0012713724574194367,0,0
1049,5,0.0016253091083426466,0,0
1049,6,0.0005146042061517095,0,0
1049,7,0.05270775497680388,0,0
1049,8,0.00722619689982044,0,0
1049,9,0.020932811199632258,0,0
1049,10,0.22926270775948396,0,0
1049,11,0.05415085934719521,0,0
1049,12,0.09076100320911124,0,0
1049,13,0.007212861101430556,0,0
1050,1,0.03735465487281474,0,0
1050,2,0.009657862533060935,0,0
1050,3,0.06618468455004906,0,0
1050,4,0.01259905138114373,0,0
1050,5,0.0050826764615848705,0,0
1050,6,0.024375204043901484,0,0
1050,7,0.002398791393202294,0,0
1050,8,0.0025796542426422433,0,0
1050,9,0.002538780156043331,0,0
1050,10,0.015380476563962192,0,0
1050,11,0.08546369726166873,0,0
1050,12,0.0029362117551003796,0,0
1050,13,0.020358897915108372,0,0
1051,1,0.010677393233465653,0,0
1051,2,0.014636110402822672,0,0
1051,3,0.0009885011415955596,0,0
1051,4,0.015311716911771836,0,0
1051,5,0.007110880045986178,0,0
1051,6,0.005815055425513755,0,0
1051,7,0.00626463279324299,0,0
1051,8,0.02359697701407996,0,0
1051,9,0.056265662256219935,0,0
1051,10,0.007351630013186159,0,0
1051,11,0.007916974939615294,0,0
1051,12,0.02827085448893652,0,0
1051,13,0.09389178598311904,0,0
1052,1,0.01314710161847091,0,0
1052,2,0.007773888101241043,0,0
1052,3,0.00108989840990196,0,0
1052,4,0.00456376560882106,0,0
1052,5,0.009515370753455495,0,0
1052,6,0.006012626431440125,0,0
1052,7,0.006234168864409847,0,0
1052,8,0.018033412391055853,0,0
1052,9,0.005944898639283213,0,0
1052,10,0.0126892442951451,0,0
1052,11,0.0007167171551997782,0,0
1052,12,0.008846061088162206,0,0
1052,13,0.0032247014029748587,0,0
1053,1,0.020105157471186637,0,0
1053,2,0.0803647206712281,0,0
1053,3,0.05322334134113168,0,0
1053,4,0.07067592582922176,0,0
1053,5,0.0019527648391972328,0,0
1053,6,0.00600392022173081,0,0
1053,7,0.015539424604193768,0,0
1053,8,0.0011136170478923853,0,0
1053,9,0.005235647055431948,0,0
1053,10,0.007541845325571797,0,0
1053,11,0.001485066696314948,0,0
1053,12,0.013865574547321917,0,0
1053,13,0.14502156508300384,0,0
1054,1,0.015786722222636728,0,0
1054,2,0.09982079497438863,1,0
1054,3,0.6652367005813926,1,1
1054,4,0.999996534433378,1,1
1054,5,0.9998674683303173,1,1
1054,6,0.9925501139196523,1,1
1054,7,0.9738384569386269,1,1
1054,8,0.4769541343727664,0,0
1054,9,0.23529231381440402,0,0
1054,10,0.004276869329368954,0,0
1054,11,0.004323464813018169,0,0
1054,12,0.9868541315006413,1,1
1054,13,0.36609873006729865,0,0
1055,1,0.00394811337263302,0,0
1055,2,0.14165726082709615,0,0
1055,3,0.01783868881967454,0,0
1055,4,0.9864900751614298,1,1
1055,5,0.9999306645578996,1,1
1055,6,0.9643158738409651,1,1
1055,7,0.05416770814975329,0,0
1055,8,0.6402977683287202,1,1
1055,9,0.9966902031355959,1,1
1055,10,0.3030851335651298,0,0
1055,11,0.14910089913813068,0,0
1055,12,0.008932183227630442,0,0
1055,13,0.022311506121701716,0,0
1056,1,0.36508546504521844,1,0
1056,2,0.9989350815502627,1,1
1056,3,0.9685974538388167,1,1
1056,4,0.9957044181293049,1,1
1056,5,0.9709373995870689,1,1
1056,6,0.9890410258858298,1,1
1056,7,0.9953667157283018,1,1
1056,8,0.8142220766925935,1,1
1056,9,0.42222910804962366,1,0
1056,10,0.6676861127131575,0,1
1056,11,0.02700761478238744,0,0
1056,12,0.010576014719451299,0,0
1056,13,0.09142668515580399,0,0
1057,1,0.007927062307362674,0,0
1057,2,0.00684875078192614,0,0
1057,3,0.0008436257137390964,0,0
1057,4,0.004501361200305076,0,0
1057,5,0.004005576997647949,0,0
1057,6,0.011337110286929073,0,0
1057,7,0.006791367824866337,0,0
1057,8,0.27801733428301556,0,0
1057,9,0.02814704948317682,0,0
1057,10,0.012068190152696594,0,0
1057,11,0.004814018609763174,0,0
1057,12,0.007448081867421847,0,0
1057,13,0.0024622174810850182,0,0
1058,1,0.008554584411862421,0,0
1058,2,0.0314257186089586,0,0
1058,3,0.0011730327972070262,0,0
1058,4,0.013646313089542374,0,0
1058,5,0.0014937002589180866,0,0
1058,6,0.0023626906870599655,0,0
1058,7,0.03946900918254792,0,0
1058,8,0.9880841376278405,1,1
1058,9,0.34692751980411385,1,0
1058,10,0.2424591411486878,1,0
1058,11,0.6898393776312496,1,1
1058,12,0.3445877014447064,1,0
1058,13,0.9965356381498277,1,1
1059,1,0.045061124377529314,0,0
1059,2,0.009377668129329513,0,0
1059,3,0.007980851942713512,0,0
1059,4,0.0028030355683316575,0,0
1059,5,0.0009135993183721734,0,0
1059,6,0.03339032196365485,0,0
1059,7,0.003435124943474455,0,0
1059,8,0.09205663026370142,0,0
1059,9,0.08223571779127319,0,0
1059,10,0.004234820149768614,0,0
1059,11,0.030485694484303594,0,0
1059,12,0.002051844835560992,0,0
1059,13,0.0045262541905350655,0,0
1060,1,0.009681998532924853,0,0
1060,2,0.017617661382600902,0,0
1060,3,0.004268553213867204,0,0
1060,4,0.4239759163500759,1,0
1060,5,0.998497343503338,1,1
1060,6,0.9985135506438905,1,1
1060,7,0.9810661941005864,1,1
1060,8,0.5643582671933189,1,1
1060,9,0.8798352826609694,1,1
1060,10,0.828986908594554,0,1
1060,11,0.09996867975581979,0,0
1060,12,0.024474825345501546,0,0
1060,13,0.13740531364513112,1,0
1061,1,0.010875213898801032,0,0
1061,2,0.003902423666425041,0,0
1061,3,0.0017498346693330855,0,0
1061,4,0.01431216438314832,0,0
1061,5,0.0021631686101392916,0,0
1061,6,0.0008446389139873718,0,0
1061,7,0.006451368958591322,0,0
1061,8,0.0010553480087245957,0,0
1061,9,0.02154890038444634,0,0
1061,10,0.10922040610270699,0,0
1061,11,0.0020435281691700935,0,0
1061,12,0.9999490680718985,1,1
1061,13,0.9760824165071343,1,1
1062,1,0.43743780627297424,0,0
1062,2,0.030372584279263464,0,0
1062,3,0.02148796226153611,0,0
1062,4,0.006370869908036469,0,0
1062,5,0.09099815633155023,0,0
1062,6,0.032631685273641624,0,0
1062,7,0.01648345292508199,0,0
1062,8,0.024079707270515227,0,0
1062,9,0.0025652511134321714,0,0
1062,10,0.005301696152076508,0,0
1062,11,0.024899617989177964,0,0
1062,12,0.09972266661776295,0,0
1062,13,0.007408328765783189,0,0
1063,1,0.020150388360917055,0,0
1063,2,0.04882957978616879,0,0
1063,3,0.029167895507932376,0,0
1063,4,0.0019482409977693291,0,0
1063,5,0.00407819850807742,0,0
1063,6,0.05201098099726917,0,0
1063,7,0.0017106110849523762,0,0
1063,8,0.0016289334680468898,0,0
1063,9,0.008302475909387388,0,0
1063,10,0.014568485784545625,0,0
1063,11,0.05182891898230903,0,0
1063,12,0.006801411194931974,0,0
1063,13,0.02731061094500658,0,0
1064,1,0.1994319741238863,1,0
1064,2,0.037026788091101596,0,0
1064,3,0.016848883278438673,0,0
1064,4,0.0009714877607547577,0,0
1064,5,0.0028481675273804696,0,0
1064,6,0.0005081896183207629,0,0
1064,7,0.009912019037583146,0,0
1064,8,0.0030573520567083136,0,0
1064,9,0.4863640929396558,0,0
1064,10,0.02968676770996837,0,0
1064,11,0.00441390187811532,0,0
1064,12,0.011777447789538703,0,0
1064,13,0.0054253722281167064,0,0
1065,1,0.008543711616204049,0,0
1065,2,0.01295628013500348,0,0
1065,3,0.08648081746820634,0,0
1065,4,0.005064498347099829,0,0
1065,5,0.033536731014195235,0,0
1065,6,0.037487167089068164,0,0
1065,7,0.01743816336284609,0,0
1065,8,0.13750291710644577,0,0
1065,9,0.038158600316173685,0,0
1065,10,0.0005186819312637185,0,0
1065,11,0.0012728763719081011,0,0
1065,12,0.9784331214206542,1,1
1065,13,0.06987547612200383,0,0
1066,1,0.38111855581308085,0,0
1066,2,0.012028660652764886,0,0
1066,3,0.007725073635254045,0,0
1066,4,0.008804195025568944,0,0
1066,5,0.023526736720405464,0,0
1066,6,0.005048767570032596,0,0
1066,7,0.1620223372493075,0,0
1066,8,0.025326012113870335,0,0
1066,9,0.0009064364480091772,0,0
1066,10,0.006029033260240145,0,0
1066,11,0.0029236701484514735,0,0
1066,12,0.007914289248146942,0,0
1066,13,0.01826270918452319,0,0
1067,1,0.9079245202111126,1,1
1067,2,0.9714291119203454,1,1
1067,3,0.9977220680736483,1,1
1067,4,0.32504455785447556,0,0
1067,5,0.0031005365814453364,0,0
1067,6,0.004982211949970475,0,0
1067,7,0.0048822532967965,0,0
1067,8,0.06061239885854648,0,0
1067,9,0.19274985191553493,1,0
1067,10,0.9991683243586418,1,1
1067,11,0.228117533615171,1,0
1067,12,0.12324310557555367,1,0
1067,13,0.8557963860088177,1,1
1068,1,0.7752410238743985,0,1
1068,2,0.033687644189118564,0,0
1068,3,0.004135350434037148,0,0
1068,4,0.012032428586376707,0,0
1068,5,0.26338914296205596,0,0
1068,6,0.02382621715587558,0,0
1068,7,0.00661916268614829,0,0
1068,8,0.001909469445107367,0,0
1068,9,0.01218726914935459,0,0
1068,10,0.045843703562952,0,0
1068,11,0.05584707123458531,0,0
1068,12,0.06729553585317195,0,0
1068,13,0.003004477481447665,0,0
1069,1,0.7273332302702188,1,1
1069,2,0.9296130390538702,1,1
1069,3,0.9999962563405194,1,1
1069,4,0.6294214343815153,0,1
1069,5,0.04164517671958982,0,0
1069,6,0.0072274332044976325,0,0
1069,7,0.001354211950922791,0,0
1069,8,0.007461128847973234,0,0
1069,9,0.0014066072045303827,0,0
1069,10,0.003563675896940993,0,0
1069,11,0.007255442726254726,0,0
1069,12,0.0031646823562457554,0,0
1069,13,0.0027091878908248965,0,0
1070,1,0.9961140665541498,1,1
1070,2,0.13103651439416864,0,0
1070,3,0.05306544776321917,0,0
1070,4,0.011434174538863086,0,0
1070,5,0.01171276148669879,0,0
1070,6,0.0020961269472759268,0,0
1070,7,0.01157593768301684,0,0
1070,8,0.0014999430876769322,0,0
1070,9,0.0011103860939374174,0,0
1070,10,0.001263753703485571,0,0
1070,11,0.001244090807209636,0,0
1070,12,0.010664376359733194,0,0
1070,13,0.31675567229040524,0,0
1071,1,0.025731389254617834,0,0
1071,2,0.30933192735513243,1,0
1071,3,0.017070005647431923,0,0
1071,4,0.021775017917387788,0,0
1071,5,0.012018038994386226,0,0
1071,6,0.043312239087459105,1,0
1071,7,0.30527982510069424,1,0
1071,8,0.981596332540594,1,1
1071,9,0.9999595183164628,1,1
1071,10,0.7522191390863566,1,1
1071,11,0.9747611149597406,1,1
1071,12,0.8632966047469864,1,1
1071,13,0.5127362326104317,1,1
1072,1,0.008596561048441599,0,0
1072,2,0.0007680459558141276,0,0
1072,3,0.10872384379179019,0,0
1072,4,0.006285822962693773,0,0
1072,5,0.004361378272556761,0,0
1072,6,0.949072150531112,1,1
1072,7,0.9980118573647107,1,1
1072,8,0.9958832957316278,1,1
1072,9,0.9318591992893619,1,1
1072,10,0.11255820839654056,0,0
1072,11,0.003885322512287183,0,0
1072,12,0.0004183842582886163,0,0
1072,13,0.001283821784270565,0,0
1073,1,0.061092821200628915,0,0
1073,2,0.002488618044027637,0,0
1073,3,0.004560352051687875,1,0
1073,4,0.0022797351493721385,1,0
1073,5,0.9993752544615396,1,1
1073,6,0.900078787234585,1,1
1073,7,0.973656169922455,1,1
1073,8,0.9882869145621357,1,1
1073,9,0.9944452538972116,1,1
1073,10,0.11600429840849708,0,0
1073,11,0.4572678566437752,1,0
1073,12,0.9941930263884045,1,1
1073,13,0.7145548491524168,1,1
1074,1,0.5281677065959228,0,1
1074,2,0.16976529430388945,0,0
1074,3,0.9998594657170092,1,1
1074,4,0.9999987194501291,1,1
1074,5,0.999284444929184,1,1
1074,6,0.9973620066630652,1,1
1074,7,0.997443671090892,1,1
1074,8,0.8700036161036363,1,1
1074,9,0.9500951613500239,1,1
1074,10,0.9998644601181089,1,1
1074,11,0.9999946243249945,1,1
1074,12,0.47271813513825667,1,0
1074,13,0.9275361926260963,1,1
1075,1,0.1692744247240771,0,0
1075,2,0.002246862037212213,0,0
1075,3,0.012113977685584336,0,0
1075,4,0.008446109374651956,0,0
1075,5,0.0010751675217129679,0,0
1075,6,0.0007129005539970944,0,0
1075,7,0.007131368912003433,1,0
1075,8,0.0299401324448732,1,0
1075,9,0.10584761013842124,1,0
1075,10,0.20651350458967455,1,0
1075,11,0.016618032643294096,1,0
1075,12,0.10336235591242462,1,0
1075,13,0.9644137478547116,1,1
1076,1,0.0031736914576884915,1,0
1076,2,0.9337233983692399,1,1
1076,3,0.9900569237948731,1,1
1076,4,0.9848246953176538,1,1
1076,5,0.999470898183215,1,1
1076,6,0.9986871203129035,1,1
1076,7,0.9999859242757969,1,1
1076,8,0.9972066210514655,1,1
1076,9,0.6306290626187223,0,1
1076,10,0.046996796190828784,0,0
1076,11,0.0866637548762163,0,0
1076,12,0.021792293018118834,0,0
1076,13,0.0008392366969185822,0,0
1077,1,0.02105198970279553,0,0
1077,2,0.004901815330294811,0,0
1077,3,0.0013436521433006303,0,0
1077,4,0.0007510131844399276,0,0
1077,5,0.00706478521289791,0,0
1077,6,0.0012566188472687145,0,0
1077,7,0.0011208576362338018,0,0
1077,8,0.00921422564473462,0,0
1077,9,0.2550769635492253,1,0
1077,10,0.9925250805457958,1,1
1077,11,0.9751122819461635,1,1
1077,12,0.9999711963348914,1,1
1077,13,0.9999542369792374,1,1
1078,1,0.20520144570002485,0,0
1078,2,0.002853645135969771,0,0
1078,3,0.05044483931810881,0,0
1078,4,0.0019637237046734772,0,0
1078,5,0.012750728138516897,0,0
1078,6,0.00353744195265377,0,0
1078,7,0.0024586686564732406,0,0
1078,8,0.04639355895296979,0,0
1078,9,0.006851941584845395,0,0
1078,10,0.010317388355329044,0,0
1078,11,0.35866898767597666,1,0
1078,12,0.8136809200201552,1,1
1078,13,0.3908379470991692,1,0
1079,1,0.0269032496272393,0,0
1079,2,0.005290619120361653,0,0
1079,3,0.003726760371639769,0,0
1079,4,0.058003967352121356,0,0
1079,5,0.04043335191798595,0,0
1079,6,0.003633110298488367,0,0
1079,7,0.033568602590000295,0,0
1079,8,0.0028941750484837454,0,0
1079,9,0.03844120014361077,0,0
1079,10,0.09358448691530355,0,0
1079,11,0.001291041323546254,0,0
1079,12,0.3012106978136918,1,0
1079,13,0.6505004259367559,1,1
1080,1,0.01639493518259708,0,0
1080,2,0.019932659643466077,0,0
1080,3,0.011447570695803119,0,0
1080,4,0.0008832640523733509,0,0
1080,5,0.004219632801988179,0,0
1080,6,0.003519829581925404,0,0
1080,7,0.07824714359389132,0,0
1080,8,0.0032387784305395236,0,0
1080,9,0.0007612253922380609,0,0
1080,10,0.000480684656005664,0,0
1080,11,0.011135900141030183,0,0
1080,12,0.0014671690494779289,0,0
1080,13,0.009831419580239774,0,0
1081,1,0.8952263087588267,1,1
1081,2,0.9984305917197414,1,1
1081,3,0.11170861367566451,0,0
1081,4,0.0037726563437492757,0,0
1081,5,0.0028702250867923096,0,0
1081,6,0.0013235503401226648,0,0
1081,7,0.003994661964426477,0,0
1081,8,0.012717119886690132,0,0
1081,9,0.005690691077395237,0,0
1081,10,0.0006576680043505284,0,0
1081,11,0.004934850601673447,0,0
1081,12,0.011869246942315032,0,0
1081,13,0.003177495178526302,0,0
1082,1,0.013058326276407052,0,0
1082,2,0.002114484297193163,0,0
1082,3,0.001930051662792204,0,0
1082,4,0.9156176511661726,1,1
1082,5,0.16408167137533572,0,0
1082,6,0.07907668167059693,0,0
1082,7,0.11420994946836231,0,0
1082,8,0.16474711105985768,0,0
1082,9,0.04059359503916066,0,0
1082,10,0.011634824439760872,0,0
1082,11,0.0012490168658439175,0,0
1082,12,0.08237256760719748,0,0
1082,13,0.042387229177460524,0,0
1083,1,0.02279654560966979,0,0
1083,2,0.003670799936949706,0,0
1083,3,0.0037439812623304295,0,0
1083,4,0.0005886417596849997,0,0
1083,5,0.3916829157072222,0,0
1083,6,0.06152883170054111,0,0
1083,7,0.021979093093829002,0,0
1083,8,0.09383590629029173,0,0
1083,9,0.02731154302870545,0,0
1083,10,0.009850214379852203,0,0
1083,11,0.07373630354704698,0,0
1083,12,0.00823507459430502,0,0
1083,13,0.00863627125435311,0,0
1084,1,0.400831868835824,0,0
1084,2,0.1402935926750027,0,0
1084,3,0.058355060483056484,0,0
1084,4,0.12204894531799668,0,0
1084,5,0.014696657300609085,0,0
1084,6,0.3543311876318723,0,0
1084,7,0.07406009899110148,0,0
1084,8,0.02421154009145091,0,0
1084,9,0.09822370114373359,0,0
1084,10,0.005822345038355865,0,0
1084,11,0.02146174759491905,0,0
1084,12,0.0031236021324487244,0,0
1084,13,0.004302427632909263,0,0
1085,1,0.03800650976272648,0,0
1085,2,0.00567890463664122,0,0
1085,3,0.004445989942501723,0,0
1085,4,0.0022615608893703358,0,0
1085,5,0.011873064758720533,0,0
1085,6,0.02676924005377313,0,0
1085,7,0.3959525102412853,0,0
1085,8,0.019044261127616542,0,0
1085,9,0.0015686371930735208,0,0
1085,10,0.0014014328873027848,0,0
1085,11,0.0066298182847055265,0,0
1085,12,0.0016126386264729107,0,0
1085,13,0.043807049069909544,0,0
1086,1,0.028987976601968075,0,0
1086,2,0.002668161602789019,0,0
1086,3,0.001597094538068145,0,0
1086,4,0.002711663270569461,0,0
1086,5,0.024997135455082697,0,0
1086,6,0.08986015323740895,0,0
1086,7,0.007457021649655701,0,0
1086,8,0.0011752368027586769,0,0
1086,9,0.0009458886051675272,0,0
1086,10,0.0016703386748891903,0,0
1086,11,0.03675702917926573,0,0
1086,12,0.9928781826512619,1,1
1086,13,0.2754794221884631,0,0
1087,1,0.03061331367806041,0,0
1087,2,0.006261891608628177,0,0
1087,3,0.004928275853047144,0,0
1087,4,0.030226203690024264,0,0
1087,5,0.05327950831030269,0,0
1087,6,0.0654084136323035,0,0
1087,7,0.0009550204007137304,0,0
1087,8,0.043004067012481766,0,0
1087,9,0.0035750823821838365,0,0
1087,10,0.07675472910250085,0,0
1087,11,0.009507642006887355,0,0
1087,12,0.9863135524252048,1,1
1087,13,0.38423356028194633,1,0
1088,1,0.5304187646692444,0,1
1088,2,0.5980101845448818,0,1
1088,3,0.05304635678898777,0,0
1088,4,0.017651524136796014,0,0
1088,5,0.21314685462771085,0,0
1088,6,0.034382586012476894,0,0
1088,7,0.004572604184984674,0,0
1088,8,0.727206394151229,0,1
1088,9,0.054642546931295936,0,0
1088,10,0.0023163609762261524,0,0
1088,11,0.0028554033536740235,0,0
1088,12,0.002184081629422722,0,0
1088,13,0.03354342175182169,0,0
1089,1,0.9708018042233467,1,1
1089,2,0.996200799710169,1,1
1089,3,0.23461860327379014,0,0
1089,4,0.25880473366982715,0,0
1089,5,0.16647658821181102,0,0
1089,6,0.017094626942543874,0,0
1089,7,0.0029973209734316265,0,0
1089,8,0.0004757489520646861,0,0
1089,9,0.018689456186553776,0,0
1089,10,0.00675643327842578,0,0
1089,11,0.025962800442473975,0,0
1089,12,0.13459154298398934,0,0
1089,13,0.017588263557781172,0,0
1090,1,0.26230156059124626,0,0
1090,2,0.023394210429478215,0,0
1090,3,0.0006191936367356117,0,0
1090,4,0.008476176388626844,0,0
1090,5,0.005192880958244434,0,0
1090,6,0.0004267862785550657,0,0
1090,7,0.00639295291119228,0,0
1090,8,0.8819528503740311,1,1
1090,9,0.9970273547438099,1,1
1090,10,0.9999992327205739,1,1
1090,11,0.9873560382083084,1,1
1090,12,0.9999836681118802,1,1
1090,13,0.27598363741434456,0,0
1091,1,0.9671980858667888,1,1
1091,2,0.9999980337927167,1,1
1091,3,0.9999755854087259,1,1
1091,4,0.6022091674106557,0,1
1091,5,0.20580644395281097,0,0
1091,6,0.1160891680464167,0,0
1091,7,0.004794150316030374,0,0
1091,8,0.004869909063597992,0,0
1091,9,0.007087380274789707,0,0
1091,10,0.026165523299180208,0,0
1091,11,0.022737442223495156,0,0
1091,12,0.0047730303730243685,0,0
1091,13,0.00769311721682257,0,0
1092,1,0.049365810722173054,0,0
1092,2,0.019702928305415285,0,0
1092,3,0.0166760082224973,0,0
1092,4,0.0011339675453722118,0,0
1092,5,0.09466750852539904,0,0
1092,6,0.007913622291389562,0,0
1092,7,0.003068952890158736,0,0
1092,8,0.0009681851589619945,0,0
1092,9,0.0015604814108561259,0,0
1092,10,0.005842602031490481,0,0
1092,11,0.058019364896617125,0,0
1092,12,0.056487347736482355,0,0
1092,13,0.06868484831176778,0,0
1093,1,0.004247255115635825,0,0
1093,2,0.0016531748544849935,0,0
1093,3,0.017863344646234465,0,0
1093,4,0.016663019537378445,0,0
1093,5,0.019643996069686726,0,0
1093,6,0.007078102958337786,0,0
1093,7,0.0060451496222513395,0,0
1093,8,0.007675655274750074,0,0
1093,9,0.13695961618827218,0,0
1093,10,0.003213052038378564,0,0
1093,11,0.05115953528631701,0,0
1093,12,0.008329626230183648,0,0
1093,13,0.004200349335893091,0,0
1094,1,0.16069282533425677,0,0
1094,2,0.013778288839813961,0,0
1094,3,0.002277396873950519,0,0
1094,4,0.06762824617885788,0,0
1094,5,0.00989305328543294,0,0
1094,6,0.014379583307219985,0,0
1094,7,0.0066197249027547915,0,0
1094,8,0.0034332101105112793,0,0
1094,9,0.01995490408642068,0,0
1094,10,0.001577169500026054,0,0
1094,11,0.000704555910070529,0,0
1094,12,0.005016031139143602,0,0
1094,13,0.00538833604248411,0,0
1095,1,0.43900876488646057,0,0
1095,2,0.08806103223046839,0,0
1095,3,0.2865892673345866,0,0
1095,4,0.1452970306839399,0,0
1095,5,0.9208242658872055,0,1
1095,6,0.11876887384820337,0,0
1095,7,0.06421834948725967,0,0
1095,8,0.0026655348059655064,0,0
1095,9,0.0005391120692796803,0,0
1095,10,0.01943772703619122,1,0
1095,11,0.4446095387842065,1,0
1095,12,0.993143543730136,1,1
1095,13,0.9996722676580831,1,1
1096,1,0.6736882575677635,1,1
1096,2,0.9976861075957745,1,1
1096,3,0.9877383637847741,1,1
1096,4,0.9791047300722299,1,1
1096,5,0.894703335757563,1,1
1096,6,0.9925556455917516,1,1
1096,7,0.04098572442262946,0,0
1096,8,0.001302767149181086,0,0
1096,9,0.013379678698617767,0,0
1096,10,0.0008021216928194847,0,0
1096,11,0.0012087832577017002,0,0
1096,12,0.019014130390844177,0,0
1096,13,0.014226030870336739,0,0
1097,1,0.019867003026672905,0,0
1097,2,0.08939628592606542,0,0
1097,3,0.049377092798265854,0,0
1097,4,0.009380316216622608,0,0
1097,5,0.0018902572702205974,0,0
1097,6,0.5343600684054276,1,1
1097,7,0.99970324761829,1,1
1097,8,0.251039832557385,0,0
1097,9,0.3980348711454815,0,0
1097,10,0.04375818107479964,0,0
1097,11,0.22624525449296348,0,0
1097,12,0.06676717206810008,0,0
1097,13,0.0045762854182787365,0,0
1098,1,0.0300795801503364,0,0
1098,2,0.018349099818031855,0,0
1098,3,0.004755786780907931,0,0
1098,4,0.0014961965760003962,0,0
1098,5,0.011859356810681662,0,0
1098,6,0.002973660648021899,0,0
1098,7,0.006956723510140147,0,0
1098,8,0.0032477264789171193,0,0
1098,9,0.001992431508609698,0,0
1098,10,0.0052721271283440035,0,0
1098,11,0.00064325488854561,0,0
1098,12,0.0037176158982650974,0,0
1098,13,0.0028860787900543317,0,0
1099,1,0.9996622103647016,1,1
1099,2,0.9958243826504077,1,1
1099,3,0.15309029905763033,0,0
1099,4,0.02883328176357408,1,0
1099,5,0.5069087370334852,1,1
1099,6,0.05794783908800009,1,0
1099,7,0.28441633386795173,1,0
1099,8,0.009082701432277074,0,0
1099,9,0.0005799028997891074,0,0
1099,10,0.012032399791130317,0,0
1099,11,0.17906812967702562,1,0
1099,12,0.017851685151504617,0,0
1099,13,0.0029965663266891267,0,0
1100,1,0.033976499837861614,1,0
1100,2,0.9959404688227831,1,1
1100,3,0.9949130293616479,1,1
1100,4,0.9618484934086894,1,1
1100,5,0.9896168377537575,1,1
1100,6,0.9997499896386959,1,1
1100,7,0.9998775939451149,1,1
1100,8,0.9973374332538475,1,1
1100,9,0.9905394814348989,1,1
1100,10,0.9967977470630289,1,1
1100,11,0.9978767321535515,1,1
1100,12,0.9959713920140453,1,1
1100,13,0.9995976393095667,1,1
1101,1,0.006663034579196197,0,0
1101,2,0.0010497083249141716,0,0
1101,3,0.023565687090082443,0,0
1101,4,0.014037071062082912,0,0
1101,5,0.004308353770825394,0,0
1101,6,0.003548123042001773,0,0
1101,7,0.002461257640939602,0,0
1101,8,0.0017182162811420444,0,0
1101,9,0.003849226808888858,0,0
1101,10,0.006376617319782668,0,0
1101,11,0.0055829469122084825,0,0
1101,12,0.0038992689226444847,0,0
1101,13,0.0031032024614742284,0,0
1102,1,0.036482757769020324,0,0
1102,2,0.03431310777969401,0,0
1102,3,0.033052067687590274,0,0
1102,4,0.03671549927756115,0,0
1102,5,0.10311995411338651,0,0
1102,6,0.11310728373877979,0,0
1102,7,0.046164900532052695,0,0
1102,8,0.009272351527261724,0,0
1102,9,0.011971067499643492,0,0
1102,10,0.023988848995240005,0,0
1102,11,0.0014742893806067513,0,0
1102,12,0.39042879397278546,1,0
1102,13,0.8562060619910916,1,1
1103,1,0.017330392201224697,0,0
1103,2,0.0007639185991791888,0,0
1103,3,0.0011010410548818364,0,0
1103,4,0.04663439473611894,0,0
1103,5,0.002388770047197392,0,0
1103,6,0.005218313029592168,0,0
1103,7,0.02379779978585724,0,0
1103,8,0.01874082973872827,0,0
1103,9,0.0008594225204142742,0,0
1103,10,0.8180638965259232,1,1
1103,11,0.9998218095270109,1,1
1103,12,0.9981649791561606,1,1
1103,13,0.9995911631399761,1,1
1104,1,0.4329992799933261,1,0
1104,2,0.03906490625070433,0,0
1104,3,0.029109215123750882,0,0
1104,4,0.023858742547290812,0,0
1104,5,0.8098054665861132,1,1
1104,6,0.5216502518851261,1,1
1104,7,0.9926984843467407,1,1
1104,8,0.9999768115003442,1,1
1104,9,0.9964561822456192,1,1
1104,10,0.9238870605204245,1,1
1104,11,0.9999542121848198,1,1
1104,12,0.9998820273015708,1,1
1104,13,0.9947832433585259,1,1
1105,1,0.2538568649286813,0,0
1105,2,0.014532230691668393,0,0
1105,3,0.0019600740222214565,0,0
1105,4,0.009489033569811707,0,0
1105,5,0.9802547064946561,1,1
1105,6,0.7643210452948227,1,1
1105,7,0.7792185156954198,1,1
1105,8,0.9952398866827119,1,1
1105,9,0.8953593718482604,1,1
1105,10,0.9985059822032176,1,1
1105,11,0.9606020738421458,1,1
1105,12,0.9443718373876819,1,1
1105,13,0.9491628989024204,1,1
1106,1,0.009954191061944387,0,0
1106,2,0.028798005364450978,0,0
1106,3,0.022077827617179635,0,0
1106,4,0.024737506146394406,0,0
1106,5,0.8960191859229378,1,1
1106,6,0.9970861323379964,1,1
1106,7,0.9987996642923581,1,1
1106,8,0.9989298520755032,1,1
1106,9,0.999990674544877,1,1
1106,10,0.9993704375492591,1,1
1106,11,0.14814108173818422,0,0
1106,12,0.0222589806124358,0,0
1106,13,0.2763843884364167,0,0
1107,1,0.015037081445199002,0,0
1107,2,0.002906440273435452,0,0
1107,3,0.01411051017038316,0,0
1107,4,0.05785527528439147,0,0
1107,5,0.02311374107792818,0,0
1107,6,0.0010716605153525266,0,0
1107,7,0.03738534743635095,0,0
1107,8,0.01709090412176939,0,0
1107,9,0.012373088610221999,0,0
1107,10,0.0028830842291057415,0,0
1107,11,0.08470538032381472,0,0
1107,12,0.007601342712702703,0,0
1107,13,0.12014923706728454,0,0
1108,1,0.01008337166182366,0,0
1108,2,0.0011514658333681065,0,0
1108,3,0.003553739673364591,0,0
1108,4,0.0035054378627303756,0,0
1108,5,0.03084963938252404,0,0
1108,6,0.03764596573582617,0,0
1108,7,0.016875615746107075,0,0
1108,8,0.009065798458459841,0,0
1108,9,0.12141304484433868,1,0
1108,10,0.773387256752439,1,1
1108,11,0.2680752092785291,0,0
1108,12,0.17390922453586422,0,0
1108,13,0.14800781894466156,0,0
1109,1,0.9997349970469299,1,1
1109,2,0.9771572594556059,1,1
1109,3,0.9137185746983705,1,1
1109,4,0.9996454316287657,1,1
1109,5,0.8013757602044473,1,1
1109,6,0.995252321995158,1,1
1109,7,0.9994932334083975,1,1
1109,8,0.96973695237355,1,1
1109,9,0.9642708205570785,1,1
1109,10,0.9996322118600849,1,1
1109,11,0.9996110048243542,1,1
1109,12,0.9907111720038095,1,1
1109,13,0.8122458021646976,1,1
1110,1,0.11572220785665664,0,0
1110,2,0.0063872255114584406,0,0
1110,3,0.006128792547899407,0,0
1110,4,0.05546033120806043,0,0
1110,5,0.005759885847006344,0,0
1110,6,0.0027973150632250605,0,0
1110,7,0.002964407399396715,0,0
1110,8,0.0263177146668544,0,0
1110,9,0.005528910997819857,0,0
1110,10,0.03277740531308381,0,0
1110,11,0.007770631200038746,0,0
1110,12,0.025054970229501504,0,0
1110,13,0.0284940253575865,0,0
1111,1,0.010349539011119298,0,0
1111,2,0.6547930326559444,0,1
1111,3,0.4883589866168037,0,0
1111,4,0.3593278812558931,0,0
1111,5,0.12605410022091193,0,0
1111,6,0.021139689327975542,0,0
1111,7,0.0014162166792275976,0,0
1111,8,0.05907903049500076,0,0
1111,9,0.0009738804007891804,0,0
1111,10,0.006302604911567445,0,0
1111,11,0.030748297844022218,0,0
1111,12,0.022636807919579328,0,0
1111,13,0.048868235935765655,0,0
1112,1,0.042179038156733364,0,0
1112,2,0.0009207950007200851,0,0
1112,3,0.0007178840348266622,0,0
1112,4,0.0010823999204472709,0,0
1112,5,0.17124800263933468,0,0
1112,6,0.04235021660461963,0,0
1112,7,0.0445999319651862,0,0
1112,8,0.9964103787042753,1,1
1112,9,0.9987489639947669,1,1
1112,10,0.9775010840672183,1,1
1112,11,0.9999953591535948,1,1
1112,12,0.9999982052244077,1,1
1112,13,0.9964715973808951,1,1
1113,1,0.005526918307604958,0,0
1113,2,0.02868401928063663,0,0
1113,3,0.0037581804820760165,0,0
1113,4,0.11549924695216791,0,0
1113,5,0.03904908975215417,0,0
1113,6,0.07299566001970823,0,0
1113,7,0.006249990917369959,0,0
1113,8,0.0015474855155327629,0,0
1113,9,0.06335615279229424,0,0
1113,10,0.060443788182055036,0,0
1113,11,0.12497024087168855,0,0
1113,12,0.11203428604914249,0,0
1113,13,0.019162085112853208,0,0
1114,1,0.12860037243802486,0,0
1114,2,0.007161606446265671,0,0
1114,3,0.011027018425271744,0,0
1114,4,0.0032281723913233505,0,0
1114,5,0.007300845763684352,0,0
1114,6,0.05039958516195862,0,0
1114,7,0.7988087652026077,1,1
1114,8,0.7837659484819628,1,1
1114,9,0.9515811675599641,1,1
1114,10,0.08750456850329895,0,0
1114,11,0.03409231307480971,0,0
1114,12,0.15889756460274568,0,0
1114,13,0.016589549414592095,0,0
1115,1,0.047570443380108976,0,0
1115,2,0.0014845507353624012,0,0
1115,3,0.027528908671187867,0,0
1115,4,0.010155209265664702,0,0
1115,5,0.0017420649972233508,0,0
1115,6,0.00973910888258672,0,0
1115,7,0.009208433089721635,0,0
1115,8,0.08654074561924935,0,0
1115,9,0.0017559305380391943,0,0
1115,10,0.006097766063982165,0,0
1115,11,0.0038788832337154112,0,0
1115,12,0.0005562286808368413,0,0
1115,13,0.005324128274053052,0,0
1116,1,0.006817652310521636,0,0
1116,2,0.005890052938775776,0,0
1116,3,0.0007420239478784644,0,0
1116,4,0.01922064443580996,0,0
1116,5,0.016927554584231518,0,0
1116,6,0.0013707709671679244,0,0
1116,7,0.02215432157510495,0,0
1116,8,0.00463520414277878,0,0
1116,9,0.0014529292036140004,0,0
1116,10,0.005413217716640061,0,0
1116,11,0.0021334896288271016,0,0
1116,12,0.19629862276681484,0,0
1116,13,0.12345351555563373,0,0
1117,1,0.6737849906133965,1,1
1117,2,0.11271290018379719,0,0
1117,3,0.12327275519212703,0,0
1117,4,0.007825294947746322,0,0
1117,5,0.00974990855561004,0,0
1117,6,0.011549934939434655,0,0
1117,7,0.03313605391891105,0,0
1117,8,0.004092007569301642,0,0
1117,9,0.004943522833818007,0,0
1117,10,0.0007720204458314941,0,0
1117,11,0.00412808658613688,0,0
1117,12,0.008869894055024655,0,0
1117,13,0.002446248926514287,0,0
1118,1,0.0037270396111768514,0,0
1118,2,0.001747055614916122,0,0
1118,3,0.0010661418022402949,0,0
1118,4,0.9766241441542998,1,1
1118,5,0.9982643590858539,1,1
1118,6,0.04534098141389475,0,0
1118,7,0.007786068009055872,0,0
1118,8,0.007714496941830931,0,0
1118,9,0.0938963218802885,0,0
1118,10,0.06852644331668654,0,0
1118,11,0.016533477121340016,0,0
1118,12,0.013348781683706897,0,0
1118,13,0.002812388446082837,0,0
1119,1,0.008519719159616752,0,0
1119,2,0.00782804319553321,0,0
1119,3,0.9643905316511696,1,1
1119,4,0.9599701305907454,1,1
1119,5,0.1730443206340904,0,0
1119,6,0.048785684164252,0,0
1119,7,0.030049024472847213,0,0
1119,8,0.43406807882889364,0,0
1119,9,0.03689779941858417,0,0
1119,10,0.005691859763597427,0,0
1119,11,0.24262141758561753,0,0
1119,12,0.08383674454591993,0,0
1119,13,0.008691910923160502,0,0
1120,1,0.0546047460829857,0,0
1120,2,0.006523925240319814,0,0
1120,3,0.00321716491111859,0,0
1120,4,0.002890849650239296,0,0
1120,5,0.002291655703395137,0,0
1120,6,0.009365212907050346,0,0
1120,7,0.011690130645599846,0,0
1120,8,0.0017346185036556207,0,0
1120,9,0.002618360900201433,0,0
1120,10,0.00188837805401873,0,0
1120,11,0.0054255534816861975,0,0
1120,12,0.29912731416352606,1,0
1120,13,0.8464866562893784,1,1
1121,1,0.9194238485090241,1,1
1121,2,0.6920283046111144,1,1
1121,3,0.01978535050930232,0,0
1121,4,0.01822377401074765,0,0
1121,5,0.021092713394344244,0,0
1121,6,0.004687516045144457,0,0
1121,7,0.0941088258567293,0,0
1121,8,0.8333257795749878,1,1
1121,9,0.9999977600428225,1,1
1121,10,0.9999929719677869,1,1
1121,11,0.5765081014544895,1,1
1121,12,0.9286390233275212,1,1
1121,13,0.9966300223604888,1,1
1122,1,0.8490009486595304,0,1
1122,2,0.6248081605582467,0,1
1122,3,0.009325135657761274,0,0
1122,4,0.0016034295076438603,0,0
1122,5,0.00821927422531562,0,0
1122,6,0.0047707077209850806,0,0
1122,7,0.002428432288151203,0,0
1122,8,0.01882137636402333,0,0
1122,9,0.0026837254102877583,0,0
1122,10,0.9971954318008844,1,1
1122,11,0.9996825546966898,1,1
1122,12,0.07329789131595733,0,0
1122,13,0.0015663217669855923,0,0
1123,1,0.09478027681574415,0,0
1123,2,0.05177498392794567,1,0
1123,3,0.9987569827190885,1,1
1123,4,0.9998597183568197,1,1
1123,5,0.921402115624968,1,1
1123,6,0.9999703686850868,1,1
1123,7,0.9983646781503732,1,1
1123,8,0.9998632303745727,1,1
1123,9,0.1426801328520964,0,0
1123,10,0.001103568104321862,0,0
1123,11,0.26467682229435807,0,0
1123,12,0.05970859283514391,0,0
1123,13,0.002895398438855857,0,0
1124,1,0.2139932932571105,0,0
1124,2,0.00973567871316543,0,0
1124,3,0.0025810063974445433,0,0
1124,4,0.007832196775574857,0,0
1124,5,0.16047736459130568,1,0
1124,6,0.025438306724868423,1,0
1124,7,0.017445308299710374,1,0
1124,8,0.3394288416543877,1,0
1124,9,0.0796635691059493,1,0
1124,10,0.7962887003138569,1,1
1124,11,0.03783558997824614,0,0
1124,12,0.001543710910849473,0,0
1124,13,0.005068827589275791,0,0
1125,1,0.3176948511305739,0,0
1125,2,0.004516708103632513,0,0
1125,3,0.057113519496040065,0,0
1125,4,0.004994513107615956,0,0
1125,5,0.9805543640561948,1,1
1125,6,0.9471864442381701,1,1
1125,7,0.9996450918906906,1,1
1125,8,0.8225640855408761,1,1
1125,9,0.9985070563566939,1,1
1125,10,0.9805417971505452,1,1
1125,11,0.9675183611144114,1,1
1125,12,0.23300409557439872,1,0
1125,13,0.4858072670165782,1,0
1126,1,0.014185869153730036,0,0
1126,2,0.005519848442028059,0,0
1126,3,0.002839516298142602,0,0
1126,4,0.033679472824991154,0,0
1126,5,0.0385826934015331,0,0
1126,6,0.02165502207645794,0,0
1126,7,0.002511680057156637,0,0
1126,8,0.002572249897925135,0,0
1126,9,0.003954015283238133,0,0
1126,10,0.014589970785652995,0,0
1126,11,0.12252143193750752,1,0
1126,12,0.987631971646406,1,1
1126,13,0.968998807985663,1,1
1127,1,0.00368964543921206,0,0
1127,2,0.0012611174291052125,0,0
1127,3,0.012390600681455127,0,0
1127,4,0.0036076645443961683,0,0
1127,5,0.007692674128578295,0,0
1127,6,0.12882953451289986,0,0
1127,7,0.999807460909619,1,1
1127,8,0.9996337815034089,1,1
1127,9,0.9993226696492516,1,1
1127,10,0.6413805828639497,1,1
1127,11,0.3152598311687557,0,0
1127,12,0.01858845100962045,0,0
1127,13,0.016049900873781782,0,0
1128,1,0.07327379212451345,0,0
1128,2,0.04052785824362033,0,0
1128,3,0.003068145477581101,0,0
1128,4,0.002869750156628259,0,0
1128,5,0.0020599336720341127,0,0
1128,6,0.9194442343354425,1,1
1128,7,0.38985869619644026,0,0
1128,8,0.0174307172414402,0,0
1128,9,0.010141075725239364,0,0
1128,10,0.03261745262939528,0,0
1128,11,0.20707606986983734,0,0
1128,12,0.011695138895969204,0,0
1128,13,0.4798570152473217,1,0
1129,1,0.0160357915496582,0,0
1129,2,0.05839465232076313,1,0
1129,3,0.5111204490254456,1,1
1129,4,0.7933291543401901,1,1
1129,5,0.9999993449813558,1,1
1129,6,0.9977363662795234,1,1
1129,7,0.9868419835779342,1,1
1129,8,0.8851636578532659,1,1
1129,9,0.5766213922064566,1,1
1129,10,0.6408383007817572,1,1
1129,11,0.14025452372368286,1,0
1129,12,0.042247502721506326,0,0
1129,13,0.13283844868169215,0,0
1130,1,0.07133772133566144,0,0
1130,2,0.8868143048240551,1,1
1130,3,0.9664409301129244,1,1
1130,4,0.8796036806513192,1,1
1130,5,0.9195761704864581,1,1
1130,6,0.99297430233795,1,1
1130,7,0.9973308072844281,1,1
1130,8,0.9999813927505027,1,1
1130,9,0.9997123286001751,1,1
1130,10,0.9923133293995632,1,1
1130,11,0.8353546115544253,1,1
1130,12,0.9999166680320004,1,1
1130,13,0.9975862062543799,1,1
1131,1,0.03023693973880159,0,0
1131,2,0.03509296629839234,0,0
1131,3,0.006471002216057019,0,0
1131,4,0.009846636469247253,0,0
1131,5,0.8442304601666637,1,1
1131,6,0.956925409982692,1,1
1131,7,0.3071295820060421,1,0
1131,8,0.9992394508724514,1,1
1131,9,0.9337600548818462,1,1
1131,10,0.9902627212246041,1,1
1131,11,0.31795628735678,0,0
1131,12,0.008270668655233385,0,0
1131,13,0.06590773449035425,0,0
1132,1,0.05399106687328682,0,0
1132,2,0.006691079869086067,0,0
1132,3,0.001119520028010996,0,0
1132,4,0.0055613605718114875,0,0
1132,5,0.14355768556828905,0,0
1132,6,0.020539230920702135,0,0
1132,7,0.0034416076626637405,0,0
1132,8,0.015594248611555865,0,0
1132,9,0.0017817232122058432,0,0
1132,10,0.04206509471284071,1,0
1132,11,0.25784177361598853,1,0
1132,12,0.999527348366851,1,1
1132,13,0.7236635634796481,1,1
1133,1,0.01850662233461471,0,0
1133,2,0.007857730991064859,0,0
1133,3,0.08199338517737721,0,0
1133,4,0.016431929294447672,0,0
1133,5,0.0029293092251991355,0,0
1133,6,0.03778859467173105,0,0
1133,7,0.018152780779149877,0,0
1133,8,0.19372842815406793,0,0
1133,9,0.9893803101735035,1,1
1133,10,0.999109333891788,1,1
1133,11,0.9999472781053288,1,1
1133,12,0.11961611457903736,0,0
1133,13,0.0008990514066162218,0,0
1134,1,0.7958134211012983,1,1
1134,2,0.9681657345312559,1,1
1134,3,0.9438143012977676,1,1
1134,4,0.9980123700027651,1,1
1134,5,0.9999942358291483,1,1
1134,6,0.7223233878028216,1,1
1134,7,0.9957369198465094,1,1
1134,8,0.9908642014388532,1,1
1134,9,0.8671628044075975,1,1
1134,10,0.9958909313219151,1,1
1134,11,0.9974418173389932,1,1
1134,12,0.9999913839901481,1,1
1134,13,0.9685541040456968,1,1
1135,1,0.09534985903600166,0,0
1135,2,0.0025809534517625323,0,0
1135,3,0.0017522011839618947,0,0
1135,4,0.0597924026786448,0,0
1135,5,0.0018108356258160559,0,0
1135,6,0.00238015174142392,0,0
1135,7,0.011682839912901467,0,0
1135,8,0.002426940156667349,0,0
1135,9,0.0035847122482409706,0,0
1135,10,0.033623828090086946,0,0
1135,11,0.030380332192545906,0,0
1135,12,0.014927074988011447,0,0
1135,13,0.04365930833892786,0,0
1136,1,0.018292508666390712,0,0
1136,2,0.010918074013097981,0,0
1136,3,0.0013336558764113096,0,0
1136,4,0.002421793624892257,0,0
1136,5,0.002382366812590453,0,0
1136,6,0.008301891760759877,0,0
1136,7,0.13872482117752988,0,0
1136,8,0.013455272400461944,0,0
1136,9,0.39615087413267297,1,0
1136,10,0.16414608939076078,0,0
1136,11,0.03997304507369909,0,0
1136,12,0.02195158528630188,0,0
1136,13,0.0006027636979732811,0,0
1137,1,0.0061127938087360625,0,0
1137,2,0.002514909414495985,0,0
1137,3,0.0024920717860827373,0,0
1137,4,0.011434443966694992,0,0
1137,5,0.642062386252213,1,1
1137,6,0.0405818770864984,0,0
1137,7,0.002016066852610035,0,0
1137,8,0.005379703538553418,0,0
1137,9,0.008792199839630132,0,0
1137,10,0.001214683107328243,0,0
1137,11,0.002634540090262846,0,0
1137,12,0.004275132400248134,0,0
1137,13,0.0029351991069389177,0,0
1138,1,0.940375565832292,0,1
1138,2,0.030284122694425965,0,0
1138,3,0.049851814612014884,0,0
1138,4,0.004904549603005843,0,0
1138,5,0.25374969620724885,0,0
1138,6,0.015555443617816182,0,0
1138,7,0.04344921190978781,0,0
1138,8,0.055722290872854324,0,0
1138,9,0.03885306706495605,1,0
1138,10,0.9769099445571171,1,1
1138,11,0.8105139753207753,1,1
1138,12,0.9360770082510694,1,1
1138,13,0.9805301134188564,1,1
1139,1,0.9661450875869948,1,1
1139,2,0.9994132752012236,1,1
1139,3,0.13768966873470564,0,0
1139,4,0.0015143557675335244,0,0
1139,5,0.011051377822836515,0,0
1139,6,0.003676200731029995,0,0
1139,7,0.002438061854852931,0,0
1139,8,0.00275786739488064,0,0
1139,9,0.0023642101398043546,0,0
1139,10,0.15753555092349136,0,0
1139,11,0.5480839917019292,0,1
1139,12,0.009143895014835396,0,0
1139,13,0.001893091817526663,0,0
1140,1,0.17707364154181182,0,0
1140,2,0.013347857813131449,0,0
1140,3,0.28894690106056703,0,0
1140,4,0.5179844975378862,1,1
1140,5,0.9999274158143726,1,1
1140,6,0.9999808337869751,1,1
1140,7,0.6245397231125924,0,1
1140,8,0.1522276516317064,0,0
1140,9,0.005673376853997602,0,0
1140,10,0.011352439398949263,0,0
1140,11,0.03675003319510279,0,0
1140,12,0.012097374695540362,0,0
1140,13,0.0018307674186964192,0,0
1141,1,0.005127499968243768,0,0
1141,2,0.0009049295054830665,0,0
1141,3,0.0017369656830074126,0,0
1141,4,0.0015487076860574642,0,0
1141,5,0.003154664914440016,0,0
1141,6,0.0004327200794627054,0,0
1141,7,0.0016585342727600569,0,0
1141,8,0.9997917567806406,1,1
1141,9,0.9966005226240485,1,1
1141,10,0.9981939285571639,1,1
1141,11,0.9980184344493873,1,1
1141,12,0.8524023628804952,1,1
1141,13,0.9669424818096763,1,1
1142,1,0.006176598804806287,0,0
1142,2,0.004163528300787211,0,0
1142,3,0.007785449073551946,0,0
1142,4,0.0016011862855494455,0,0
1142,5,0.0016015265131902436,0,0
1142,6,0.004559130487333452,0,0
1142,7,0.03428873753071653,0,0
1142,8,0.7174267767332336,0,1
1142,9,0.5190034148185753,0,1
1142,10,0.9870004090759884,1,1
1142,11,0.9999638894243942,1,1
1142,12,0.9980006684682129,1,1
1142,13,0.938626936630738,1,1
1143,1,0.16855572683097877,0,0
1143,2,0.005025938790827391,0,0
1143,3,0.9126831831924426,1,1
1143,4,0.6567639878126735,0,1
1143,5,0.0892152649965432,0,0
1143,6,0.003964214739700564,0,0
1143,7,0.013004986012775777,0,0
1143,8,0.00323840116265189,0,0
1143,9,0.0032305692912802304,0,0
1143,10,0.015407445194633973,0,0
1143,11,0.008949544789780365,0,0
1143,12,0.00032181374521332297,0,0
1143,13,0.013028004222242208,0,0
1144,1,0.0036210664564203755,0,0
1144,2,0.0012067831698647127,0,0
1144,3,0.0004725540244697619,0,0
1144,4,0.0050646243043763915,0,0
1144,5,0.0033436902362590326,0,0
1144,6,0.00043312541464857977,0,0
1144,7,0.0005858405864987827,0,0
1144,8,0.007198331232478981,0,0
1144,9,0.009633530955172527,0,0
1144,10,0.0009266808989921617,0,0
1144,11,0.0003383525229961045,0,0
1144,12,0.0011424506819129085,0,0
1144,13,0.010288761149190343,0,0
1145,1,0.08196936657080588,0,0
1145,2,0.10418056294304992,0,0
1145,3,0.40711876473497044,1,0
1145,4,0.9872695900295383,1,1
1145,5,0.9672127194102069,1,1
1145,6,0.9971051187537359,1,1
1145,7,0.9909071744973601,1,1
1145,8,0.9992376570468876,1,1
1145,9,0.9805614085919253,1,1
1145,10,0.2018280492376809,0,0
1145,11,0.01213298719740298,0,0
1145,12,0.0018038827031204318,0,0
1145,13,0.03862049356357048,0,0
1146,1,0.009975438805509437,0,0
1146,2,0.011825933050792074,0,0
1146,3,0.018818056167751528,0,0
1146,4,0.007104669838536037,0,0
1146,5,0.006946743427123451,0,0
1146,6,0.07786437442815534,0,0
1146,7,0.04036455470342851,0,0
1146,8,0.053864561323525115,0,0
1146,9,0.02201226617900596,0,0
1146,10,0.0005753222488702752,0,0
1146,11,0.998078707218562,1,1
1146,12,0.6676570699423107,1,1
1146,13,0.9963486807344247,1,1
1147,1,0.9970171694401571,1,1
1147,2,0.9995758956037969,1,1
1147,3,0.9993894009217973,1,1
1147,4,0.7912887486062405,1,1
1147,5,0.926021284898119,1,1
1147,6,0.6809852672297289,1,1
1147,7,0.9999606037789894,1,1
1147,8,0.9807332823442627,1,1
1147,9,0.9996419968076589,1,1
1147,10,0.8702789326708866,1,1
1147,11,0.999951433346393,1,1
1147,12,0.9996809968151197,1,1
1147,13,0.9997479842056782,0,1
1148,1,0.002791147067762763,0,0
1148,2,0.03025425534018254,0,0
1148,3,0.028896559405918062,0,0
1148,4,0.009558205845260626,0,0
1148,5,0.0008220469085197483,0,0
1148,6,0.006056498758705019,0,0
1148,7,0.004623303928136599,0,0
1148,8,0.013961556329245796,0,0
1148,9,0.0010193828101533993,0,0
1148,10,0.0032257724161499327,0,0
1148,11,0.005877364275522198,0,0
1148,12,0.0018392349600135634,0,0
1148,13,0.007438706179242803,0,0
1149,1,0.07972431612367048,0,0
1149,2,0.004285578940196999,0,0
1149,3,0.03773223016748972,0,0
1149,4,0.003959825174421749,0,0
1149,5,0.0032631659904457035,0,0
1149,6,0.4150633051183209,1,0
1149,7,0.9960532127852466,1,1
1149,8,0.553420444617887,0,1
1149,9,0.2538352503885707,0,0
1149,10,0.05824588851858207,0,0
1149,11,0.11678877587257672,0,0
1149,12,0.007776005606317409,0,0
1149,13,0.017494529790103838,0,0
1150,1,0.027488014749096183,0,0
1150,2,0.1109021869690178,1,0
1150,3,0.029685498906588528,1,0
1150,4,0.0016927043167018966,0,0
1150,5,0.0016037382103153306,0,0
1150,6,0.010969938844967757,0,0
1150,7,0.060370823845859636,0,0
1150,8,0.03939173319773407,1,0
1150,9,0.9935792511330447,1,1
1150,10,0.9856079289240935,1,1
1150,11,0.9565631933628105,0,1
1150,12,0.7439874069875875,0,1
1150,13,0.04878937811642063,0,0
1151,1,0.995488575814732,1,1
1151,2,0.901186827796533,1,1
1151,3,0.767053020569467,1,1
1151,4,0.7092563010479921,0,1
1151,5,0.9999398657642085,1,1
1151,6,0.17390477209349195,0,0
1151,7,0.0055623920745392005,0,0
1151,8,0.002309498562320424,0,0
1151,9,0.0225091483198693,0,0
1151,10,0.02160719968715388,0,0
1151,11,0.01006701653590841,0,0
1151,12,0.008958700371305198,0,0
1151,13,0.0004057637894434244,0,0
1152,1,0.026130699640572477,0,0
1152,2,0.0008113047377182893,0,0
1152,3,0.0014162499663786423,0,0
1152,4,0.001393355122568457,0,0
1152,5,0.0004904914693241374,0,0
1152,6,0.02320254898272522,0,0
1152,7,0.0686979409653254,0,0
1152,8,0.006412139913001053,0,0
1152,9,0.027534805991363515,0,0
1152,10,0.0027418274330205305,0,0
1152,11,0.002473445314587948,0,0
1152,12,0.0034815862944419067,0,0
1152,13,0.0020163092516044885,0,0
1153,1,0.9941027796099966,1,1
1153,2,0.517073346626269,0,1
1153,3,0.0472190508775362,0,0
1153,4,0.0021376395467111245,0,0
1153,5,0.008373244337608962,0,0
1153,6,0.0006598250791528634,0,0
1153,7,0.006510965528831022,0,0
1153,8,0.009977700160280704,0,0
1153,9,0.0032357263666123893,0,0
1153,10,0.6788447338064022,1,1
1153,11,0.9999917323725928,1,1
1153,12,0.9999986351587334,1,1
1153,13,0.6337707424901768,0,1
1154,1,0.9812177325085026,0,1
1154,2,0.5243859897581755,0,1
1154,3,0.10090518853272674,1,0
1154,4,0.9995306652904569,1,1
1154,5,0.9988195269209966,1,1
1154,6,0.9725338430363669,1,1
1154,7,0.9977814445233993,1,1
1154,8,0.44895693624013044,0,0
1154,9,0.10295423924202932,0,0
1154,10,0.007969739961159633,0,0
1154,11,0.0020472935112747846,0,0
1154,12,0.00047392790960140236,0,0
1154,13,0.15321743032014987,0,0
1155,1,0.026278884533582913,0,0
1155,2,0.024654802523870884,0,0
1155,3,0.25347817831834313,1,0
1155,4,0.9553467965486109,1,1
1155,5,0.9986837996602063,1,1
1155,6,0.48873188282617164,0,0
1155,7,0.03166252015744391,0,0
1155,8,0.03352795848532441,0,0
1155,9,0.00617237689528345,0,0
1155,10,0.009176866327905426,0,0
1155,11,0.006623093053904002,0,0
1155,12,0.010758636969403573,1,0
1155,13,0.009464579178657449,1,0
1156,1,0.6932868129591129,1,1
1156,2,0.4709118314720088,1,0
1156,3,0.9907764809907805,1,1
1156,4,0.9999994114559803,1,1
1156,5,0.9657885738317367,1,1
1156,6,0.997867618643116,1,1
1156,7,0.9356062436761157,1,1
1156,8,0.9998490620137128,1,1
1156,9,0.9987230294224787,1,1
1156,10,0.18807041151291806,0,0
1156,11,0.37549328205980803,0,0
1156,12,0.005487534665932508,0,0
1156,13,0.0034429974142903977,0,0
1157,1,0.038419408762035354,0,0
1157,2,0.03037953263577536,0,0
1157,3,0.004742097878822653,0,0
1157,4,0.00496507993685494,0,0
1157,5,0.0012405762506753062,0,0
1157,6,0.00098719466328873,0,0
1157,7,0.015694902322751014,0,0
1157,8,0.006210961169767899,0,0
1157,9,0.0009098811515943814,0,0
1157,10,0.0024063022488805146,0,0
1157,11,0.0010769770813170312,0,0
1157,12,0.009785566234772048,0,0
1157,13,0.0016885184194299172,0,0
1158,1,0.014558861836224886,0,0
1158,2,0.0023227291131359155,0,0
1158,3,0.002082083742719129,0,0
1158,4,0.037567826225316674,0,0
1158,5,0.001967983516121407,0,0
1158,6,0.0030303941893273425,0,0
1158,7,0.023976302860627356,0,0
1158,8,0.0024468231894677664,0,0
1158,9,0.0057324366876147755,0,0
1158,10,0.0009101315076053063,0,0
1158,11,0.010958417646778826,0,0
1158,12,0.0047455383760370545,0,0
1158,13,0.04153860810857677,0,0
1159,1,0.06919573282563621,0,0
1159,2,0.0406140083365508,0,0
1159,3,0.010797578852603847,0,0
1159,4,0.0018218990390929028,0,0
1159,5,0.0022004315328371256,0,0
1159,6,0.0015500567365443311,0,0
1159,7,0.0321386789395243,0,0
1159,8,0.001345145762368709,0,0
1159,9,0.3743632791199442,0,0
1159,10,0.1432942507445466,0,0
1159,11,0.015681358385036214,0,0
1159,12,0.008818894317101044,0,0
1159,13,0.006866096592896603,0,0
1160,1,0.18430374299426544,0,0
1160,2,0.008658043008982302,0,0
1160,3,0.1125607876034151,0,0
1160,4,0.015349258748584466,0,0
1160,5,0.002364579204251918,0,0
1160,6,0.013332516485093556,0,0
1160,7,0.00660074445092826,0,0
1160,8,0.004613002212014427,0,0
1160,9,0.0007118723444284566,0,0
1160,10,0.0008062431734704871,0,0
1160,11,0.1592747113384752,0,0
1160,12,0.004113045583518283,0,0
1160,13,0.0007873830341083729,0,0
1161,1,0.01993846021670364,0,0
1161,2,0.0036134443276263696,0,0
1161,3,0.03907413781519533,0,0
1161,4,0.05393824541240027,0,0
1161,5,0.007304081664633652,0,0
1161,6,0.018572168807011607,0,0
1161,7,0.004042204810621293,0,0
1161,8,0.0032584293242923406,0,0
1161,9,0.04468802002179938,0,0
1161,10,0.30285504202491687,1,0
1161,11,0.9947682045292042,1,1
1161,12,0.30842370268716973,1,0
1161,13,0.9996453057097806,1,1
1162,1,0.003207988620656025,0,0
1162,2,0.013190773011100804,0,0
1162,3,0.001970727936180677,0,0
1162,4,0.0042578803679610274,0,0
1162,5,0.015488965879133572,0,0
1162,6,0.0022285128112399925,0,0
1162,7,0.007124957472374028,0,0
1162,8,0.0009883029935566353,0,0
1162,9,0.0012419763493865409,0,0
1162,10,0.002642345355780119,0,0
1162,11,0.010787343668713702,0,0
1162,12,0.0006311384086415713,0,0
1162,13,0.004689739241858061,0,0
1163,1,0.013489876575798802,0,0
1163,2,0.01439949076256472,0,0
1163,3,0.014781508237077516,0,0
1163,4,0.07120038878344033,0,0
1163,5,0.02631794954239648,0,0
1163,6,0.0019136199373326434,0,0
1163,7,0.00042696271241033165,0,0
1163,8,0.012935734501239646,1,0
1163,9,0.28125675579198556,0,0
1163,10,0.7144104396500152,1,1
1163,11,0.5974905425970392,1,1
1163,12,0.19824279471008252,0,0
1163,13,0.06293887709724721,0,0
1164,1,0.015389636385352507,0,0
1164,2,0.01323386053620123,0,0
1164,3,0.01731044978019246,0,0
1164,4,0.031096413268024897,0,0
1164,5,0.0012949227481673592,0,0
1164,6,0.11962157337438008,0,0
1164,7,0.023152004254468915,0,0
1164,8,0.01645796702588319,0,0
1164,9,0.003897735735377326,0,0
1164,10,0.003462926613153834,0,0
1164,11,0.009455207860673668,0,0
1164,12,0.05220489705455147,0,0
1164,13,0.002043372919213165,0,0
1165,1,0.9485298534043849,1,1
1165,2,0.17516908795907182,1,0
1165,3,0.8562717758963342,1,1
1165,4,0.9670988719540188,1,1
1165,5,0.9932905830378529,1,1
1165,6,0.9561030255114125,1,1
1165,7,0.9986604561286556,1,1
1165,8,0.23455449973256606,0,0
1165,9,0.006184890890260884,0,0
1165,10,0.0011065672630192031,0,0
1165,11,0.7763252535648011,1,1
1165,12,0.27425763027979877,0,0
1165,13,0.005810547500998194,0,0
1166,1,0.010170817117696792,0,0
1166,2,0.09192611071495127,0,0
1166,3,0.0012359532676542147,0,0
1166,4,0.0034946026099837058,0,0
1166,5,0.0017591465612344492,0,0
1166,6,0.0016041804408696695,0,0
1166,7,0.007231989696854906,0,0
1166,8,0.018372147272592163,0,0
1166,9,0.005425427146364344,0,0
1166,10,0.003239417926816478,0,0
1166,11,0.021373702825158762,0,0
1166,12,0.0009088997697334068,0,0
1166,13,0.16648376202161144,0,0
1167,1,0.10042718524544811,0,0
1167,2,0.006504361024999801,0,0
1167,3,0.0004473075721913797,0,0
1167,4,0.0026905515576003325,0,0
1167,5,0.25037810398527,0,0
1167,6,0.0037195838477461153,0,0
1167,7,0.006365425136117515,0,0
1167,8,0.015851197984816306,0,0
1167,9,0.013795440510965033,0,0
1167,10,0.22644582946224873,0,0
1167,11,0.10002189440074309,1,0
1167,12,0.9979090596772214,1,1
1167,13,0.49879754482871125,0,0
1168,1,0.9988973277163409,1,1
1168,2,0.9351758699093438,1,1
1168,3,0.9996547835156246,1,1
1168,4,0.9998667522103906,1,1
1168,5,0.9841494251413199,1,1
1168,6,0.61455355971757,1,1
1168,7,0.9974173696958943,1,1
1168,8,0.8754770432610107,1,1
1168,9,0.9998825826754932,1,1
1168,10,0.7478904844306477,1,1
1168,11,0.8786789405778908,1,1
1168,12,0.9975841552177916,1,1
1168,13,0.8736437362510375,1,1
1169,1,0.01134289393470205,0,0
1169,2,0.004174979988225954,0,0
1169,3,0.09543726095984703,0,0
1169,4,0.20098823781045982,0,0
1169,5,0.004990361245507891,0,0
1169,6,0.022622347669889832,0,0
1169,7,0.001987524101169404,0,0
1169,8,0.020967230887142176,0,0
1169,9,0.0010589103776174143,0,0
1169,10,0.07559262562569244,0,0
1169,11,0.03783375007900225,0,0
1169,12,0.010992041019234686,0,0
1169,13,0.12064814528020536,0,0
1170,1,0.13252588484174557,0,0
1170,2,0.05840699581063163,0,0
1170,3,0.008717332959811742,0,0
1170,4,0.02432204396441465,0,0
1170,5,0.999417425881394,1,1
1170,6,0.9999996248945087,1,1
1170,7,0.4858021745432574,1,0
1170,8,0.9879892624407435,1,1
1170,9,0.9998160856296263,1,1
1170,10,0.04747992841368804,0,0
1170,11,0.011401094341803327,0,0
1170,12,0.4071905693935574,0,0
1170,13,0.020913578220060652,0,0
1171,1,0.8930296590158769,1,1
1171,2,0.9921635309466309,1,1
1171,3,0.6317738552123664,1,1
1171,4,0.02806193055712101,0,0
1171,5,0.0040824821436719755,0,0
1171,6,0.009530753606774094,0,0
1171,7,0.0009600883057489824,0,0
1171,8,0.0034509691458431435,0,0
1171,9,0.005229527803557983,0,0
1171,10,0.002788290620314128,0,0
1171,11,0.0054980354168345374,0,0
1171,12,0.009148590960261764,0,0
1171,13,0.0025773343677582185,0,0
1172,1,0.018304849263192,0,0
1172,2,0.002382440494066655,0,0
1172,3,0.0010136720884037712,0,0
1172,4,0.9829059811261472,1,1
1172,5,0.9855109540083409,1,1
1172,6,0.9995199233589322,1,1
1172,7,0.9976664398142241,1,1
1172,8,0.9916492973185442,1,1
1172,9,0.9996374555189221,1,1
1172,10,0.9643684014592517,1,1
1172,11,0.9999851451216353,1,1
1172,12,0.969069058174288,1,1
1172,13,0.9943469069488575,1,1
1173,1,0.012991336413010299,0,0
1173,2,0.001287460540471671,0,0
1173,3,0.015615507583080356,0,0
1173,4,0.0010959794562562229,0,0
1173,5,0.016422161598172936,0,0
1173,6,0.22229908976306065,0,0
1173,7,0.04896107044979303,0,0
1173,8,0.002298366368613879,0,0
1173,9,0.0014346786688403793,0,0
1173,10,0.004775903103098054,0,0
1173,11,0.938244711661373,1,1
1173,12,0.9784742948000975,1,1
1173,13,0.982732554117371,1,1
1174,1,0.13838754234928088,0,0
1174,2,0.010628604223166005,0,0
1174,3,0.0013001335226481856,0,0
1174,4,0.001684296999682974,0,0
1174,5,0.033595227533138365,0,0
1174,6,0.0014460579184869047,0,0
1174,7,0.006556230522762833,0,0
1174,8,0.016721463908125102,0,0
1174,9,0.00434210658891957,0,0
1174,10,0.004931351509188933,0,0
1174,11,0.9832557000163775,1,1
1174,12,0.9870674132951313,1,1
1174,13,0.9844517336151567,1,1
1175,1,0.015136913817725757,0,0
1175,2,0.0029499827846693424,0,0
1175,3,0.007255154064790056,0,0
1175,4,0.041327831203890344,0,0
1175,5,0.006026892876426031,0,0
1175,6,0.00877475247882424,0,0
1175,7,0.9755348143682822,1,1
1175,8,0.9997172645284824,1,1
1175,9,0.7586401213375885,1,1
1175,10,0.8699935236051295,1,1
1175,11,0.9800184664726601,1,1
1175,12,0.9813009373942327,1,1
1175,13,0.9985514932627514,1,1
1176,1,0.01575207506914084,0,0
1176,2,0.003615358145954276,0,0
1176,3,0.013369834765017305,0,0
1176,4,0.007416330485106583,0,0
1176,5,0.2740830943395293,0,0
1176,6,0.1817966574876331,0,0
1176,7,0.04952689095817046,0,0
1176,8,0.0028339155805950506,0,0
1176,9,0.023467345307874136,0,0
1176,10,0.007774445059735252,0,0
1176,11,0.017814079924833044,0,0
1176,12,0.2822072477137511,0,0
1176,13,0.01279320317534945,0,0
1177,1,0.011988452960831956,0,0
1177,2,0.01485278885734629,0,0
1177,3,0.005725382018714828,0,0
1177,4,0.003436100533622725,0,0
1177,5,0.07923206888491854,0,0
1177,6,0.10652716821285621,0,0
1177,7,0.2244882107444155,0,0
1177,8,0.008079044310146779,0,0
1177,9,0.001345152498824555,0,0
1177,10,0.0015446237372691762,0,0
1177,11,0.003061483320145486,0,0
1177,12,0.0010421746900928478,0,0
1177,13,0.006229523902406475,0,0
1178,1,0.007365505453547651,0,0
1178,2,0.0451027302593305,0,0
1178,3,0.715774562002548,0,1
1178,4,0.30900898272028093,0,0
1178,5,0.05044129654820592,0,0
1178,6,0.0018820348437610546,0,0
1178,7,0.014298049716522116,0,0
1178,8,0.014728779570796527,0,0
1178,9,0.008095067274694468,0,0
1178,10,0.002026763888923694,0,0
1178,11,0.008141444074897938,0,0
1178,12,0.10741913231981812,0,0
1178,13,0.01657342066472536,0,0
1179,1,0.006401702809277793,0,0
1179,2,0.006385205380656188,0,0
1179,3,0.033886512232719025,0,0
1179,4,0.005550492578661259,0,0
1179,5,0.00132666680233219,0,0
1179,6,0.0015203706851544454,0,0
1179,7,0.005157934973721436,0,0
1179,8,0.004084353700821008,0,0
1179,9,0.04347809013398863,0,0
1179,10,0.005478050493065438,0,0
1179,11,0.0018276718292655786,0,0
1179,12,0.002161470982922726,0,0
1179,13,0.020989747542567282,0,0
1180,1,0.8693562786094715,1,1
1180,2,0.43254028062030864,0,0
1180,3,0.020663887116652423,0,0
1180,4,0.0028667518263755976,0,0
1180,5,0.10400766291444576,0,0
1180,6,0.017104538138009637,0,0
1180,7,0.024409292123506,0,0
1180,8,0.05350033814577113,0,0
1180,9,0.017515936714133703,0,0
1180,10,0.012671594810015861,0,0
1180,11,0.0018215604221536194,0,0
1180,12,0.2109401921633993,0,0
1180,13,0.01321373387082541,0,0
1181,1,0.09001210506882738,0,0
1181,2,0.020627197039099092,0,0
1181,3,0.12233585254726954,0,0
1181,4,0.002322712577412434,0,0
1181,5,0.025210831980284693,0,0
1181,6,0.0414962265217338,0,0
1181,7,0.0755308238597349,0,0
1181,8,0.054512034970111006,0,0
1181,9,0.009128254655748519,0,0
1181,10,0.0006806125047530447,0,0
1181,11,0.0031541636512446352,0,0
1181,12,0.0010474100370831217,0,0
1181,13,0.0005847572314021841,0,0
1182,1,0.022670678924081228,0,0
1182,2,0.0030775947658033113,0,0
1182,3,0.0020353831379963405,0,0
1182,4,0.007533100618126633,0,0
1182,5,0.0760559087949829,0,0
1182,6,0.0008681981622885312,0,0
1182,7,0.058143910231255154,0,0
1182,8,0.0022087238327128935,0,0
1182,9,0.013994894002956027,0,0
1182,10,0.0033319626701402544,0,0
1182,11,0.003232510932353603,0,0
1182,12,0.06780760062561518,1,0
1182,13,0.9970177264525212,1,1
1183,1,0.21496906759567314,1,0
1183,2,0.06959276469865118,1,0
1183,3,0.08737229991911,0,0
1183,4,0.017463342381131886,0,0
1183,5,0.006296550064622693,0,0
1183,6,0.06279863789735142,0,0
1183,7,0.03809145971714061,0,0
1183,8,0.0009543866451354292,0,0
1183,9,0.0016133025823822343,0,0
1183,10,0.0801081088370971,0,0
1183,11,0.005592456959318131,0,0
1183,12,0.03014195797438668,0,0
1183,13,0.0047001216177705385,0,0
1184,1,0.9999461970327213,1,1
1184,2,0.931104133793766,1,1
1184,3,0.8900142429300486,1,1
1184,4,0.9677526881508337,1,1
1184,5,0.9272094155597851,1,1
1184,6,0.9985749390975123,1,1
1184,7,0.9999516707579844,1,1
1184,8,0.9985569762301415,1,1
1184,9,0.9999765948745445,1,1
1184,10,0.9332281527431523,1,1
1184,11,0.3706119222612064,1,0
1184,12,0.15850331064795584,1,0
1184,13,0.05625217184246213,0,0
1185,1,0.032807357920814836,0,0
1185,2,0.0011882806549917265,0,0
1185,3,0.0017824351737923461,0,0
1185,4,0.002584830716940858,0,0
1185,5,0.013864063006013796,0,0
1185,6,0.009955595001517456,0,0
1185,7,0.0019429822962284374,0,0
1185,8,0.007184092726938008,0,0
1185,9,0.37440797196056286,0,0
1185,10,0.15554185320755615,0,0
1185,11,0.10179765984808727,0,0
1185,12,0.02674190795082181,0,0
1185,13,0.0046922263829698675,0,0
1186,1,0.03204245545162808,0,0
1186,2,0.0059324439916499045,0,0
1186,3,0.0013914829786710542,0,0
1186,4,0.0025935223099126646,0,0
1186,5,0.11070941957646535,0,0
1186,6,0.05864749333792975,0,0
1186,7,0.0026957121651746963,0,0
1186,8,0.0046103734432521,0,0
1186,9,0.00542698649954872,0,0
1186,10,0.010973926466903065,0,0
1186,11,0.0033431081302711927,0,0
1186,12,0.01015159551935432,0,0
1186,13,0.0014322720713816474,0,0
1187,1,0.9929473566197138,1,1
1187,2,0.9762807150463058,1,1
1187,3,0.9896290978494044,1,1
1187,4,0.9979157042013618,1,1
1187,5,0.999643563703446,1,1
1187,6,0.9860749541621339,1,1
1187,7,0.9372033987483913,1,1
1187,8,0.9917321556812888,1,1
1187,9,0.9918826196672595,1,1
1187,10,0.062054293350833824,0,0
1187,11,0.004650295113479831,0,0
1187,12,0.001187026322395192,0,0
1187,13,0.005850982760819587,0,0
1188,1,0.06834661371499155,0,0
1188,2,0.0035580593096717792,0,0
1188,3,0.04764463383557457,0,0
1188,4,0.025190158970312397,0,0
1188,5,0.007063971327318865,0,0
1188,6,0.0034060393473127363,0,0
1188,7,0.0009960655360614578,0,0
1188,8,0.2858426157369409,0,0
1188,9,0.1569064678347492,0,0
1188,10,0.018244905953533473,0,0
1188,11,0.012118775034901389,0,0
1188,12,0.0047995313664021405,0,0
1188,13,0.010369068353466179,0,0
1189,1,0.9804464915685104,1,1
1189,2,0.9924865609214594,1,1
1189,3,0.9993073594751292,1,1
1189,4,0.9977059155794302,1,1
1189,5,0.6852729734747268,0,1
1189,6,0.19205291962803758,0,0
1189,7,0.21740090103866977,0,0
1189,8,0.04063506868815129,0,0
1189,9,0.02052936440338285,0,0
1189,10,0.07736691337530179,0,0
1189,11,0.008305575420669871,0,0
1189,12,0.03747758239041898,0,0
1189,13,0.008723468968016016,0,0
1190,1,0.0026149117916398463,0,0
1190,2,0.015817260118509372,0,0
1190,3,0.009555888707129144,0,0
1190,4,0.0006577878347583477,0,0
1190,5,0.0018870121013185672,0,0
1190,6,0.0008283444118866365,0,0
1190,7,0.002712366030775159,0,0
1190,8,0.6335378558038548,0,1
1190,9,0.009476602941351508,0,0
1190,10,0.008356319362903526,0,0
1190,11,0.005426602539214003,0,0
1190,12,0.003384751595378538,0,0
1190,13,0.0015726924935161731,0,0
1191,1,0.05660681715981136,0,0
1191,2,0.0031066781844504413,0,0
1191,3,0.004711075441901979,0,0
1191,4,0.036229521253047445,0,0
1191,5,0.01857995171364084,0,0
1191,6,0.008627494972391197,0,0
1191,7,0.021735431977505146,0,0
1191,8,0.004135223338612094,0,0
1191,9,0.011250813536064646,0,0
1191,10,0.003765813442460009,0,0
1191,11,0.002244117374917817,0,0
1191,12,0.0314989990896423,0,0
1191,13,0.06888213739907646,0,0
1192,1,0.8135664435513519,1,1
1192,2,0.9706698374543861,1,1
1192,3,0.354365869876152,1,0
1192,4,0.42419731796059773,0,0
1192,5,0.012869739835610872,0,0
1192,6,0.0008135317261161901,0,0
1192,7,0.5504736811595232,1,1
1192,8,0.9996695248579798,1,1
1192,9,0.9999950602264163,1,1
1192,10,0.17293511914146478,0,0
1192,11,0.21726668174110814,0,0
1192,12,0.005613132514467198,0,0
1192,13,0.002053341620518076,0,0
1193,1,0.06587278388631769,0,0
1193,2,0.003444599416090953,0,0
1193,3,0.02213970617784504,0,0
1193,4,0.011275992322439516,1,0
1193,5,0.007401645237982894,1,0
1193,6,0.006255267569888722,0,0
1193,7,0.02398013454406331,0,0
1193,8,0.007673870799832622,0,0
1193,9,0.0026829479951255624,0,0
1193,10,0.0008024055783644776,0,0
1193,11,0.00213230935097437,0,0
1193,12,0.005494120193776598,0,0
1193,13,0.0029777723184642724,0,0
1194,1,0.030379958953558526,0,0
1194,2,0.007715428820696199,0,0
1194,3,0.0881864832638947,0,0
1194,4,0.0016285267523169097,0,0
1194,5,0.016717439730311565,0,0
1194,6,0.0764720006313725,0,0
1194,7,0.07672327748592896,1,0
1194,8,0.05568344998957227,0,0
1194,9,0.0021462287007422433,0,0
1194,10,0.0008814899666359794,0,0
1194,11,0.023497517819722893,0,0
1194,12,0.0011759088478972939,0,0
1194,13,0.01219442139409474,0,0
1195,1,0.8332756369693568,1,1
1195,2,0.9264535317726451,1,1
1195,3,0.9769605448878719,1,1
1195,4,0.999885232430658,1,1
1195,5,0.9992564144809258,1,1
1195,6,0.9996753000023413,1,1
1195,7,0.9719569339900672,1,1
1195,8,0.9558856276920663,1,1
1195,9,0.9992394405221684,1,1
1195,10,0.9997982303506427,1,1
1195,11,0.9967130752057621,1,1
1195,12,0.9739464694810974,1,1
1195,13,0.7001819002831271,1,1
1196,1,0.9997590051425733,1,1
1196,2,0.9877342067156365,1,1
1196,3,0.9991447275346212,1,1
1196,4,0.929776620455694,1,1
1196,5,0.9999997857921253,1,1
1196,6,0.996368662977066,1,1
1196,7,0.9699667625839691,1,1
1196,8,0.9982290954357168,1,1
1196,9,0.9693686467404613,0,1
1196,10,0.5972406861464785,0,1
1196,11,0.3156593601197262,0,0
1196,12,0.9213722852231399,0,1
1196,13,0.1402307687834142,0,0
1197,1,0.003846233769395916,0,0
1197,2,0.03252926091630952,0,0
1197,3,0.010296202890210698,0,0
1197,4,0.00810783423213778,0,0
1197,5,0.03385576269375358,0,0
1197,6,0.03287054928370921,0,0
1197,7,0.03327624657644768,0,0
1197,8,0.010265768164158017,0,0
1197,9,0.014581672391310979,0,0
1197,10,0.020843047367747055,0,0
1197,11,0.12483953090188216,0,0
1197,12,0.1553298989953044,1,0
1197,13,0.9731428284909731,1,1
1198,1,0.01935868336025259,0,0
1198,2,0.009576292633261796,0,0
1198,3,0.0032165499658482234,0,0
1198,4,0.006248778417406654,0,0
1198,5,0.0008498454271743047,0,0
1198,6,0.0046237958569367976,0,0
1198,7,0.0015496113170909535,0,0
1198,8,0.3400010913633882,1,0
1198,9,0.9989419398130822,1,1
1198,10,0.35450459116067395,0,0
1198,11,0.003893973411377977,0,0
1198,12,0.006782874264932394,0,0
1198,13,0.001777074591105468,0,0
1199,1,0.006635374176252381,0,0
1199,2,0.003098999389110021,0,0
1199,3,0.3103877384492385,0,0
1199,4,0.006710911038657382,0,0
1199,5,0.004907144855040842,0,0
1199,6,0.0023539230004995266,0,0
1199,7,0.008352835541918737,0,0
1199,8,0.03830567964492431,0,0
1199,9,0.014376233089313155,0,0
1199,10,0.01218000700193265,0,0
1199,11,0.005702208612375548,0,0
1199,12,0.3017901989492538,0,0
1199,13,0.050575777818635426,0,0
