policy,path_id,implementation_shortfall_bps,completion_error,max_constraint_violation
twap,0,18.26938440906295,0.0,0.0
twap,1,-8.110241167392616,0.0,0.0
twap,2,-10.1973647920711,0.0,0.0
twap,3,17.784625265081843,0.0,0.0
twap,4,19.341439537532093,0.0,0.0
twap,5,8.349251129126156,0.0,0.0
twap,6,-3.5280276761885196,0.0,0.0
twap,7,8.365688535402802,0.0,0.0
twap,8,-22.890052864222067,0.0,0.0
twap,9,1.446431625899212,0.0,0.0
twap,10,-5.759262838131338,0.0,0.0
twap,11,-3.4351660863787465,0.0,0.0
twap,12,-11.315183009559435,0.0,0.0
twap,13,2.0540133087051404,0.0,0.0
twap,14,-0.3047665452252903,0.0,0.0
twap,15,9.907840736813853,0.0,0.0
twap,16,-26.45093833674154,0.0,0.0
twap,17,1.287206518339648,0.0,0.0
twap,18,7.739425195593599,0.0,0.0
twap,19,-24.302354925042827,0.0,0.0
twap,20,-0.29327638719706944,0.0,0.0
twap,21,-6.886521683584998,0.0,0.0
twap,22,23.010306317297367,0.0,0.0
twap,23,-0.47805533595318334,0.0,0.0
twap,24,3.132125364100482,0.0,0.0
twap,25,-7.406834712950713,0.0,0.0
twap,26,-3.7259934268035635,0.0,0.0
twap,27,-16.72827916340187,0.0,0.0
twap,28,-8.825024438719282,0.0,0.0
twap,29,3.502669203606722,0.0,0.0
twap,30,17.53255040899975,0.0,0.0
twap,31,-5.484884165211028,0.0,0.0
twap,32,3.5503411640585307,0.0,0.0
twap,33,-25.182617509100208,0.0,0.0
twap,34,11.182167386609914,0.0,0.0
twap,35,-3.993220795269411,0.0,0.0
twap,36,2.861542755342233,0.0,0.0
twap,37,2.588112100476277,0.0,0.0
twap,38,2.2841882876849233,0.0,0.0
twap,39,0.9821408918854444,0.0,0.0
twap,40,-9.34273911813232,0.0,0.0
twap,41,6.036117901304842,0.0,0.0
twap,42,0.28619363880320897,0.0,0.0
twap,43,12.884215317638521,0.0,0.0
twap,44,1.8932651397041775,0.0,0.0
twap,45,14.234034604506183,0.0,0.0
twap,46,-6.474392695158029,0.0,0.0
twap,47,2.9271133171595474,0.0,0.0
twap,48,-16.991557703261,0.0,0.0
twap,49,-24.100189851172615,0.0,0.0
twap,50,3.022877611224277,0.0,0.0
twap,51,6.183929979662655,0.0,0.0
twap,52,6.823064528268729,0.0,0.0
twap,53,-2.6754589798539707,0.0,0.0
twap,54,4.34470791525467,0.0,0.0
twap,55,-5.386924604313574,0.0,0.0
twap,56,12.28827998161842,0.0,0.0
twap,57,13.910402054501539,0.0,0.0
twap,58,16.662695454279273,0.0,0.0
twap,59,15.152214722070207,0.0,0.0
twap,60,15.348187144370948,0.0,0.0
twap,61,5.893971834433678,0.0,0.0
twap,62,-1.2744419823063464,0.0,0.0
twap,63,-30.520084669799594,0.0,0.0
twap,64,-2.4940967487406382,0.0,0.0
twap,65,0.4498546426645631,0.0,0.0
twap,66,4.278221802846171,0.0,0.0
twap,67,10.3146113645907,0.0,0.0
twap,68,-6.45152294089598,0.0,0.0
twap,69,16.368740295119984,0.0,0.0
twap,70,-6.046877202707774,0.0,0.0
twap,71,21.037020382182757,0.0,0.0
twap,72,4.143288321089481,0.0,0.0
twap,73,8.702860097343285,0.0,0.0
twap,74,25.883013095664634,0.0,0.0
twap,75,-5.181962454872223,0.0,0.0
twap,76,-0.2425568462840566,0.0,0.0
twap,77,-14.003772279103732,0.0,0.0
twap,78,6.571095275074461,0.0,0.0
twap,79,3.281272694704096,0.0,0.0
twap,80,-13.052094450525352,0.0,0.0
twap,81,-4.520800792559419,0.0,0.0
twap,82,7.417039615887243,0.0,0.0
twap,83,-8.605980642048948,0.0,0.0
twap,84,5.427233790725068,0.0,0.0
twap,85,-4.757892420478734,0.0,0.0
twap,86,-16.465422832662878,0.0,0.0
twap,87,11.130452143537317,0.0,0.0
twap,88,8.47032186898209,0.0,0.0
twap,89,-15.829499160563506,0.0,0.0
twap,90,-20.30368776978204,0.0,0.0
twap,91,26.8646285097296,0.0,0.0
twap,92,15.710030433907358,0.0,0.0
twap,93,-12.3193193824301,0.0,0.0
twap,94,-23.125432965530507,0.0,0.0
twap,95,-8.827394968852527,0.0,0.0
twap,96,-1.372574970015196,0.0,0.0
twap,97,-8.008936412964536,0.0,0.0
twap,98,6.96203586074589,0.0,0.0
twap,99,1.2939124526234818,0.0,0.0
twap,100,-4.2165405840521,0.0,0.0
twap,101,8.296167176340175,0.0,0.0
twap,102,-5.177788625059166,0.0,0.0
twap,103,7.113860976429714,0.0,0.0
twap,104,-12.603119408879682,0.0,0.0
twap,105,5.727280506317652,0.0,0.0
twap,106,17.64165092300141,0.0,0.0
twap,107,-13.772178156968138,0.0,0.0
twap,108,13.950204088361868,0.0,0.0
twap,109,27.121924446526577,0.0,0.0
twap,110,8.111666951109036,0.0,0.0
twap,111,18.247674029633636,0.0,0.0
twap,112,10.093991335663592,0.0,0.0
twap,113,19.71008298800973,0.0,0.0
twap,114,5.133718697296058,0.0,0.0
twap,115,-17.655716618488693,0.0,0.0
twap,116,-10.127867360428423,0.0,0.0
twap,117,-9.620834785300037,0.0,0.0
twap,118,16.530345572596644,0.0,0.0
twap,119,7.801243089840749,0.0,0.0
twap,120,-1.4308392689710763,0.0,0.0
twap,121,-11.17692134896714,0.0,0.0
twap,122,-4.645751488425792,0.0,0.0
twap,123,-3.129535628590882,0.0,0.0
twap,124,-9.55994438338415,0.0,0.0
twap,125,4.444781538839808,0.0,0.0
twap,126,2.6982383311845255,0.0,0.0
twap,127,4.807119154092087,0.0,0.0
twap,128,2.754789064448021,0.0,0.0
twap,129,2.2642772097580646,0.0,0.0
twap,130,-28.44566722821685,0.0,0.0
twap,131,14.914087288242035,0.0,0.0
twap,132,18.874929012223646,0.0,0.0
twap,133,-1.240265397045292,0.0,0.0
twap,134,-4.367559003523591,0.0,0.0
twap,135,-7.138315603289268,0.0,0.0
twap,136,18.237194371714917,0.0,0.0
twap,137,-3.8539078494497017,0.0,0.0
twap,138,-14.650043983925036,0.0,0.0
twap,139,-15.463053152636771,0.0,0.0
twap,140,-19.623806144669803,0.0,0.0
twap,141,-16.769800883328653,0.0,0.0
twap,142,5.503148808015339,0.0,0.0
twap,143,-26.182437283321594,0.0,0.0
twap,144,7.742211919464047,0.0,0.0
twap,145,16.958197985505176,0.0,0.0
twap,146,-3.5099877392055236,0.0,0.0
twap,147,-12.109537376712582,0.0,0.0
twap,148,-4.135924409986574,0.0,0.0
twap,149,-6.56760463089315,0.0,0.0
twap,150,-18.242695268037824,0.0,0.0
twap,151,1.5214003465493535,0.0,0.0
twap,152,3.2468555689286753,0.0,0.0
twap,153,-7.020770980617991,0.0,0.0
twap,154,21.783212671908515,0.0,0.0
twap,155,-8.046899452479979,0.0,0.0
twap,156,-6.306636362207261,0.0,0.0
twap,157,0.8657541310938474,0.0,0.0
twap,158,-6.89624352833115,0.0,0.0
twap,159,-11.805138026803819,0.0,0.0
twap,160,5.888184575950019,0.0,0.0
twap,161,-1.4259605690067947,0.0,0.0
twap,162,1.4426236808123034,0.0,0.0
twap,163,-15.13185849261417,0.0,0.0
twap,164,-20.785963476405,0.0,0.0
twap,165,-7.224948265048389,0.0,0.0
twap,166,-6.9697489993541675,0.0,0.0
twap,167,8.23182715576559,0.0,0.0
twap,168,14.189997869714286,0.0,0.0
twap,169,13.818466219028094,0.0,0.0
twap,170,-15.11977774963575,0.0,0.0
twap,171,-7.354368322214659,0.0,0.0
twap,172,0.08950498658040923,0.0,0.0
twap,173,-14.527132326874483,0.0,0.0
twap,174,2.280193029280113,0.0,0.0
twap,175,12.021820268333434,0.0,0.0
twap,176,35.075614784445534,0.0,0.0
twap,177,-0.555142896482923,0.0,0.0
twap,178,1.7109589961940823,0.0,0.0
twap,179,16.313896199744892,0.0,0.0
twap,180,4.512386837504942,0.0,0.0
twap,181,10.513586405685576,0.0,0.0
twap,182,-3.8896205624544016,0.0,0.0
twap,183,9.399828215377966,0.0,0.0
twap,184,1.7473125953471598,0.0,0.0
twap,185,-5.441238705249096,0.0,0.0
twap,186,-23.736343859342867,0.0,0.0
twap,187,-6.968428807490205,0.0,0.0
twap,188,14.70933683243685,0.0,0.0
twap,189,12.320789517679641,0.0,0.0
twap,190,0.8307789921064701,0.0,0.0
twap,191,-6.229369278424016,0.0,0.0
twap,192,12.573183966637982,0.0,0.0
twap,193,7.587736864253772,0.0,0.0
twap,194,5.976334405838638,0.0,0.0
twap,195,-10.938260818051354,0.0,0.0
twap,196,-1.4324476175397378,0.0,0.0
twap,197,28.214163315933977,0.0,0.0
twap,198,-5.484844025224333,0.0,0.0
twap,199,-8.615531643734917,0.0,0.0
twap,200,-8.289309176976866,0.0,0.0
twap,201,4.788585977020672,0.0,0.0
twap,202,2.452772212342159,0.0,0.0
twap,203,-2.202049729779715,0.0,0.0
twap,204,-17.690195231207213,0.0,0.0
twap,205,3.824784006174217,0.0,0.0
twap,206,-2.471215167456982,0.0,0.0
twap,207,-13.179692711705142,0.0,0.0
twap,208,20.67289628882787,0.0,0.0
twap,209,3.1378671245834595,0.0,0.0
twap,210,0.6489473242118615,0.0,0.0
twap,211,15.979189807007725,0.0,0.0
twap,212,14.102419078618711,0.0,0.0
twap,213,-13.363464346784152,0.0,0.0
twap,214,20.975371199050954,0.0,0.0
twap,215,16.520429508810913,0.0,0.0
twap,216,4.177171303662828,0.0,0.0
twap,217,3.2817183711381372,0.0,0.0
twap,218,17.366152661924357,0.0,0.0
twap,219,3.875005105119062,0.0,0.0
twap,220,-35.91508075119775,0.0,0.0
twap,221,3.4864527495339535,0.0,0.0
twap,222,-3.0827160609654567,0.0,0.0
twap,223,3.294984724642611,0.0,0.0
twap,224,15.55362920108122,0.0,0.0
twap,225,-9.733735612323018,0.0,0.0
twap,226,-8.645589340050606,0.0,0.0
twap,227,-6.506551773954536,0.0,0.0
twap,228,-3.0212786029488274,0.0,0.0
twap,229,1.0866323405241096,0.0,0.0
twap,230,16.946198533909467,0.0,0.0
twap,231,2.173339734216714,0.0,0.0
twap,232,-3.1388386926801704,0.0,0.0
twap,233,5.881376506085866,0.0,0.0
twap,234,-12.430110436691287,0.0,0.0
twap,235,25.411418199266418,0.0,0.0
twap,236,-7.91829093704084,0.0,0.0
twap,237,-2.194197176787667,0.0,0.0
twap,238,-3.405159145753261,0.0,0.0
twap,239,-0.9174442253757333,0.0,0.0
twap,240,8.012069427300947,0.0,0.0
twap,241,19.225456749296015,0.0,0.0
twap,242,-21.772027409447606,0.0,0.0
twap,243,1.903486270738309,0.0,0.0
twap,244,-6.08308356795784,0.0,0.0
twap,245,-5.533286737091404,0.0,0.0
twap,246,0.5548623926383123,0.0,0.0
twap,247,-8.118519778936804,0.0,0.0
twap,248,-13.315255870544162,0.0,0.0
twap,249,0.7905100521448717,0.0,0.0
twap,250,9.560841343545563,0.0,0.0
twap,251,13.743754446984191,0.0,0.0
twap,252,-14.156501737397797,0.0,0.0
twap,253,5.207439491611586,0.0,0.0
twap,254,19.482073025189553,0.0,0.0
twap,255,5.61585326071676,0.0,0.0
twap,256,2.8766639703716526,0.0,0.0
twap,257,-4.427443616726366,0.0,0.0
twap,258,-13.036128569018445,0.0,0.0
twap,259,-8.441872365704096,0.0,0.0
twap,260,14.895370479764244,0.0,0.0
twap,261,-6.19766774149465,0.0,0.0
twap,262,-11.492923165241542,0.0,0.0
twap,263,-13.415949514025343,0.0,0.0
twap,264,3.4706445317852412,0.0,0.0
twap,265,4.73650027673154,0.0,0.0
twap,266,15.840163126266617,0.0,0.0
twap,267,-4.119965034900481,0.0,0.0
twap,268,12.439213161289997,0.0,0.0
twap,269,26.78860888266449,0.0,0.0
twap,270,-1.9145884599324097,0.0,0.0
twap,271,-1.4345908517226942,0.0,0.0
twap,272,9.227958956451602,0.0,0.0
twap,273,-13.625789852200919,0.0,0.0
twap,274,0.3115262028747476,0.0,0.0
twap,275,-1.377843787327689,0.0,0.0
twap,276,16.655882045852856,0.0,0.0
twap,277,-3.695001549893766,0.0,0.0
twap,278,6.323310056974768,0.0,0.0
twap,279,-18.464786738455572,0.0,0.0
twap,280,11.33172827414439,0.0,0.0
twap,281,-2.742765973018416,0.0,0.0
twap,282,-8.037147851535547,0.0,0.0
twap,283,1.7834630766555073,0.0,0.0
twap,284,-3.9882556286205,0.0,0.0
twap,285,5.894736040349016,0.0,0.0
twap,286,17.966785514312978,0.0,0.0
twap,287,-6.440364823817467,0.0,0.0
twap,288,16.356763017029703,0.0,0.0
twap,289,11.903848700401394,0.0,0.0
twap,290,11.59450026125739,0.0,0.0
twap,291,1.9555154257133682,0.0,0.0
twap,292,8.776539591480507,0.0,0.0
twap,293,11.349906468114794,0.0,0.0
twap,294,-1.9471087127902003,0.0,0.0
twap,295,8.963400572293503,0.0,0.0
twap,296,-1.0157087451969775,0.0,0.0
twap,297,28.176592432055788,0.0,0.0
twap,298,-8.589449636624625,0.0,0.0
twap,299,9.709387351583706,0.0,0.0
twap,300,2.1751808357003175,0.0,0.0
twap,301,-3.3208712199785446,0.0,0.0
twap,302,4.128983740537495,0.0,0.0
twap,303,11.609415711707182,0.0,0.0
twap,304,-19.929067203149206,0.0,0.0
twap,305,-18.308540539363833,0.0,0.0
twap,306,6.466012125570668,0.0,0.0
twap,307,-12.358917597279072,0.0,0.0
twap,308,0.2843344690088185,0.0,0.0
twap,309,25.451039725771057,0.0,0.0
twap,310,8.203471342163901,0.0,0.0
twap,311,-25.075741206689422,0.0,0.0
twap,312,-6.752284180617138,0.0,0.0
twap,313,12.52862756410389,0.0,0.0
twap,314,21.43873696333899,0.0,0.0
twap,315,-12.998971767453497,0.0,0.0
twap,316,-5.992331981803318,0.0,0.0
twap,317,18.80026656207873,0.0,0.0
twap,318,6.3355501413191115,0.0,0.0
twap,319,-23.94749285566608,0.0,0.0
twap,320,-0.5298164605008281,0.0,0.0
twap,321,-0.6074879650070848,0.0,0.0
twap,322,21.867840034652517,0.0,0.0
twap,323,17.67776684696437,0.0,0.0
twap,324,25.415668138994366,0.0,0.0
twap,325,35.61878977290051,0.0,0.0
twap,326,12.773142593457415,0.0,0.0
twap,327,13.20688896084203,0.0,0.0
twap,328,-26.00283328311778,0.0,0.0
twap,329,4.8277367516395016,0.0,0.0
twap,330,-0.5391585977552678,0.0,0.0
twap,331,2.5305520432313298,0.0,0.0
twap,332,13.814907404315921,0.0,0.0
twap,333,-3.3088762545988657,0.0,0.0
twap,334,-30.005748554438828,0.0,0.0
twap,335,19.19114408381728,0.0,0.0
twap,336,-13.385440313472294,0.0,0.0
twap,337,21.957829945057238,0.0,0.0
twap,338,-10.631375030857281,0.0,0.0
twap,339,-1.8180375429309648,0.0,0.0
twap,340,-3.0681535111369915,0.0,0.0
twap,341,-9.591531386222856,0.0,0.0
twap,342,2.5685062458595,0.0,0.0
twap,343,-8.125986883502117,0.0,0.0
twap,344,-8.861920476144958,0.0,0.0
twap,345,-4.318568499055071,0.0,0.0
twap,346,-7.671957740030834,0.0,0.0
twap,347,-7.56170399338854,0.0,0.0
twap,348,5.313003343843453,0.0,0.0
twap,349,15.73292605684976,0.0,0.0
twap,350,-1.8121881202734402,0.0,0.0
twap,351,3.0734441416727996,0.0,0.0
twap,352,13.00428335148104,0.0,0.0
twap,353,-7.40637148351212,0.0,0.0
twap,354,-12.620625217138658,0.0,0.0
twap,355,4.890799702835947,0.0,0.0
twap,356,-2.440330433101464,0.0,0.0
twap,357,5.587742189565839,0.0,0.0
twap,358,6.739452537689895,0.0,0.0
twap,359,-1.1944537330190845,0.0,0.0
twap,360,-2.5922152008194614,0.0,0.0
twap,361,6.740121828535579,0.0,0.0
twap,362,2.0173988309652926,0.0,0.0
twap,363,-10.384607736777859,0.0,0.0
twap,364,-5.358970622744815,0.0,0.0
twap,365,4.304836052235667,0.0,0.0
twap,366,-5.5033889885147,0.0,0.0
twap,367,33.11256730232427,0.0,0.0
twap,368,-6.317034640269324,0.0,0.0
twap,369,23.260781112955364,0.0,0.0
twap,370,0.6277912304979223,0.0,0.0
twap,371,-10.898080093494311,0.0,0.0
twap,372,20.38190627610429,0.0,0.0
twap,373,-10.51261794625884,0.0,0.0
twap,374,8.984099948063767,0.0,0.0
twap,375,8.04575369627945,0.0,0.0
twap,376,-15.190265549927222,0.0,0.0
twap,377,-5.937343752449934,0.0,0.0
twap,378,-18.746344912867386,0.0,0.0
twap,379,-0.49273811001266205,0.0,0.0
twap,380,-1.3305068880024442,0.0,0.0
twap,381,0.3777236791046583,0.0,0.0
twap,382,-5.650862275824658,0.0,0.0
twap,383,3.7153361998537693,0.0,0.0
twap,384,-4.2806105448980825,0.0,0.0
twap,385,-5.475704105338711,0.0,0.0
twap,386,-7.47423221683593,0.0,0.0
twap,387,-1.078748538930654,0.0,0.0
twap,388,2.2531562440520405,0.0,0.0
twap,389,0.17603065526398393,0.0,0.0
twap,390,14.94048764937071,0.0,0.0
twap,391,5.885702853252464,0.0,0.0
twap,392,-14.7521622464838,0.0,0.0
twap,393,0.6809987724581728,0.0,0.0
twap,394,15.671263600927555,0.0,0.0
twap,395,-4.249645716099013,0.0,0.0
twap,396,3.3642453325340935,0.0,0.0
twap,397,7.690095735111199,0.0,0.0
twap,398,-2.0045468315750554,0.0,0.0
twap,399,-6.032115023470298,0.0,0.0
twap,400,14.980826744969598,0.0,0.0
twap,401,12.365176222796814,0.0,0.0
twap,402,6.219239644453392,0.0,0.0
twap,403,34.25663806100623,0.0,0.0
twap,404,-6.306197800214154,0.0,0.0
twap,405,17.44979116089095,0.0,0.0
twap,406,10.167790706539163,0.0,0.0
twap,407,2.4375775823154395,0.0,0.0
twap,408,-5.3865779284706266,0.0,0.0
twap,409,30.567057237256524,0.0,0.0
twap,410,5.645184786214421,0.0,0.0
twap,411,7.645954868383798,0.0,0.0
twap,412,17.751470845715183,0.0,0.0
twap,413,11.351303255079314,0.0,0.0
twap,414,9.106292613087726,0.0,0.0
twap,415,2.8719232375391965,0.0,0.0
twap,416,12.191012585806337,0.0,0.0
twap,417,-11.29812581858075,0.0,0.0
twap,418,-21.78139278169556,0.0,0.0
twap,419,-2.4467931438199253,0.0,0.0
twap,420,2.4923487188879045,0.0,0.0
twap,421,-6.4980302455000905,0.0,0.0
twap,422,-4.756286130164583,0.0,0.0
twap,423,-3.1045973310401163,0.0,0.0
twap,424,-13.49144893979592,0.0,0.0
twap,425,-5.222469359912883,0.0,0.0
twap,426,-14.469686293839322,0.0,0.0
twap,427,-10.140235480451532,0.0,0.0
twap,428,10.029495247549827,0.0,0.0
twap,429,-10.475429170451514,0.0,0.0
twap,430,-0.4791099058040131,0.0,0.0
twap,431,21.736630324628514,0.0,0.0
twap,432,-7.817906854340126,0.0,0.0
twap,433,-9.861103394993116,0.0,0.0
twap,434,5.3770667109173385,0.0,0.0
twap,435,-2.0810928622789753,0.0,0.0
twap,436,2.73673704493388,0.0,0.0
twap,437,-4.901327583601973,0.0,0.0
twap,438,-1.9431823374274968,0.0,0.0
twap,439,10.894419073605123,0.0,0.0
twap,440,-8.866254605159705,0.0,0.0
twap,441,-17.194605746918207,0.0,0.0
twap,442,13.98630237690965,0.0,0.0
twap,443,0.917404135795262,0.0,0.0
twap,444,6.5049661348189645,0.0,0.0
twap,445,9.970355750710736,0.0,0.0
twap,446,4.534756837891701,0.0,0.0
twap,447,4.082397646563825,0.0,0.0
twap,448,-15.995215695304394,0.0,0.0
twap,449,-7.940795603753354,0.0,0.0
twap,450,-3.3640625434600606,0.0,0.0
twap,451,14.973257257250527,0.0,0.0
twap,452,17.761529080666207,0.0,0.0
twap,453,50.75255063498646,0.0,0.0
twap,454,-1.1406029740423906,0.0,0.0
twap,455,12.012084136870673,0.0,0.0
twap,456,-3.0915561188074294,0.0,0.0
twap,457,-3.6915007349604054,0.0,0.0
twap,458,-18.608490963259197,0.0,0.0
twap,459,-6.661172331362826,0.0,0.0
twap,460,-10.37094779024529,0.0,0.0
twap,461,11.864296389852246,0.0,0.0
twap,462,-11.08015957650213,0.0,0.0
twap,463,14.965606394152513,0.0,0.0
twap,464,-16.028917833638243,0.0,0.0
twap,465,12.759613572605083,0.0,0.0
twap,466,5.827885203567323,0.0,0.0
twap,467,-5.34632894612284,0.0,0.0
twap,468,-10.938915903108851,0.0,0.0
twap,469,-1.1398869400376967,0.0,0.0
twap,470,15.321906153013044,0.0,0.0
twap,471,-12.057451161343637,0.0,0.0
twap,472,-2.6439080328696707,0.0,0.0
twap,473,-5.900650976167301,0.0,0.0
twap,474,-15.906601543729687,0.0,0.0
twap,475,-14.843606755209017,0.0,0.0
twap,476,-9.387142310843238,0.0,0.0
twap,477,31.348148511249743,0.0,0.0
twap,478,8.52837309882347,0.0,0.0
twap,479,-10.484719333375168,0.0,0.0
twap,480,2.435390740136244,0.0,0.0
twap,481,-11.824217423619261,0.0,0.0
twap,482,-24.842673437414632,0.0,0.0
twap,483,10.66636205324575,0.0,0.0
twap,484,-5.152783005284715,0.0,0.0
twap,485,14.14722986157481,0.0,0.0
twap,486,2.1730838949307936,0.0,0.0
twap,487,14.162012815213142,0.0,0.0
twap,488,-12.35233966678368,0.0,0.0
twap,489,-3.66978527351216,0.0,0.0
twap,490,-25.151614300402922,0.0,0.0
twap,491,7.06114986689744,0.0,0.0
twap,492,7.5214240523329225,0.0,0.0
twap,493,-2.8319958721683305,0.0,0.0
twap,494,22.535585968756358,0.0,0.0
twap,495,5.667685706936282,0.0,0.0
twap,496,15.62671431808468,0.0,0.0
twap,497,3.040512141865418,0.0,0.0
twap,498,10.44826932256204,0.0,0.0
twap,499,-8.475783744671583,0.0,0.0
twap,500,8.057498249542045,0.0,0.0
twap,501,5.739867154919563,0.0,0.0
twap,502,-2.538878494866674,0.0,0.0
twap,503,7.548871074276506,0.0,0.0
twap,504,2.9662163318188504,0.0,0.0
twap,505,-3.087655150098141,0.0,0.0
twap,506,12.31219072245688,0.0,0.0
twap,507,-11.621358271787132,0.0,0.0
twap,508,31.30403904830035,0.0,0.0
twap,509,22.851194610163887,0.0,0.0
twap,510,12.322293760361692,0.0,0.0
twap,511,-8.999135427864212,0.0,0.0
twap,512,-4.1789513078478855,0.0,0.0
twap,513,20.30432008296812,0.0,0.0
twap,514,-0.14050185001719478,0.0,0.0
twap,515,-14.122968289389993,0.0,0.0
twap,516,0.18311200564268465,0.0,0.0
twap,517,-8.935956651141666,0.0,0.0
twap,518,0.9902018805199502,0.0,0.0
twap,519,-15.118137959330918,0.0,0.0
twap,520,1.1399189458252548,0.0,0.0
twap,521,3.5761312149152755,0.0,0.0
twap,522,6.3234447199986255,0.0,0.0
twap,523,-19.30360630718015,0.0,0.0
twap,524,-8.314547288751353,0.0,0.0
twap,525,3.7799037305399823,0.0,0.0
twap,526,3.6337229847045958,0.0,0.0
twap,527,-5.214492799744564,0.0,0.0
twap,528,7.824410913153063,0.0,0.0
twap,529,-17.03515001111791,0.0,0.0
twap,530,1.6888842073674426,0.0,0.0
twap,531,-16.279477107203533,0.0,0.0
twap,532,23.03786771330092,0.0,0.0
twap,533,8.714759159154351,0.0,0.0
twap,534,-7.121964339133276,0.0,0.0
twap,535,4.407054037415521,0.0,0.0
twap,536,0.13071512361402565,0.0,0.0
twap,537,-19.374035839316274,0.0,0.0
twap,538,-1.752346617416342,0.0,0.0
twap,539,-9.124581673299183,0.0,0.0
twap,540,-5.783312354474098,0.0,0.0
twap,541,12.354020652163904,0.0,0.0
twap,542,-20.79156147566946,0.0,0.0
twap,543,9.20035797195292,0.0,0.0
twap,544,15.562316447490366,0.0,0.0
twap,545,4.64370870915022,0.0,0.0
twap,546,2.6861906775490483,0.0,0.0
twap,547,-13.353474186930088,0.0,0.0
twap,548,-0.15917485517766305,0.0,0.0
twap,549,1.540181393063633,0.0,0.0
twap,550,17.98613249640373,0.0,0.0
twap,551,-3.4827611976113215,0.0,0.0
twap,552,-5.422404534176669,0.0,0.0
twap,553,10.625158290993117,0.0,0.0
twap,554,-18.336987983793616,0.0,0.0
twap,555,11.346649772748034,0.0,0.0
twap,556,-7.27077915684892,0.0,0.0
twap,557,22.53939771656018,0.0,0.0
twap,558,0.8763196196288667,0.0,0.0
twap,559,-32.511276295326546,0.0,0.0
twap,560,-13.347647861360674,0.0,0.0
twap,561,14.370093013567152,0.0,0.0
twap,562,-11.807943378894176,0.0,0.0
twap,563,13.091086737241815,0.0,0.0
twap,564,-13.143574090265986,0.0,0.0
twap,565,-7.160091759231362,0.0,0.0
twap,566,37.446729738260466,0.0,0.0
twap,567,-16.147032295214835,0.0,0.0
twap,568,-1.9724233123493855,0.0,0.0
twap,569,-18.74177440766828,0.0,0.0
twap,570,7.4746387576196645,0.0,0.0
twap,571,-14.087926421020072,0.0,0.0
twap,572,18.04733856740559,0.0,0.0
twap,573,21.542520062971153,0.0,0.0
twap,574,-0.1612900673010087,0.0,0.0
twap,575,10.511408532224378,0.0,0.0
twap,576,-7.685021280528641,0.0,0.0
twap,577,-40.708647962126534,0.0,0.0
twap,578,12.245802257295988,0.0,0.0
twap,579,0.662945777876514,0.0,0.0
twap,580,-1.7170670187148314,0.0,0.0
twap,581,7.951315012007575,0.0,0.0
twap,582,-0.8521218388113054,0.0,0.0
twap,583,19.665320696817812,0.0,0.0
twap,584,29.539415504636114,0.0,0.0
twap,585,24.492390563852158,0.0,0.0
twap,586,7.845368696372673,0.0,0.0
twap,587,-19.44304554153473,0.0,0.0
twap,588,1.1399309618384903,0.0,0.0
twap,589,4.575264795168591,0.0,0.0
twap,590,24.266347343638316,0.0,0.0
twap,591,10.336206393360065,0.0,0.0
twap,592,-4.575626799090041,0.0,0.0
twap,593,15.565411974383608,0.0,0.0
twap,594,-1.271903493709326,0.0,0.0
twap,595,22.42089408198205,0.0,0.0
twap,596,0.0347908163841058,0.0,0.0
twap,597,-4.718775745197516,0.0,0.0
twap,598,-8.447965092665314,0.0,0.0
twap,599,-18.075363202708044,0.0,0.0
twap,600,-8.391496777713677,0.0,0.0
twap,601,-27.583685762658654,0.0,0.0
twap,602,-5.183854297710906,0.0,0.0
twap,603,9.677465958482857,0.0,0.0
twap,604,2.7493054348862827,0.0,0.0
twap,605,-12.085809212396242,0.0,0.0
twap,606,-16.44824586998913,0.0,0.0
twap,607,16.76337963673326,0.0,0.0
twap,608,24.083660170236836,0.0,0.0
twap,609,-6.557735101261806,0.0,0.0
twap,610,24.161793775641673,0.0,0.0
twap,611,-32.83778964459081,0.0,0.0
twap,612,10.138888593634412,0.0,0.0
twap,613,-15.592285201889482,0.0,0.0
twap,614,6.9683928526605525,0.0,0.0
twap,615,6.094903222323142,0.0,0.0
twap,616,13.761725814019123,0.0,0.0
twap,617,8.104260852225819,0.0,0.0
twap,618,17.25288071303864,0.0,0.0
twap,619,14.835962342778553,0.0,0.0
twap,620,4.617446293514371,0.0,0.0
twap,621,2.573428646135299,0.0,0.0
twap,622,-3.9533176389479627,0.0,0.0
twap,623,-1.3476609285299428,0.0,0.0
twap,624,-18.833193413706265,0.0,0.0
twap,625,-20.357585873894685,0.0,0.0
twap,626,3.8717711313307355,0.0,0.0
twap,627,11.40578835666474,0.0,0.0
twap,628,-6.810419714088171,0.0,0.0
twap,629,4.705118195122183,0.0,0.0
twap,630,4.212552478067612,0.0,0.0
twap,631,-12.112665387606873,0.0,0.0
twap,632,-1.652483284791015,0.0,0.0
twap,633,1.1756089324170147,0.0,0.0
twap,634,8.741804120092757,0.0,0.0
twap,635,-5.327484875886957,0.0,0.0
twap,636,-16.6918693806094,0.0,0.0
twap,637,4.0301621947108055,0.0,0.0
twap,638,-11.54183971581094,0.0,0.0
twap,639,0.6861466781728964,0.0,0.0
twap,640,2.378674405013641,0.0,0.0
twap,641,13.215431503302817,0.0,0.0
twap,642,37.123996783916944,0.0,0.0
twap,643,-6.197593648321516,0.0,0.0
twap,644,12.224465330847249,0.0,0.0
twap,645,-21.372487554827597,0.0,0.0
twap,646,-21.209945764486967,0.0,0.0
twap,647,23.583645562943918,0.0,0.0
twap,648,3.6879047888224026,0.0,0.0
twap,649,5.040024674450195,0.0,0.0
twap,650,4.1728337970729275,0.0,0.0
twap,651,0.8179972014574358,0.0,0.0
twap,652,-5.673445336832285,0.0,0.0
twap,653,7.827862472763721,0.0,0.0
twap,654,-12.761456940180528,0.0,0.0
twap,655,10.748953834797529,0.0,0.0
twap,656,-22.181191817132554,0.0,0.0
twap,657,-16.83286822157663,0.0,0.0
twap,658,15.023558650957641,0.0,0.0
twap,659,-4.587308986513991,0.0,0.0
twap,660,-8.576514843459302,0.0,0.0
twap,661,11.168332578868029,0.0,0.0
twap,662,-0.0536603030273744,0.0,0.0
twap,663,-3.861247086630743,0.0,0.0
twap,664,2.3454910283271615,0.0,0.0
twap,665,4.2502706448887,0.0,0.0
twap,666,5.8055502377209836,0.0,0.0
twap,667,24.003262553663884,0.0,0.0
twap,668,-12.50543132118591,0.0,0.0
twap,669,-1.1073482056180834,0.0,0.0
twap,670,-6.398003757641107,0.0,0.0
twap,671,-7.7352684962681755,0.0,0.0
twap,672,2.675354402047251,0.0,0.0
twap,673,-9.884176770509843,0.0,0.0
twap,674,21.932653581547875,0.0,0.0
twap,675,6.1436712452109195,0.0,0.0
twap,676,30.93139935181875,0.0,0.0
twap,677,17.65946279167382,0.0,0.0
twap,678,1.1621588103403682,0.0,0.0
twap,679,-10.795409035258501,0.0,0.0
twap,680,-3.934197495327654,0.0,0.0
twap,681,11.20549675422982,0.0,0.0
twap,682,10.34334154049869,0.0,0.0
twap,683,-13.532080789599982,0.0,0.0
twap,684,-13.428201291857118,0.0,0.0
twap,685,32.495047496681835,0.0,0.0
twap,686,-6.749314269130616,0.0,0.0
twap,687,12.941343828912586,0.0,0.0
twap,688,-15.54659249719113,0.0,0.0
twap,689,-6.379851750609834,0.0,0.0
twap,690,-9.85000447693122,0.0,0.0
twap,691,3.64429061560544,0.0,0.0
twap,692,-4.429362202394349,0.0,0.0
twap,693,9.417144893091924,0.0,0.0
twap,694,-7.235749300278804,0.0,0.0
twap,695,-6.1319765445157755,0.0,0.0
twap,696,15.568819651928095,0.0,0.0
twap,697,-8.349322563531452,0.0,0.0
twap,698,-6.024642887768872,0.0,0.0
twap,699,-9.900278214051319,0.0,0.0
twap,700,14.038317820165677,0.0,0.0
twap,701,1.852877315797916,0.0,0.0
twap,702,9.361629980492799,0.0,0.0
twap,703,-5.605499731585645,0.0,0.0
twap,704,8.465196252476785,0.0,0.0
twap,705,1.3791941718923302,0.0,0.0
twap,706,10.82058375248578,0.0,0.0
twap,707,-0.8419927112148682,0.0,0.0
twap,708,-5.956783931812881,0.0,0.0
twap,709,-7.6387626723668,0.0,0.0
twap,710,11.73250684185639,0.0,0.0
twap,711,-8.517161140122214,0.0,0.0
twap,712,1.0138205728594487,0.0,0.0
twap,713,-14.178699218229129,0.0,0.0
twap,714,1.4901470979212155,0.0,0.0
twap,715,10.012203523582135,0.0,0.0
twap,716,17.36998158190733,0.0,0.0
twap,717,-5.504618554817453,0.0,0.0
twap,718,8.805048030079742,0.0,0.0
twap,719,-12.317575744055668,0.0,0.0
twap,720,37.10794504325722,0.0,0.0
twap,721,-8.753509038151517,0.0,0.0
twap,722,-13.138772558120968,0.0,0.0
twap,723,16.84055181956914,0.0,0.0
twap,724,-7.401556501328499,0.0,0.0
twap,725,17.24994048150713,0.0,0.0
twap,726,27.274391391373715,0.0,0.0
twap,727,3.9674049503386084,0.0,0.0
twap,728,14.440192321177767,0.0,0.0
twap,729,2.089640736992547,0.0,0.0
twap,730,9.961673004336182,0.0,0.0
twap,731,26.342208918619406,0.0,0.0
twap,732,3.2299314177673932,0.0,0.0
twap,733,-0.7096765389819683,0.0,0.0
twap,734,-4.367404164407986,0.0,0.0
twap,735,-1.5925876681001445,0.0,0.0
twap,736,-0.5067111093474757,0.0,0.0
twap,737,-17.386255742497465,0.0,0.0
twap,738,-17.762497019352395,0.0,0.0
twap,739,-24.519552132262103,0.0,0.0
twap,740,-7.429794970415257,0.0,0.0
twap,741,7.050705062630382,0.0,0.0
twap,742,3.6013795134405533,0.0,0.0
twap,743,6.966238373064917,0.0,0.0
twap,744,29.85745951572728,0.0,0.0
twap,745,-16.316051508210073,0.0,0.0
twap,746,-2.240211623318546,0.0,0.0
twap,747,-7.0505575188139655,0.0,0.0
twap,748,-5.6330392964450215,0.0,0.0
twap,749,11.745560407845467,0.0,0.0
twap,750,-0.3840941425325116,0.0,0.0
twap,751,-12.826548640691808,0.0,0.0
twap,752,-1.2251642320712448,0.0,0.0
twap,753,-6.9128686099740975,0.0,0.0
twap,754,5.90586044377654,0.0,0.0
twap,755,-1.3107980654376985,0.0,0.0
twap,756,-2.6039692053675827,0.0,0.0
twap,757,-6.61869012958448,0.0,0.0
twap,758,-3.7313586335003475,0.0,0.0
twap,759,0.4443601029643041,0.0,0.0
twap,760,-5.588738887986141,0.0,0.0
twap,761,-1.9183487714070124,0.0,0.0
twap,762,-7.048088422921254,0.0,0.0
twap,763,-1.8607107796264446,0.0,0.0
twap,764,-5.505202203181922,0.0,0.0
twap,765,-6.92130525030877,0.0,0.0
twap,766,-10.951423755166395,0.0,0.0
twap,767,-17.999098504774157,0.0,0.0
twap,768,-2.2099061774657804,0.0,0.0
twap,769,6.717057360691957,0.0,0.0
twap,770,-6.27606549923866,0.0,0.0
twap,771,0.34694230652606545,0.0,0.0
twap,772,-0.7021101836665951,0.0,0.0
twap,773,3.2228022788557897,0.0,0.0
twap,774,-10.29305556705739,0.0,0.0
twap,775,15.048592449009734,0.0,0.0
twap,776,0.9444143702813842,0.0,0.0
twap,777,-7.530057674769428,0.0,0.0
twap,778,-0.527501179601565,0.0,0.0
twap,779,3.434358045929101,0.0,0.0
twap,780,0.3908346572399913,0.0,0.0
twap,781,7.117795530553243,0.0,0.0
twap,782,-7.164821301656263,0.0,0.0
twap,783,15.794064020709175,0.0,0.0
twap,784,-7.039344746453649,0.0,0.0
twap,785,1.459031475999047,0.0,0.0
twap,786,0.11394981062295906,0.0,0.0
twap,787,10.175638213003566,0.0,0.0
twap,788,2.2475402278275594,0.0,0.0
twap,789,-0.32026093861934063,0.0,0.0
twap,790,-9.81466921872857,0.0,0.0
twap,791,-0.7566565827196328,0.0,0.0
twap,792,-18.719295090246273,0.0,0.0
twap,793,-15.206783982842142,0.0,0.0
twap,794,4.5389586914981725,0.0,0.0
twap,795,-5.359830530552965,0.0,0.0
twap,796,-10.36884437231133,0.0,0.0
twap,797,9.001320059455411,0.0,0.0
twap,798,0.7763060860649413,0.0,0.0
twap,799,2.304962295595377,0.0,0.0
twap,800,-4.5572492685231,0.0,0.0
twap,801,1.112633302063777,0.0,0.0
twap,802,-2.6835648575120583,0.0,0.0
twap,803,2.128429502855891,0.0,0.0
twap,804,-4.163801315651082,0.0,0.0
twap,805,-10.212135684623947,0.0,0.0
twap,806,9.928227328505015,0.0,0.0
twap,807,-12.018442804494626,0.0,0.0
twap,808,-5.488378380227057,0.0,0.0
twap,809,13.075840561839422,0.0,0.0
twap,810,-11.841800064385774,0.0,0.0
twap,811,22.893779747603645,0.0,0.0
twap,812,7.541741546534666,0.0,0.0
twap,813,-4.861545233129567,0.0,0.0
twap,814,1.2668249373348546,0.0,0.0
twap,815,10.740045244905556,0.0,0.0
twap,816,3.1053165660358286,0.0,0.0
twap,817,-21.009924604524766,0.0,0.0
twap,818,0.5906809309790868,0.0,0.0
twap,819,5.986317135668901,0.0,0.0
twap,820,-1.15643205459028,0.0,0.0
twap,821,-5.305165060116752,0.0,0.0
twap,822,4.4811256306805465,0.0,0.0
twap,823,25.107026317099923,0.0,0.0
twap,824,-9.517314412366064,0.0,0.0
twap,825,-7.220026017526576,0.0,0.0
twap,826,-0.3218235278395544,0.0,0.0
twap,827,4.45248198439283,0.0,0.0
twap,828,14.729092801323143,0.0,0.0
twap,829,12.396593962453654,0.0,0.0
twap,830,8.541842960687108,0.0,0.0
twap,831,9.052859160760121,0.0,0.0
twap,832,-5.665676900304471,0.0,0.0
twap,833,-3.4385331437490665,0.0,0.0
twap,834,1.4866602235983217,0.0,0.0
twap,835,-24.18332062766938,0.0,0.0
twap,836,8.203456658617952,0.0,0.0
twap,837,9.961653547309988,0.0,0.0
twap,838,-17.17288744162677,0.0,0.0
twap,839,8.828092350183638,0.0,0.0
twap,840,13.184358685027622,0.0,0.0
twap,841,1.758148250717705,0.0,0.0
twap,842,0.09194557798484149,0.0,0.0
twap,843,-9.14782983087067,0.0,0.0
twap,844,16.985322047291337,0.0,0.0
twap,845,-52.31404611680026,0.0,0.0
twap,846,24.567134740341682,0.0,0.0
twap,847,2.5053209549276416,0.0,0.0
twap,848,0.9951760780774804,0.0,0.0
twap,849,-5.231657480382162,0.0,0.0
twap,850,5.218472730803009,0.0,0.0
twap,851,11.714884364667467,0.0,0.0
twap,852,-19.890706057401253,0.0,0.0
twap,853,-14.511732066951303,0.0,0.0
twap,854,2.7933634227769146,0.0,0.0
twap,855,7.4360170731313096,0.0,0.0
twap,856,14.154026008279587,0.0,0.0
twap,857,-1.0093494797126599,0.0,0.0
twap,858,13.217415907696004,0.0,0.0
twap,859,-3.0507321852355123,0.0,0.0
twap,860,3.1393204280161617,0.0,0.0
twap,861,43.56731982021343,0.0,0.0
twap,862,13.556479273726817,0.0,0.0
twap,863,-5.049559317558176,0.0,0.0
twap,864,11.202105800139394,0.0,0.0
twap,865,-3.9024688736987447,0.0,0.0
twap,866,-7.000217648392477,0.0,0.0
twap,867,2.5192230657378767,0.0,0.0
twap,868,9.623137396518736,0.0,0.0
twap,869,5.01753675400639,0.0,0.0
twap,870,24.68125501381009,0.0,0.0
twap,871,15.178981633670633,0.0,0.0
twap,872,-2.2850175140507183,0.0,0.0
twap,873,9.457240992560942,0.0,0.0
twap,874,-9.052603738011587,0.0,0.0
twap,875,-11.046516774529291,0.0,0.0
twap,876,10.167522191541751,0.0,0.0
twap,877,0.1868958421004674,0.0,0.0
twap,878,-3.6751111316598886,0.0,0.0
twap,879,-0.7387004271798241,0.0,0.0
twap,880,-7.611713780130229,0.0,0.0
twap,881,-6.159295386011714,0.0,0.0
twap,882,-17.331710182680908,0.0,0.0
twap,883,-1.9672160834213335,0.0,0.0
twap,884,-23.400051639212343,0.0,0.0
twap,885,13.215439031084928,0.0,0.0
twap,886,26.934589223488004,0.0,0.0
twap,887,6.199742429469931,0.0,0.0
twap,888,-0.6337978411824423,0.0,0.0
twap,889,-4.812929332004848,0.0,0.0
twap,890,2.9156232365488766,0.0,0.0
twap,891,-4.140175623580122,0.0,0.0
twap,892,-1.2989248770349682,0.0,0.0
twap,893,-9.35959931689953,0.0,0.0
twap,894,-1.1566002465303604,0.0,0.0
twap,895,4.018886970160054,0.0,0.0
twap,896,2.5455514052735153,0.0,0.0
twap,897,-13.221591995644664,0.0,0.0
twap,898,-4.044720081290847,0.0,0.0
twap,899,2.544220460720367,0.0,0.0
twap,900,11.333232070958001,0.0,0.0
twap,901,-12.181709798587367,0.0,0.0
twap,902,7.655075703201217,0.0,0.0
twap,903,-7.935522261972099,0.0,0.0
twap,904,-30.082464149386734,0.0,0.0
twap,905,16.006911892414262,0.0,0.0
twap,906,3.4990065633574488,0.0,0.0
twap,907,-4.693860193817112,0.0,0.0
twap,908,14.195794955346248,0.0,0.0
twap,909,4.409670180036195,0.0,0.0
twap,910,-24.1647515218439,0.0,0.0
twap,911,10.88648993430945,0.0,0.0
twap,912,-21.755873519369562,0.0,0.0
twap,913,12.342191193042991,0.0,0.0
twap,914,-1.956528397339024,0.0,0.0
twap,915,16.33558391060142,0.0,0.0
twap,916,-5.39311615912633,0.0,0.0
twap,917,-11.065380933705839,0.0,0.0
twap,918,-8.563231695352913,0.0,0.0
twap,919,-5.176264148396095,0.0,0.0
twap,920,-12.780226016082805,0.0,0.0
twap,921,11.85429766215269,0.0,0.0
twap,922,-7.721844608867143,0.0,0.0
twap,923,-4.122532567146488,0.0,0.0
twap,924,30.494943494341857,0.0,0.0
twap,925,25.857471823868146,0.0,0.0
twap,926,4.745471362023919,0.0,0.0
twap,927,3.2002299627048356,0.0,0.0
twap,928,19.802917644979072,0.0,0.0
twap,929,-3.389105832657392,0.0,0.0
twap,930,-18.7297636202221,0.0,0.0
twap,931,-14.755227180603372,0.0,0.0
twap,932,6.101739590585747,0.0,0.0
twap,933,-0.4643350508471959,0.0,0.0
twap,934,9.624799999656274,0.0,0.0
twap,935,4.34691890652241,0.0,0.0
twap,936,6.208876547509883,0.0,0.0
twap,937,-24.34675619726256,0.0,0.0
twap,938,-5.803062000889075,0.0,0.0
twap,939,-30.68801800145916,0.0,0.0
twap,940,-10.994198749096903,0.0,0.0
twap,941,6.129713642870259,0.0,0.0
twap,942,8.291810974247904,0.0,0.0
twap,943,11.47867552258899,0.0,0.0
twap,944,-10.705891414655659,0.0,0.0
twap,945,-0.9581957382875019,0.0,0.0
twap,946,12.352239954494951,0.0,0.0
twap,947,-3.2223192177325064,0.0,0.0
twap,948,1.1585255969938622,0.0,0.0
twap,949,8.706617353681319,0.0,0.0
twap,950,-0.0733770762791233,0.0,0.0
twap,951,-6.07400067406168,0.0,0.0
twap,952,7.262648606184438,0.0,0.0
twap,953,3.4599594794973547,0.0,0.0
twap,954,14.326006021597914,0.0,0.0
twap,955,-8.701434226967848,0.0,0.0
twap,956,-1.00868622642785,0.0,0.0
twap,957,2.3005926183803314,0.0,0.0
twap,958,-22.897617558748895,0.0,0.0
twap,959,-11.523520901895587,0.0,0.0
twap,960,4.6372814138970835,0.0,0.0
twap,961,-0.5227333469918813,0.0,0.0
twap,962,1.3267064311006167,0.0,0.0
twap,963,4.136764285706959,0.0,0.0
twap,964,7.636840219381937,0.0,0.0
twap,965,-13.933620636429653,0.0,0.0
twap,966,-0.4486371939848052,0.0,0.0
twap,967,-30.2756503504064,0.0,0.0
twap,968,9.905987553271627,0.0,0.0
twap,969,-4.426920205923485,0.0,0.0
twap,970,-3.8344958346117797,0.0,0.0
twap,971,3.4646835606620483,0.0,0.0
twap,972,-5.615239625206262,0.0,0.0
twap,973,1.1827425923842625,0.0,0.0
twap,974,23.59870768160877,0.0,0.0
twap,975,6.6199250381995896,0.0,0.0
twap,976,4.435711423974408,0.0,0.0
twap,977,-6.633978342262688,0.0,0.0
twap,978,-7.961645611389795,0.0,0.0
twap,979,29.24648252311039,0.0,0.0
twap,980,17.59285180114901,0.0,0.0
twap,981,-10.302646638171556,0.0,0.0
twap,982,-20.483787118525978,0.0,0.0
twap,983,-12.92227512325838,0.0,0.0
twap,984,7.342044440981493,0.0,0.0
twap,985,-6.598429477524856,0.0,0.0
twap,986,-20.94455765929397,0.0,0.0
twap,987,4.9685099505743215,0.0,0.0
twap,988,-11.459994186325043,0.0,0.0
twap,989,7.793511692930944,0.0,0.0
twap,990,14.307661307916254,0.0,0.0
twap,991,2.5720175223878705,0.0,0.0
twap,992,-16.608694311658496,0.0,0.0
twap,993,0.3567151657141584,0.0,0.0
twap,994,11.986719666940616,0.0,0.0
twap,995,-12.422013102025161,0.0,0.0
twap,996,22.98584908971841,0.0,0.0
twap,997,9.124231998352217,0.0,0.0
twap,998,-3.8308842149111224,0.0,0.0
twap,999,4.5113396144289855,0.0,0.0
twap,1000,-21.895735527873207,0.0,0.0
twap,1001,2.8063257857013286,0.0,0.0
twap,1002,-0.6088652615429059,0.0,0.0
twap,1003,9.395076580347693,0.0,0.0
twap,1004,0.4842012556194755,0.0,0.0
twap,1005,-5.554818321174698,0.0,0.0
twap,1006,-9.404380276844591,0.0,0.0
twap,1007,0.6155038139290836,0.0,0.0
twap,1008,-18.942505969398006,0.0,0.0
twap,1009,-5.972288810061788,0.0,0.0
twap,1010,7.775455061477799,0.0,0.0
twap,1011,2.488807423115684,0.0,0.0
twap,1012,-13.526998267233301,0.0,0.0
twap,1013,-18.78170520706834,0.0,0.0
twap,1014,25.725554988127612,0.0,0.0
twap,1015,-3.4469904276022936,0.0,0.0
twap,1016,-1.948810104290883,0.0,0.0
twap,1017,-13.11589948469709,0.0,0.0
twap,1018,13.918672845993862,0.0,0.0
twap,1019,1.2539123323428298,0.0,0.0
twap,1020,-5.9035414553635475,0.0,0.0
twap,1021,27.30934983629412,0.0,0.0
twap,1022,16.661571462992846,0.0,0.0
twap,1023,2.812754511196166,0.0,0.0
twap,1024,-11.09218634887104,0.0,0.0
twap,1025,-4.4311410464955125,0.0,0.0
twap,1026,-12.999947405723962,0.0,0.0
twap,1027,-15.036989802632169,0.0,0.0
twap,1028,14.082179496138899,0.0,0.0
twap,1029,-3.41209312839954,0.0,0.0
twap,1030,5.704069944959221,0.0,0.0
twap,1031,11.987873162544032,0.0,0.0
twap,1032,9.817156521623609,0.0,0.0
twap,1033,19.207165046927475,0.0,0.0
twap,1034,-10.378763957951305,0.0,0.0
twap,1035,12.009967344124155,0.0,0.0
twap,1036,-15.496414998205395,0.0,0.0
twap,1037,4.021273233128245,0.0,0.0
twap,1038,8.050055330718637,0.0,0.0
twap,1039,-9.745245413523659,0.0,0.0
twap,1040,-10.825714016662664,0.0,0.0
twap,1041,13.449287001827013,0.0,0.0
twap,1042,-8.479972952099516,0.0,0.0
twap,1043,-6.1888401585569355,0.0,0.0
twap,1044,13.991856428560471,0.0,0.0
twap,1045,2.0326094564127195,0.0,0.0
twap,1046,-3.9358904060215525,0.0,0.0
twap,1047,-3.374779424634087,0.0,0.0
twap,1048,13.085945761701472,0.0,0.0
twap,1049,-3.28504302504627,0.0,0.0
twap,1050,4.734925087075537,0.0,0.0
twap,1051,-3.7888071274759656,0.0,0.0
twap,1052,-18.920402957181736,0.0,0.0
twap,1053,-1.4502416165267515,0.0,0.0
twap,1054,10.573881320045839,0.0,0.0
twap,1055,-2.0728540137574005,0.0,0.0
twap,1056,-16.702110330135955,0.0,0.0
twap,1057,9.811051751047605,0.0,0.0
twap,1058,-15.316567617316132,0.0,0.0
twap,1059,10.077003845630625,0.0,0.0
twap,1060,15.098085236928,0.0,0.0
twap,1061,-2.827327635872009,0.0,0.0
twap,1062,1.1053623599086912,0.0,0.0
twap,1063,0.015033523677362763,0.0,0.0
twap,1064,-7.070532191156517,0.0,0.0
twap,1065,4.404512644174189,0.0,0.0
twap,1066,2.5360908356063954,0.0,0.0
twap,1067,6.29879604175738,0.0,0.0
twap,1068,2.4277344521543656,0.0,0.0
twap,1069,16.483884871824785,0.0,0.0
twap,1070,5.580585040039482,0.0,0.0
twap,1071,-20.961465285339063,0.0,0.0
twap,1072,-1.610352404973485,0.0,0.0
twap,1073,18.943049165242982,0.0,0.0
twap,1074,10.734211673818997,0.0,0.0
twap,1075,18.51275300849849,0.0,0.0
twap,1076,-2.6651386815887386,0.0,0.0
twap,1077,-14.327339531037657,0.0,0.0
twap,1078,9.407472289174397,0.0,0.0
twap,1079,9.391314970064222,0.0,0.0
twap,1080,4.989790611343297,0.0,0.0
twap,1081,18.24271381905798,0.0,0.0
twap,1082,-4.303853108616804,0.0,0.0
twap,1083,-0.2887330945784457,0.0,0.0
twap,1084,-4.664677285044143,0.0,0.0
twap,1085,9.582992819310803,0.0,0.0
twap,1086,2.7473517961482448,0.0,0.0
twap,1087,-11.455037072544233,0.0,0.0
twap,1088,-15.827663983076441,0.0,0.0
twap,1089,-14.985131569722046,0.0,0.0
twap,1090,20.51711976886199,0.0,0.0
twap,1091,11.491522063417108,0.0,0.0
twap,1092,9.618355026685771,0.0,0.0
twap,1093,-2.033937832724085,0.0,0.0
twap,1094,-3.5065993875847967,0.0,0.0
twap,1095,-2.127877178446633,0.0,0.0
twap,1096,17.949248147939468,0.0,0.0
twap,1097,24.175237564252388,0.0,0.0
twap,1098,13.973307846077654,0.0,0.0
twap,1099,36.00830183414611,0.0,0.0
twap,1100,-26.067309388711898,0.0,0.0
twap,1101,9.833917306241048,0.0,0.0
twap,1102,-3.224056742810864,0.0,0.0
twap,1103,7.229322382542386,0.0,0.0
twap,1104,-17.874514634446346,0.0,0.0
twap,1105,5.893932492425969,0.0,0.0
twap,1106,-14.531722186431082,0.0,0.0
twap,1107,1.1417281966488453,0.0,0.0
twap,1108,12.816189937287474,0.0,0.0
twap,1109,-4.039173785516581,0.0,0.0
twap,1110,6.274188582840462,0.0,0.0
twap,1111,-7.322867534206173,0.0,0.0
twap,1112,18.320377164945114,0.0,0.0
twap,1113,-2.4325764117619704,0.0,0.0
twap,1114,-18.313843013042234,0.0,0.0
twap,1115,-11.532691159981105,0.0,0.0
twap,1116,-0.23392596566242935,0.0,0.0
twap,1117,31.561189309739508,0.0,0.0
twap,1118,8.133281646742127,0.0,0.0
twap,1119,-0.9719563335564518,0.0,0.0
twap,1120,1.4129788950464903,0.0,0.0
twap,1121,-12.708155372907617,0.0,0.0
twap,1122,-6.562166341652215,0.0,0.0
twap,1123,-22.17984639612339,0.0,0.0
twap,1124,36.957310315391794,0.0,0.0
twap,1125,14.16836402120247,0.0,0.0
twap,1126,7.065336847760105,0.0,0.0
twap,1127,7.467892211838021,0.0,0.0
twap,1128,6.557867235188379,0.0,0.0
twap,1129,-10.045666526693992,0.0,0.0
twap,1130,7.636615873707715,0.0,0.0
twap,1131,28.643083725570623,0.0,0.0
twap,1132,4.359310448023527,0.0,0.0
twap,1133,0.29645909275037763,0.0,0.0
twap,1134,3.3611002466852464,0.0,0.0
twap,1135,20.02138360323715,0.0,0.0
twap,1136,18.09816265291488,0.0,0.0
twap,1137,7.310635504915886,0.0,0.0
twap,1138,-13.147564308566418,0.0,0.0
twap,1139,-10.747555338501469,0.0,0.0
twap,1140,-17.997948947860326,0.0,0.0
twap,1141,7.502616651441927,0.0,0.0
twap,1142,-7.992574103359872,0.0,0.0
twap,1143,-15.304608358022724,0.0,0.0
twap,1144,-1.5523722522046755,0.0,0.0
twap,1145,9.182165006020455,0.0,0.0
twap,1146,3.5422304052215456,0.0,0.0
twap,1147,21.211055829549288,0.0,0.0
twap,1148,-20.828260717859497,0.0,0.0
twap,1149,-13.004066867029849,0.0,0.0
twap,1150,-11.785114893542948,0.0,0.0
twap,1151,17.079960754735417,0.0,0.0
twap,1152,-6.888225177258078,0.0,0.0
twap,1153,-33.32025669746775,0.0,0.0
twap,1154,7.102544195979591,0.0,0.0
twap,1155,-15.985377759829541,0.0,0.0
twap,1156,21.592670642294642,0.0,0.0
twap,1157,-18.294473181530005,0.0,0.0
twap,1158,-6.237541703568504,0.0,0.0
twap,1159,2.9899510537298943,0.0,0.0
twap,1160,2.05356196178982,0.0,0.0
twap,1161,-3.071411041868084,0.0,0.0
twap,1162,-0.3864960255083972,0.0,0.0
twap,1163,-9.697222182031712,0.0,0.0
twap,1164,4.989535580568424,0.0,0.0
twap,1165,21.725431696056653,0.0,0.0
twap,1166,7.876250607805377,0.0,0.0
twap,1167,-4.965662575564497,0.0,0.0
twap,1168,-12.639186132072133,0.0,0.0
twap,1169,2.8778396867997222,0.0,0.0
twap,1170,-17.138711099433586,0.0,0.0
twap,1171,14.517659613576788,0.0,0.0
twap,1172,-22.232362187631104,0.0,0.0
twap,1173,-5.1516479673215665,0.0,0.0
twap,1174,0.7146825281694364,0.0,0.0
twap,1175,7.338634933281223,0.0,0.0
twap,1176,6.279153385361689,0.0,0.0
twap,1177,2.6168967470921998,0.0,0.0
twap,1178,-10.56203187302377,0.0,0.0
twap,1179,-4.739837118703591,0.0,0.0
twap,1180,-7.963283163767883,0.0,0.0
twap,1181,-11.637460962030916,0.0,0.0
twap,1182,-3.924164906689715,0.0,0.0
twap,1183,3.0206942867641624,0.0,0.0
twap,1184,-5.30295048171076,0.0,0.0
twap,1185,-11.603800196862773,0.0,0.0
twap,1186,3.2955768168225665,0.0,0.0
twap,1187,7.581014681323256,0.0,0.0
twap,1188,-17.043558574218466,0.0,0.0
twap,1189,-2.637853045512236,0.0,0.0
twap,1190,-1.3872908541085218,0.0,0.0
twap,1191,-6.968191548025011,0.0,0.0
twap,1192,-42.995437698223,0.0,0.0
twap,1193,14.2517806150953,0.0,0.0
twap,1194,9.944682013419824,0.0,0.0
twap,1195,-1.120957674754792,0.0,0.0
twap,1196,-2.976314178687501,0.0,0.0
twap,1197,2.248385069401458,0.0,0.0
twap,1198,-1.4040035543967044,0.0,0.0
twap,1199,19.906118940065927,0.0,0.0
static_ac,0,13.084333856423584,0.0,0.0
static_ac,1,-3.1714450849636937,0.0,0.0
static_ac,2,-7.720622934366772,0.0,0.0
static_ac,3,13.364269919217442,0.0,0.0
static_ac,4,17.362152915239655,0.0,0.0
static_ac,5,6.181078452760449,0.0,0.0
static_ac,6,-4.398534514545356,0.0,0.0
static_ac,7,6.215632132977206,0.0,0.0
static_ac,8,-19.62803521384699,0.0,0.0
static_ac,9,2.8235676234911917,0.0,0.0
static_ac,10,-4.627460230293367,0.0,0.0
static_ac,11,0.6651642600343316,0.0,0.0
static_ac,12,-7.793449482820947,0.0,0.0
static_ac,13,2.898268320577197,0.0,0.0
static_ac,14,1.261658898070435,0.0,0.0
static_ac,15,5.775260605544005,0.0,0.0
static_ac,16,-25.639545616455916,0.0,0.0
static_ac,17,0.7238144551040069,0.0,0.0
static_ac,18,4.570547682458677,0.0,0.0
static_ac,19,-23.538518245113245,0.0,0.0
static_ac,20,-2.5142007733963725,0.0,0.0
static_ac,21,-6.582963825497344,0.0,0.0
static_ac,22,17.21483075738219,0.0,0.0
static_ac,23,-0.30657863353535003,0.0,0.0
static_ac,24,-0.10505165090601824,0.0,0.0
static_ac,25,-0.30431318000220164,0.0,0.0
static_ac,26,-2.141118700426684,0.0,0.0
static_ac,27,-9.28834094766161,0.0,0.0
static_ac,28,-6.922173364540609,0.0,0.0
static_ac,29,-2.6398723629634033,0.0,0.0
static_ac,30,9.457224956737715,0.0,0.0
static_ac,31,-5.682898255121577,0.0,0.0
static_ac,32,3.1263553437801432,0.0,0.0
static_ac,33,-20.63085996090736,0.0,0.0
static_ac,34,8.188744053207103,0.0,0.0
static_ac,35,-2.233207226034552,0.0,0.0
static_ac,36,4.7120898295431575,0.0,0.0
static_ac,37,-2.1042160129159195,0.0,0.0
static_ac,38,1.4212529647310144,0.0,0.0
static_ac,39,5.78882943323196,0.0,0.0
static_ac,40,-7.902940560663652,0.0,0.0
static_ac,41,5.188264570394779,0.0,0.0
static_ac,42,-0.32871582914841746,0.0,0.0
static_ac,43,12.334689947449474,0.0,0.0
static_ac,44,-0.21047273661160873,0.0,0.0
static_ac,45,5.510486679452759,0.0,0.0
static_ac,46,4.4676741643064215,0.0,0.0
static_ac,47,-0.5318541378540084,0.0,0.0
static_ac,48,-4.20752771180406,0.0,0.0
static_ac,49,-19.676512415760843,0.0,0.0
static_ac,50,-0.08754893336068727,0.0,0.0
static_ac,51,6.560353880910362,0.0,0.0
static_ac,52,13.028846589901127,0.0,0.0
static_ac,53,-0.11008464517139717,0.0,0.0
static_ac,54,4.274902506918223,0.0,0.0
static_ac,55,-7.38484884601861,0.0,0.0
static_ac,56,12.545302187349641,0.0,0.0
static_ac,57,10.552105261852494,0.0,0.0
static_ac,58,12.331300921873913,0.0,0.0
static_ac,59,12.775280894582739,0.0,0.0
static_ac,60,12.817396394225694,0.0,0.0
static_ac,61,4.256868279762311,0.0,0.0
static_ac,62,-1.7091691594068812,0.0,0.0
static_ac,63,-23.366651144211282,0.0,0.0
static_ac,64,-4.101568816843711,0.0,0.0
static_ac,65,5.122807227863397,0.0,0.0
static_ac,66,0.9362043513508669,0.0,0.0
static_ac,67,9.202177862134123,0.0,0.0
static_ac,68,-1.5597112417908237,0.0,0.0
static_ac,69,13.838735462871298,0.0,0.0
static_ac,70,-3.4386110581625537,0.0,0.0
static_ac,71,19.31067634987274,0.0,0.0
static_ac,72,3.038310549683043,0.0,0.0
static_ac,73,5.267547400372662,0.0,0.0
static_ac,74,18.42641864857622,0.0,0.0
static_ac,75,-2.1639716584448316,0.0,0.0
static_ac,76,2.1133692015651304,0.0,0.0
static_ac,77,-10.816221622830312,0.0,0.0
static_ac,78,4.762017255683938,0.0,0.0
static_ac,79,4.226097082295625,0.0,0.0
static_ac,80,-9.89814404035371,0.0,0.0
static_ac,81,-4.077455212199843,0.0,0.0
static_ac,82,7.365837311817594,0.0,0.0
static_ac,83,-2.42984594733255,0.0,0.0
static_ac,84,0.38209106257298125,0.0,0.0
static_ac,85,-4.1509872924346505,0.0,0.0
static_ac,86,-13.530178020735365,0.0,0.0
static_ac,87,6.792885225434232,0.0,0.0
static_ac,88,13.419442807374635,0.0,0.0
static_ac,89,-14.91315905852427,0.0,0.0
static_ac,90,-16.300491630120113,0.0,0.0
static_ac,91,27.45410605379471,0.0,0.0
static_ac,92,16.981533551163338,0.0,0.0
static_ac,93,-8.991276681014789,0.0,0.0
static_ac,94,-19.55482264241759,0.0,0.0
static_ac,95,-6.068555895227418,0.0,0.0
static_ac,96,-0.010971220525015172,0.0,0.0
static_ac,97,-9.933818234162672,0.0,0.0
static_ac,98,6.2087354732901225,0.0,0.0
static_ac,99,2.4338074532171903,0.0,0.0
static_ac,100,-1.500633014030784,0.0,0.0
static_ac,101,3.5972360882571413,0.0,0.0
static_ac,102,-4.648631246477694,0.0,0.0
static_ac,103,7.2571058564340465,0.0,0.0
static_ac,104,-9.06396991451394,0.0,0.0
static_ac,105,5.813981166976545,0.0,0.0
static_ac,106,12.37714806674242,0.0,0.0
static_ac,107,-13.010029045134871,0.0,0.0
static_ac,108,10.316608769040974,0.0,0.0
static_ac,109,24.632402420629887,0.0,0.0
static_ac,110,11.547301526152815,0.0,0.0
static_ac,111,9.885212239321346,0.0,0.0
static_ac,112,7.280915715385974,0.0,0.0
static_ac,113,16.784292710737446,0.0,0.0
static_ac,114,3.2824347634494533,0.0,0.0
static_ac,115,-11.814013784508846,0.0,0.0
static_ac,116,-4.174007493425241,0.0,0.0
static_ac,117,-11.102297371639699,0.0,0.0
static_ac,118,15.150755936405895,0.0,0.0
static_ac,119,7.321958927010484,0.0,0.0
static_ac,120,0.8024387406325028,0.0,0.0
static_ac,121,-10.413649008013337,0.0,0.0
static_ac,122,1.2202582271481792,0.0,0.0
static_ac,123,-2.9231019248587886,0.0,0.0
static_ac,124,-8.797694817078536,0.0,0.0
static_ac,125,3.31491401684319,0.0,0.0
static_ac,126,3.3236308321645636,0.0,0.0
static_ac,127,0.9238897549678351,0.0,0.0
static_ac,128,2.914801343919163,0.0,0.0
static_ac,129,-0.937473642689314,0.0,0.0
static_ac,130,-24.696905869077312,0.0,0.0
static_ac,131,12.363570486315421,0.0,0.0
static_ac,132,15.973485141827931,0.0,0.0
static_ac,133,-2.2571910736390817,0.0,0.0
static_ac,134,-5.354832832008315,0.0,0.0
static_ac,135,-5.712957091210065,0.0,0.0
static_ac,136,18.63619001128073,0.0,0.0
static_ac,137,-1.0893806870399796,0.0,0.0
static_ac,138,-7.643668148087987,0.0,0.0
static_ac,139,-8.348252072000127,0.0,0.0
static_ac,140,-13.785374079498002,0.0,0.0
static_ac,141,-15.358802116653814,0.0,0.0
static_ac,142,7.36961608234927,0.0,0.0
static_ac,143,-24.237803141679773,0.0,0.0
static_ac,144,7.952731700323122,0.0,0.0
static_ac,145,11.451655932427332,0.0,0.0
static_ac,146,-7.051635318919301,0.0,0.0
static_ac,147,-12.690084003538992,0.0,0.0
static_ac,148,0.8846114589694227,0.0,0.0
static_ac,149,-1.3028383572309865,0.0,0.0
static_ac,150,-13.606515490420156,0.0,0.0
static_ac,151,0.12385092835938623,0.0,0.0
static_ac,152,3.796321606257012,0.0,0.0
static_ac,153,-4.372784637491437,0.0,0.0
static_ac,154,16.594994063051423,0.0,0.0
static_ac,155,-4.538366026857465,0.0,0.0
static_ac,156,0.040451700578209245,0.0,0.0
static_ac,157,3.4204088660918,0.0,0.0
static_ac,158,-5.26246857372874,0.0,0.0
static_ac,159,-9.073558428623352,0.0,0.0
static_ac,160,0.14382436594642692,0.0,0.0
static_ac,161,2.692831933935949,0.0,0.0
static_ac,162,0.5567647136256012,0.0,0.0
static_ac,163,-9.12661864521741,0.0,0.0
static_ac,164,-12.712885067291538,0.0,0.0
static_ac,165,-6.811744498578336,0.0,0.0
static_ac,166,-7.568404491292411,0.0,0.0
static_ac,167,3.612376109518967,0.0,0.0
static_ac,168,22.181673136161166,0.0,0.0
static_ac,169,9.461657895349427,0.0,0.0
static_ac,170,-6.971995473432921,0.0,0.0
static_ac,171,-9.222128535590649,0.0,0.0
static_ac,172,0.21393039986648302,0.0,0.0
static_ac,173,-14.33365860893699,0.0,0.0
static_ac,174,1.7066097173984647,0.0,0.0
static_ac,175,10.294255569101317,0.0,0.0
static_ac,176,28.964245585194856,0.0,0.0
static_ac,177,1.4631397894599725,0.0,0.0
static_ac,178,-0.2935508855555274,0.0,0.0
static_ac,179,9.545633132876818,0.0,0.0
static_ac,180,5.116294433344585,0.0,0.0
static_ac,181,9.431207511372032,0.0,0.0
static_ac,182,-0.2556206548707193,0.0,0.0
static_ac,183,7.430646153748772,0.0,0.0
static_ac,184,-2.0570547060496454,0.0,0.0
static_ac,185,-0.5518784218079751,0.0,0.0
static_ac,186,-17.565040144034704,0.0,0.0
static_ac,187,-2.7974191522626364,0.0,0.0
static_ac,188,20.954037513617646,0.0,0.0
static_ac,189,7.789036051850043,0.0,0.0
static_ac,190,0.8859145901028791,0.0,0.0
static_ac,191,-10.421300172215092,0.0,0.0
static_ac,192,5.593766879299644,0.0,0.0
static_ac,193,8.358319713880098,0.0,0.0
static_ac,194,3.707691577839329,0.0,0.0
static_ac,195,-11.122234613716866,0.0,0.0
static_ac,196,-6.064357001511248,0.0,0.0
static_ac,197,19.308492939537587,0.0,0.0
static_ac,198,-2.0905122280462773,0.0,0.0
static_ac,199,-4.766516375078551,0.0,0.0
static_ac,200,-6.7612590330939675,0.0,0.0
static_ac,201,6.513767831063633,0.0,0.0
static_ac,202,-1.3895791460581426,0.0,0.0
static_ac,203,-5.549168636989712,0.0,0.0
static_ac,204,-14.549883986570922,0.0,0.0
static_ac,205,1.0692858917836132,0.0,0.0
static_ac,206,-2.985587267037477,0.0,0.0
static_ac,207,-10.245270143149824,0.0,0.0
static_ac,208,13.146922864225434,0.0,0.0
static_ac,209,-0.07539559241963198,0.0,0.0
static_ac,210,-1.7385411872345817,0.0,0.0
static_ac,211,7.269174257547903,0.0,0.0
static_ac,212,11.23082899018629,0.0,0.0
static_ac,213,-12.570637844063205,0.0,0.0
static_ac,214,20.02146746713375,0.0,0.0
static_ac,215,17.242419894616482,0.0,0.0
static_ac,216,5.433925910319635,0.0,0.0
static_ac,217,6.148199593452001,0.0,0.0
static_ac,218,14.956629476878248,0.0,0.0
static_ac,219,4.669697355512642,0.0,0.0
static_ac,220,-30.003629336736697,0.0,0.0
static_ac,221,2.041602290697165,0.0,0.0
static_ac,222,0.0013833607736966993,0.0,0.0
static_ac,223,2.161776749386102,0.0,0.0
static_ac,224,7.257316315084307,0.0,0.0
static_ac,225,-6.3976408938701805,0.0,0.0
static_ac,226,-5.286080831146211,0.0,0.0
static_ac,227,-3.8561754631971534,0.0,0.0
static_ac,228,-1.434147033682597,0.0,0.0
static_ac,229,0.5947240215257769,0.0,0.0
static_ac,230,16.20679081419546,0.0,0.0
static_ac,231,-0.170242835845757,0.0,0.0
static_ac,232,-2.6140277212157157,0.0,0.0
static_ac,233,3.7896296188804257,0.0,0.0
static_ac,234,-5.219542370187801,0.0,0.0
static_ac,235,26.121389555232867,0.0,0.0
static_ac,236,-7.5698679509733795,0.0,0.0
static_ac,237,-0.6192928048526907,0.0,0.0
static_ac,238,-7.243049343324926,0.0,0.0
static_ac,239,0.9665350389824074,0.0,0.0
static_ac,240,6.024511419983292,0.0,0.0
static_ac,241,17.86044294251316,0.0,0.0
static_ac,242,-15.91193347629613,0.0,0.0
static_ac,243,2.5839274117600373,0.0,0.0
static_ac,244,-4.839571943495627,0.0,0.0
static_ac,245,-4.264186126433956,0.0,0.0
static_ac,246,-0.0205727235404637,0.0,0.0
static_ac,247,-4.680391489006116,0.0,0.0
static_ac,248,-6.925915160347087,0.0,0.0
static_ac,249,2.515307707029547,0.0,0.0
static_ac,250,8.52806044961,0.0,0.0
static_ac,251,10.80251794623757,0.0,0.0
static_ac,252,-14.046842304930518,0.0,0.0
static_ac,253,3.685638068424179,0.0,0.0
static_ac,254,15.564244660100785,0.0,0.0
static_ac,255,8.12270140452521,0.0,0.0
static_ac,256,-0.10878777463629656,0.0,0.0
static_ac,257,-5.150983802768224,0.0,0.0
static_ac,258,-15.637929044529919,0.0,0.0
static_ac,259,-2.0446494211256994,0.0,0.0
static_ac,260,9.670794595653769,0.0,0.0
static_ac,261,-2.882026688162169,0.0,0.0
static_ac,262,-10.288076275558462,0.0,0.0
static_ac,263,-6.56544765028498,0.0,0.0
static_ac,264,2.6181225047226357,0.0,0.0
static_ac,265,6.511306308740123,0.0,0.0
static_ac,266,14.074964375586045,0.0,0.0
static_ac,267,-4.521139677533438,0.0,0.0
static_ac,268,10.545523941232764,0.0,0.0
static_ac,269,20.298905658017222,0.0,0.0
static_ac,270,1.8207609816275045,0.0,0.0
static_ac,271,-4.10224664139176,0.0,0.0
static_ac,272,8.151530360177368,0.0,0.0
static_ac,273,-15.083968255529244,0.0,0.0
static_ac,274,-1.2233201990269489,0.0,0.0
static_ac,275,-2.540872902356983,0.0,0.0
static_ac,276,12.086241926217465,0.0,0.0
static_ac,277,-4.740120232409905,0.0,0.0
static_ac,278,5.271166504785876,0.0,0.0
static_ac,279,-13.5583408333749,0.0,0.0
static_ac,280,12.61490575995251,0.0,0.0
static_ac,281,-0.9542292654623588,0.0,0.0
static_ac,282,-3.696116645403103,0.0,0.0
static_ac,283,1.500441607156422,0.0,0.0
static_ac,284,-2.64019936881157,0.0,0.0
static_ac,285,1.6331063469196145,0.0,0.0
static_ac,286,16.83683991257193,0.0,0.0
static_ac,287,-7.3056709956101145,0.0,0.0
static_ac,288,10.061590882313887,0.0,0.0
static_ac,289,9.907082063099095,0.0,0.0
static_ac,290,10.071809584766145,0.0,0.0
static_ac,291,1.3692657631058651,0.0,0.0
static_ac,292,11.814972799127078,0.0,0.0
static_ac,293,10.771243807211565,0.0,0.0
static_ac,294,-0.4323840914327575,0.0,0.0
static_ac,295,8.994857612167237,0.0,0.0
static_ac,296,-3.2389197158214613,0.0,0.0
static_ac,297,18.91545133338181,0.0,0.0
static_ac,298,-0.8051741002027033,0.0,0.0
static_ac,299,9.059034950048318,0.0,0.0
static_ac,300,1.7454540028332928,0.0,0.0
static_ac,301,0.9629818121142326,0.0,0.0
static_ac,302,5.1424885024760565,0.0,0.0
static_ac,303,9.22508636484657,0.0,0.0
static_ac,304,-16.965212269065212,0.0,0.0
static_ac,305,-10.451501353541337,0.0,0.0
static_ac,306,5.495044143269151,0.0,0.0
static_ac,307,-11.918331224576912,0.0,0.0
static_ac,308,-0.27390388764404255,0.0,0.0
static_ac,309,14.68450263005656,0.0,0.0
static_ac,310,2.292973282291863,0.0,0.0
static_ac,311,-16.567506715789005,0.0,0.0
static_ac,312,-1.648668580827766,0.0,0.0
static_ac,313,4.986613202353958,0.0,0.0
static_ac,314,12.07876223850066,0.0,0.0
static_ac,315,-7.714597337934401,0.0,0.0
static_ac,316,-3.7801953406966238,0.0,0.0
static_ac,317,15.13420309932256,0.0,0.0
static_ac,318,1.687655769507653,0.0,0.0
static_ac,319,-18.31515307095141,0.0,0.0
static_ac,320,1.9542533707274123,0.0,0.0
static_ac,321,0.05894558470163706,0.0,0.0
static_ac,322,23.325780489249954,0.0,0.0
static_ac,323,7.567861830641016,0.0,0.0
static_ac,324,19.814816724980147,0.0,0.0
static_ac,325,22.151520450020456,0.0,0.0
static_ac,326,12.132866545307692,0.0,0.0
static_ac,327,11.0966137404569,0.0,0.0
static_ac,328,-24.7673470011219,0.0,0.0
static_ac,329,5.445860634782847,0.0,0.0
static_ac,330,-0.8079483104295779,0.0,0.0
static_ac,331,4.041006144690583,0.0,0.0
static_ac,332,11.970083269304256,0.0,0.0
static_ac,333,-6.382444091021153,0.0,0.0
static_ac,334,-25.30831855000562,0.0,0.0
static_ac,335,13.44087748311878,0.0,0.0
static_ac,336,-13.669865932385786,0.0,0.0
static_ac,337,17.29524123087876,0.0,0.0
static_ac,338,-8.742306667339285,0.0,0.0
static_ac,339,-4.421845997414182,0.0,0.0
static_ac,340,2.6337395826146337,0.0,0.0
static_ac,341,-5.982532835988712,0.0,0.0
static_ac,342,1.5582728925480056,0.0,0.0
static_ac,343,-6.4294200782352995,0.0,0.0
static_ac,344,-5.968269921913924,0.0,0.0
static_ac,345,-4.962812642009219,0.0,0.0
static_ac,346,-5.079858570254578,0.0,0.0
static_ac,347,-5.896441921550563,0.0,0.0
static_ac,348,3.251699956678957,0.0,0.0
static_ac,349,13.687279851860072,0.0,0.0
static_ac,350,-3.198614497254682,0.0,0.0
static_ac,351,0.903596375616524,0.0,0.0
static_ac,352,7.284952912774071,0.0,0.0
static_ac,353,-1.2418713921473725,0.0,0.0
static_ac,354,-8.487705282352463,0.0,0.0
static_ac,355,2.906239349593924,0.0,0.0
static_ac,356,-1.720051755102726,0.0,0.0
static_ac,357,3.607027203000992,0.0,0.0
static_ac,358,5.310583349050759,0.0,0.0
static_ac,359,0.03906508399314359,0.0,0.0
static_ac,360,-7.595957167806503,0.0,0.0
static_ac,361,3.118241567834071,0.0,0.0
static_ac,362,2.7903990711821627,0.0,0.0
static_ac,363,-10.602581233807255,0.0,0.0
static_ac,364,-5.293233136802138,0.0,0.0
static_ac,365,10.233208482934034,0.0,0.0
static_ac,366,-4.727497058551632,0.0,0.0
static_ac,367,26.56722701322169,0.0,0.0
static_ac,368,-0.577047206013408,0.0,0.0
static_ac,369,22.148085120250116,0.0,0.0
static_ac,370,1.4797315355161322,0.0,0.0
static_ac,371,-0.5976798593298437,0.0,0.0
static_ac,372,17.525703174348678,0.0,0.0
static_ac,373,-7.310702199868662,0.0,0.0
static_ac,374,7.794067050464838,0.0,0.0
static_ac,375,7.225412019646969,0.0,0.0
static_ac,376,-12.181083134339923,0.0,0.0
static_ac,377,-0.7977075931816272,0.0,0.0
static_ac,378,-17.096082482220925,0.0,0.0
static_ac,379,-0.06183664873535787,0.0,0.0
static_ac,380,0.7249527337861705,0.0,0.0
static_ac,381,-1.0136466348420279,0.0,0.0
static_ac,382,-3.104473463796447,0.0,0.0
static_ac,383,-2.22095748168256,0.0,0.0
static_ac,384,-1.4003597953755698,0.0,0.0
static_ac,385,-1.7660444879861676,0.0,0.0
static_ac,386,-6.743288854377406,0.0,0.0
static_ac,387,3.6576973236454187,0.0,0.0
static_ac,388,0.9203999065530797,0.0,0.0
static_ac,389,11.379583801786398,0.0,0.0
static_ac,390,8.286752705418893,0.0,0.0
static_ac,391,5.718420419097698,0.0,0.0
static_ac,392,-10.627657639710717,0.0,0.0
static_ac,393,-3.682647295801855,0.0,0.0
static_ac,394,15.50338985230393,0.0,0.0
static_ac,395,-0.8539989805561515,0.0,0.0
static_ac,396,2.1942315679084152,0.0,0.0
static_ac,397,5.774235144273287,0.0,0.0
static_ac,398,-1.7628642242793797,0.0,0.0
static_ac,399,-4.16572043407889,0.0,0.0
static_ac,400,12.280874807673893,0.0,0.0
static_ac,401,9.187129446039851,0.0,0.0
static_ac,402,6.63122939620425,0.0,0.0
static_ac,403,24.58627490944259,0.0,0.0
static_ac,404,-4.761649892888094,0.0,0.0
static_ac,405,13.058789800269057,0.0,0.0
static_ac,406,8.067479277083022,0.0,0.0
static_ac,407,3.4276573595637516,0.0,0.0
static_ac,408,-4.26326071170784,0.0,0.0
static_ac,409,27.430786539434123,0.0,0.0
static_ac,410,5.354332660404882,0.0,0.0
static_ac,411,1.6987886740725497,0.0,0.0
static_ac,412,16.81706799672016,0.0,0.0
static_ac,413,9.634732035598507,0.0,0.0
static_ac,414,10.396745941969963,0.0,0.0
static_ac,415,-3.06975613399062,0.0,0.0
static_ac,416,9.361205580291546,0.0,0.0
static_ac,417,-7.440371555667165,0.0,0.0
static_ac,418,-14.86017419962234,0.0,0.0
static_ac,419,0.6299228869232922,0.0,0.0
static_ac,420,-2.6321618349360363,0.0,0.0
static_ac,421,-1.6741729166068038,0.0,0.0
static_ac,422,-1.9833836725634824,0.0,0.0
static_ac,423,-5.151369357522522,0.0,0.0
static_ac,424,-10.044844514246202,0.0,0.0
static_ac,425,-2.851886830915567,0.0,0.0
static_ac,426,-8.382697395387558,0.0,0.0
static_ac,427,-9.416286243341514,0.0,0.0
static_ac,428,9.35594221822436,0.0,0.0
static_ac,429,-11.19835176907467,0.0,0.0
static_ac,430,2.001019765130738,0.0,0.0
static_ac,431,13.62494464698241,0.0,0.0
static_ac,432,-7.782684841806585,0.0,0.0
static_ac,433,-6.973347739694981,0.0,0.0
static_ac,434,6.541974074833926,0.0,0.0
static_ac,435,-0.45608362898608135,0.0,0.0
static_ac,436,2.149480527105508,0.0,0.0
static_ac,437,0.6699907839647181,0.0,0.0
static_ac,438,-0.7068071129894578,0.0,0.0
static_ac,439,8.48135652761025,0.0,0.0
static_ac,440,-5.9516675327936905,0.0,0.0
static_ac,441,-7.558730980407194,0.0,0.0
static_ac,442,8.052690211016248,0.0,0.0
static_ac,443,-3.390277468129725,0.0,0.0
static_ac,444,5.945783689006509,0.0,0.0
static_ac,445,1.811056426622252,0.0,0.0
static_ac,446,4.746926108005542,0.0,0.0
static_ac,447,0.28049359914017263,0.0,0.0
static_ac,448,-13.758086457743579,0.0,0.0
static_ac,449,-8.597073710286683,0.0,0.0
static_ac,450,-1.1473586166450325,0.0,0.0
static_ac,451,9.826505348279992,0.0,0.0
static_ac,452,14.842371803161269,0.0,0.0
static_ac,453,45.6109815731093,0.0,0.0
static_ac,454,-0.08348088977026878,0.0,0.0
static_ac,455,13.605965584616865,0.0,0.0
static_ac,456,-2.9099115224803653,0.0,0.0
static_ac,457,-4.27587446660069,0.0,0.0
static_ac,458,-16.977297153440475,0.0,0.0
static_ac,459,-5.614650576724561,0.0,0.0
static_ac,460,-4.290746653583466,0.0,0.0
static_ac,461,12.561267862198799,0.0,0.0
static_ac,462,-10.06507936619463,0.0,0.0
static_ac,463,11.84577030849741,0.0,0.0
static_ac,464,-13.745854995126876,0.0,0.0
static_ac,465,9.816202451527646,0.0,0.0
static_ac,466,2.0030020007122546,0.0,0.0
static_ac,467,1.523527849906937,0.0,0.0
static_ac,468,-7.7042640005000145,0.0,0.0
static_ac,469,0.6720157869435246,0.0,0.0
static_ac,470,10.276747587881337,0.0,0.0
static_ac,471,-15.743026129310076,0.0,0.0
static_ac,472,-3.852739451696538,0.0,0.0
static_ac,473,-3.3916074256001836,0.0,0.0
static_ac,474,-8.324949203453167,0.0,0.0
static_ac,475,-11.777412969922596,0.0,0.0
static_ac,476,-7.306842641059098,0.0,0.0
static_ac,477,22.08424745594835,0.0,0.0
static_ac,478,5.473692587921735,0.0,0.0
static_ac,479,-10.398349915957404,0.0,0.0
static_ac,480,2.8632364502793464,0.0,0.0
static_ac,481,-11.762890429351355,0.0,0.0
static_ac,482,-15.450014138086939,0.0,0.0
static_ac,483,8.816723338940722,0.0,0.0
static_ac,484,-4.33645537543459,0.0,0.0
static_ac,485,14.16652017261537,0.0,0.0
static_ac,486,1.0912190573226344,0.0,0.0
static_ac,487,15.274339242623483,0.0,0.0
static_ac,488,-10.44418042822895,0.0,0.0
static_ac,489,-0.7564844262598323,0.0,0.0
static_ac,490,-18.5039662148753,0.0,0.0
static_ac,491,7.531028523634309,0.0,0.0
static_ac,492,5.714783776428337,0.0,0.0
static_ac,493,0.4931722068177696,0.0,0.0
static_ac,494,21.51593757317995,0.0,0.0
static_ac,495,2.6341608671701615,0.0,0.0
static_ac,496,9.426914787194908,0.0,0.0
static_ac,497,0.5359987962638999,0.0,0.0
static_ac,498,10.165347486229201,0.0,0.0
static_ac,499,-9.659262713511865,0.0,0.0
static_ac,500,6.237377948621767,0.0,0.0
static_ac,501,7.357115632060415,0.0,0.0
static_ac,502,-3.188241210895498,0.0,0.0
static_ac,503,6.024366468197377,0.0,0.0
static_ac,504,2.283122883242711,0.0,0.0
static_ac,505,-0.10841923470762477,0.0,0.0
static_ac,506,8.810321657003854,0.0,0.0
static_ac,507,-12.401348079348674,0.0,0.0
static_ac,508,28.075933543867645,0.0,0.0
static_ac,509,20.575676955500164,0.0,0.0
static_ac,510,13.764287274189678,0.0,0.0
static_ac,511,-7.19975346046054,0.0,0.0
static_ac,512,-6.101062932802426,0.0,0.0
static_ac,513,15.770276001365035,0.0,0.0
static_ac,514,2.205175256676138,0.0,0.0
static_ac,515,-12.697266323973613,0.0,0.0
static_ac,516,-4.010709757053611,0.0,0.0
static_ac,517,-7.443824555998384,0.0,0.0
static_ac,518,-0.5569153992477276,0.0,0.0
static_ac,519,-11.541534415942271,0.0,0.0
static_ac,520,0.17789161073504137,0.0,0.0
static_ac,521,1.603359898308011,0.0,0.0
static_ac,522,6.153287295963388,0.0,0.0
static_ac,523,-10.345692181771598,0.0,0.0
static_ac,524,-5.549877595528271,0.0,0.0
static_ac,525,0.7240258377719474,0.0,0.0
static_ac,526,2.722129360192378,0.0,0.0
static_ac,527,-3.922342732740907,0.0,0.0
static_ac,528,4.920157152832992,0.0,0.0
static_ac,529,-8.59117385738375,0.0,0.0
static_ac,530,2.10582310480114,0.0,0.0
static_ac,531,-8.023491303380919,0.0,0.0
static_ac,532,16.50181103447704,0.0,0.0
static_ac,533,6.374854243326954,0.0,0.0
static_ac,534,-3.7584614165711514,0.0,0.0
static_ac,535,4.144075035820923,0.0,0.0
static_ac,536,-1.0733062717823492,0.0,0.0
static_ac,537,-16.39036861687986,0.0,0.0
static_ac,538,1.8747045579414674,0.0,0.0
static_ac,539,-9.05656541884256,0.0,0.0
static_ac,540,-5.143895724059323,0.0,0.0
static_ac,541,9.398498495018162,0.0,0.0
static_ac,542,-21.46056946867565,0.0,0.0
static_ac,543,5.429406953403669,0.0,0.0
static_ac,544,11.456791109231352,0.0,0.0
static_ac,545,5.007312215429059,0.0,0.0
static_ac,546,1.9628055871431458,0.0,0.0
static_ac,547,-11.98663967338657,0.0,0.0
static_ac,548,-2.4751582441001094,0.0,0.0
static_ac,549,1.2482687738873204,0.0,0.0
static_ac,550,19.542781545944276,0.0,0.0
static_ac,551,-6.1412887905950155,0.0,0.0
static_ac,552,-3.4593246821702985,0.0,0.0
static_ac,553,10.139797605303544,0.0,0.0
static_ac,554,-15.907738497557974,0.0,0.0
static_ac,555,12.469565784683429,0.0,0.0
static_ac,556,-4.464736125673116,0.0,0.0
static_ac,557,22.25020340889138,0.0,0.0
static_ac,558,-0.38263748699980105,0.0,0.0
static_ac,559,-26.935038485996973,0.0,0.0
static_ac,560,-7.982641389260785,0.0,0.0
static_ac,561,11.552935122574024,0.0,0.0
static_ac,562,-13.249681656223684,0.0,0.0
static_ac,563,10.832236258804343,0.0,0.0
static_ac,564,-8.734347004040288,0.0,0.0
static_ac,565,-4.770775172042968,0.0,0.0
static_ac,566,35.021099113552665,0.0,0.0
static_ac,567,-16.280972494079787,0.0,0.0
static_ac,568,0.7791327698897237,0.0,0.0
static_ac,569,-15.983500245844292,0.0,0.0
static_ac,570,6.566359949860901,0.0,0.0
static_ac,571,-13.788327392379438,0.0,0.0
static_ac,572,11.00203503340017,0.0,0.0
static_ac,573,15.92402598404463,0.0,0.0
static_ac,574,0.5615133840222597,0.0,0.0
static_ac,575,6.833839185627738,0.0,0.0
static_ac,576,-5.83173680430186,0.0,0.0
static_ac,577,-30.017656288048872,0.0,0.0
static_ac,578,7.690220604166992,0.0,0.0
static_ac,579,5.599556732306744,0.0,0.0
static_ac,580,-0.48977318066098563,0.0,0.0
static_ac,581,4.900546290492166,0.0,0.0
static_ac,582,-0.1831691061006087,0.0,0.0
static_ac,583,16.92200435840587,0.0,0.0
static_ac,584,24.60284369928048,0.0,0.0
static_ac,585,24.170221530706197,0.0,0.0
static_ac,586,2.7049354800962893,0.0,0.0
static_ac,587,-16.083894182198797,0.0,0.0
static_ac,588,2.623574797891943,0.0,0.0
static_ac,589,8.70619984799183,0.0,0.0
static_ac,590,22.766992991922024,0.0,0.0
static_ac,591,8.580491942687546,0.0,0.0
static_ac,592,-2.358541857869373,0.0,0.0
static_ac,593,16.7188288014618,0.0,0.0
static_ac,594,-3.3767865409908184,0.0,0.0
static_ac,595,11.594205777414876,0.0,0.0
static_ac,596,1.8472809261090497,0.0,0.0
static_ac,597,-4.326772181628158,0.0,0.0
static_ac,598,-4.1859791065283165,0.0,0.0
static_ac,599,-15.25609248569379,0.0,0.0
static_ac,600,-6.73624093119619,0.0,0.0
static_ac,601,-23.883001444854088,0.0,0.0
static_ac,602,-2.836217987575593,0.0,0.0
static_ac,603,13.159298601465336,0.0,0.0
static_ac,604,2.631049679889493,0.0,0.0
static_ac,605,-12.493789120365586,0.0,0.0
static_ac,606,-13.388503968064283,0.0,0.0
static_ac,607,10.418726865247626,0.0,0.0
static_ac,608,19.783659751440172,0.0,0.0
static_ac,609,-4.544779075302499,0.0,0.0
static_ac,610,14.722164815399372,0.0,0.0
static_ac,611,-29.499779260982464,0.0,0.0
static_ac,612,8.380037434539517,0.0,0.0
static_ac,613,-11.692044684250906,0.0,0.0
static_ac,614,7.3802125752616305,0.0,0.0
static_ac,615,5.931201356273548,0.0,0.0
static_ac,616,8.187040030444646,0.0,0.0
static_ac,617,8.399510969481916,0.0,0.0
static_ac,618,11.793369554359383,0.0,0.0
static_ac,619,15.935993806052757,0.0,0.0
static_ac,620,3.0337976698789078,0.0,0.0
static_ac,621,1.2989694139834504,0.0,0.0
static_ac,622,-6.63841583614956,0.0,0.0
static_ac,623,1.426560933365625,0.0,0.0
static_ac,624,-8.112046833248552,0.0,0.0
static_ac,625,-14.971877710349405,0.0,0.0
static_ac,626,4.435462097126571,0.0,0.0
static_ac,627,9.47286589622281,0.0,0.0
static_ac,628,-4.7144042095104215,0.0,0.0
static_ac,629,5.375690840288581,0.0,0.0
static_ac,630,1.0338863756221028,0.0,0.0
static_ac,631,-7.835626608460646,0.0,0.0
static_ac,632,-5.443809099979123,0.0,0.0
static_ac,633,1.8854896764117406,0.0,0.0
static_ac,634,7.775676269978902,0.0,0.0
static_ac,635,-1.8964117610550502,0.0,0.0
static_ac,636,-10.61586166846774,0.0,0.0
static_ac,637,0.41764124885218024,0.0,0.0
static_ac,638,-9.535357267735263,0.0,0.0
static_ac,639,1.3451214158156075,0.0,0.0
static_ac,640,2.159489933939566,0.0,0.0
static_ac,641,10.48612730550908,0.0,0.0
static_ac,642,31.29712293702747,0.0,0.0
static_ac,643,-5.879459683068014,0.0,0.0
static_ac,644,9.01035150762133,0.0,0.0
static_ac,645,-19.89595106112634,0.0,0.0
static_ac,646,-15.947380835487534,0.0,0.0
static_ac,647,21.979121817160095,0.0,0.0
static_ac,648,4.933073490065639,0.0,0.0
static_ac,649,1.4112292803545678,0.0,0.0
static_ac,650,6.123992576510743,0.0,0.0
static_ac,651,-1.611404992358341,0.0,0.0
static_ac,652,-5.00338882099954,0.0,0.0
static_ac,653,5.776688864001343,0.0,0.0
static_ac,654,-10.722625364553165,0.0,0.0
static_ac,655,11.661294892601976,0.0,0.0
static_ac,656,-17.609877487431977,0.0,0.0
static_ac,657,-12.15854574948003,0.0,0.0
static_ac,658,14.036624895559427,0.0,0.0
static_ac,659,-0.6159812503736332,0.0,0.0
static_ac,660,-8.165764313285193,0.0,0.0
static_ac,661,8.556280986614006,0.0,0.0
static_ac,662,-2.1578416102904496,0.0,0.0
static_ac,663,-3.024101664133506,0.0,0.0
static_ac,664,2.5489193326592456,0.0,0.0
static_ac,665,0.6031719204348374,0.0,0.0
static_ac,666,4.914050678162442,0.0,0.0
static_ac,667,18.920019339444757,0.0,0.0
static_ac,668,-8.890768167374235,0.0,0.0
static_ac,669,-0.36653183420062674,0.0,0.0
static_ac,670,-6.673391089013923,0.0,0.0
static_ac,671,-1.1567997657486726,0.0,0.0
static_ac,672,6.276341513347056,0.0,0.0
static_ac,673,-8.61890955185274,0.0,0.0
static_ac,674,14.095303864913932,0.0,0.0
static_ac,675,3.8048699492196523,0.0,0.0
static_ac,676,27.75871121257388,0.0,0.0
static_ac,677,14.345892359629742,0.0,0.0
static_ac,678,2.2360986362029327,0.0,0.0
static_ac,679,-8.825333250268242,0.0,0.0
static_ac,680,-7.2892090708143344,0.0,0.0
static_ac,681,8.460158545444157,0.0,0.0
static_ac,682,10.056315394339991,0.0,0.0
static_ac,683,-12.03454842776198,0.0,0.0
static_ac,684,-12.471264546173897,0.0,0.0
static_ac,685,28.372348845703918,0.0,0.0
static_ac,686,-4.964446143571547,0.0,0.0
static_ac,687,9.999482113245788,0.0,0.0
static_ac,688,-14.061013579401862,0.0,0.0
static_ac,689,-2.091019627907852,0.0,0.0
static_ac,690,-5.755067055123299,0.0,0.0
static_ac,691,3.9396958704013483,0.0,0.0
static_ac,692,-4.483177624652344,0.0,0.0
static_ac,693,10.6603593235513,0.0,0.0
static_ac,694,-9.681896596286794,0.0,0.0
static_ac,695,-5.618856912763666,0.0,0.0
static_ac,696,12.610041986758308,0.0,0.0
static_ac,697,-10.217872772892438,0.0,0.0
static_ac,698,-2.048905609686687,0.0,0.0
static_ac,699,-10.631889872687962,0.0,0.0
static_ac,700,10.918283046962088,0.0,0.0
static_ac,701,1.3288471272409177,0.0,0.0
static_ac,702,8.285019851805977,0.0,0.0
static_ac,703,-6.226611255845571,0.0,0.0
static_ac,704,7.864573373691723,0.0,0.0
static_ac,705,3.0923769995176755,0.0,0.0
static_ac,706,9.548078751683795,0.0,0.0
static_ac,707,4.4323190642357355,0.0,0.0
static_ac,708,-6.579223039230895,0.0,0.0
static_ac,709,-11.599105376802953,0.0,0.0
static_ac,710,9.356483585383618,0.0,0.0
static_ac,711,-6.66639330352753,0.0,0.0
static_ac,712,4.758975638135982,0.0,0.0
static_ac,713,-12.645146732451272,0.0,0.0
static_ac,714,-2.7923243048643656,0.0,0.0
static_ac,715,13.278909056602977,0.0,0.0
static_ac,716,15.677731691635014,0.0,0.0
static_ac,717,-4.073969776353085,0.0,0.0
static_ac,718,0.04406096402544319,0.0,0.0
static_ac,719,-8.68610482266258,0.0,0.0
static_ac,720,25.700668845183547,0.0,0.0
static_ac,721,-5.750763922049834,0.0,0.0
static_ac,722,-9.58338176624355,0.0,0.0
static_ac,723,15.957041492698027,0.0,0.0
static_ac,724,-6.84309099924025,0.0,0.0
static_ac,725,15.387450662734032,0.0,0.0
static_ac,726,21.689853747561493,0.0,0.0
static_ac,727,1.5520430261428084,0.0,0.0
static_ac,728,14.250137347392474,0.0,0.0
static_ac,729,1.1780082432645225,0.0,0.0
static_ac,730,9.708292061635952,0.0,0.0
static_ac,731,19.557638188102167,0.0,0.0
static_ac,732,6.217275021091801,0.0,0.0
static_ac,733,1.6473825129596753,0.0,0.0
static_ac,734,-4.6021298540590445,0.0,0.0
static_ac,735,-2.3503964864734126,0.0,0.0
static_ac,736,-0.25513351784932,0.0,0.0
static_ac,737,-13.759046544130902,0.0,0.0
static_ac,738,-5.332614083711724,0.0,0.0
static_ac,739,-25.82949975568988,0.0,0.0
static_ac,740,-2.4739112137090062,0.0,0.0
static_ac,741,2.8752055076054495,0.0,0.0
static_ac,742,0.8311610072348943,0.0,0.0
static_ac,743,7.257254923424571,0.0,0.0
static_ac,744,27.871444467176058,0.0,0.0
static_ac,745,-11.610441321192228,0.0,0.0
static_ac,746,-0.05897439012728452,0.0,0.0
static_ac,747,-5.725883280010312,0.0,0.0
static_ac,748,3.5583024104265406,0.0,0.0
static_ac,749,7.9202380465561,0.0,0.0
static_ac,750,-2.393065404205999,0.0,0.0
static_ac,751,-12.166619823788205,0.0,0.0
static_ac,752,-0.6539734752324852,0.0,0.0
static_ac,753,-1.6315681109384994,0.0,0.0
static_ac,754,1.893278695434939,0.0,0.0
static_ac,755,0.08724924254173408,0.0,0.0
static_ac,756,-0.8078264121100094,0.0,0.0
static_ac,757,-5.8570660021955945,0.0,0.0
static_ac,758,-4.48002474604512,0.0,0.0
static_ac,759,3.357829512558328,0.0,0.0
static_ac,760,-2.593773801792103,0.0,0.0
static_ac,761,1.2634282425537375,0.0,0.0
static_ac,762,-5.275978701107867,0.0,0.0
static_ac,763,-4.823129086385072,0.0,0.0
static_ac,764,-4.51863727906114,0.0,0.0
static_ac,765,-5.813307663020248,0.0,0.0
static_ac,766,-6.704153253998387,0.0,0.0
static_ac,767,-15.410466202611895,0.0,0.0
static_ac,768,3.002808774391129,0.0,0.0
static_ac,769,5.168315785492044,0.0,0.0
static_ac,770,-7.079978900979905,0.0,0.0
static_ac,771,-2.1507845967780144,0.0,0.0
static_ac,772,-1.2110850082565676,0.0,0.0
static_ac,773,3.588929587485667,0.0,0.0
static_ac,774,-4.910424819613,0.0,0.0
static_ac,775,15.125851990658159,0.0,0.0
static_ac,776,2.6164668438917715,0.0,0.0
static_ac,777,-4.093216989978366,0.0,0.0
static_ac,778,-0.27058895693131924,0.0,0.0
static_ac,779,2.7918963497284386,0.0,0.0
static_ac,780,0.767973282934299,0.0,0.0
static_ac,781,6.455525713063437,0.0,0.0
static_ac,782,-4.5978894730830495,0.0,0.0
static_ac,783,9.954216495402697,0.0,0.0
static_ac,784,-0.5406339822512801,0.0,0.0
static_ac,785,3.034401802135914,0.0,0.0
static_ac,786,-0.2519841035576637,0.0,0.0
static_ac,787,8.263294637848245,0.0,0.0
static_ac,788,7.771616170087304,0.0,0.0
static_ac,789,1.5271069438634886,0.0,0.0
static_ac,790,-10.236495187936299,0.0,0.0
static_ac,791,-0.3623184314262825,0.0,0.0
static_ac,792,-14.214068129577907,0.0,0.0
static_ac,793,-11.430389007276162,0.0,0.0
static_ac,794,4.816420703405322,0.0,0.0
static_ac,795,-3.8982929639669424,0.0,0.0
static_ac,796,-4.800283262989128,0.0,0.0
static_ac,797,7.291518896774565,0.0,0.0
static_ac,798,1.5094763250240593,0.0,0.0
static_ac,799,2.03853849956817,0.0,0.0
static_ac,800,-2.6437453174242016,0.0,0.0
static_ac,801,-4.936608292239736,0.0,0.0
static_ac,802,-1.3154775607868412,0.0,0.0
static_ac,803,3.500114671248267,0.0,0.0
static_ac,804,-2.702784797347118,0.0,0.0
static_ac,805,-7.308972796330015,0.0,0.0
static_ac,806,8.726401680795075,0.0,0.0
static_ac,807,-7.049830830574098,0.0,0.0
static_ac,808,-1.4187231454172486,0.0,0.0
static_ac,809,6.567756049701794,0.0,0.0
static_ac,810,-9.149583822023535,0.0,0.0
static_ac,811,17.51001132574119,0.0,0.0
static_ac,812,3.176136611804534,0.0,0.0
static_ac,813,-4.585548889074948,0.0,0.0
static_ac,814,3.3806019111180823,0.0,0.0
static_ac,815,3.616221592728938,0.0,0.0
static_ac,816,1.340391622145729,0.0,0.0
static_ac,817,-11.696274545839758,0.0,0.0
static_ac,818,-0.5291365931192679,0.0,0.0
static_ac,819,1.8512410255831178,0.0,0.0
static_ac,820,-1.39370146143143,0.0,0.0
static_ac,821,-0.5415259003560436,0.0,0.0
static_ac,822,3.196307588566896,0.0,0.0
static_ac,823,19.507527025596058,0.0,0.0
static_ac,824,-8.799058556789214,0.0,0.0
static_ac,825,-5.397500485308151,0.0,0.0
static_ac,826,0.09347346890938889,0.0,0.0
static_ac,827,-1.2587057714153769,0.0,0.0
static_ac,828,6.864831659488091,0.0,0.0
static_ac,829,8.05478106301212,0.0,0.0
static_ac,830,5.767955880083898,0.0,0.0
static_ac,831,6.797767603454592,0.0,0.0
static_ac,832,-6.014957467417291,0.0,0.0
static_ac,833,-5.711052870441466,0.0,0.0
static_ac,834,1.4666183319813249,0.0,0.0
static_ac,835,-19.38898629896558,0.0,0.0
static_ac,836,6.642909543961528,0.0,0.0
static_ac,837,4.305582664707603,0.0,0.0
static_ac,838,-13.821487858853667,0.0,0.0
static_ac,839,7.797144518235268,0.0,0.0
static_ac,840,14.009568394647888,0.0,0.0
static_ac,841,2.4855096407194663,0.0,0.0
static_ac,842,-3.0368935095458314,0.0,0.0
static_ac,843,-4.434872444861063,0.0,0.0
static_ac,844,16.278255371952987,0.0,0.0
static_ac,845,-47.638379225918044,0.0,0.0
static_ac,846,22.72174872298295,0.0,0.0
static_ac,847,1.0834387739157108,0.0,0.0
static_ac,848,0.21028445570022597,0.0,0.0
static_ac,849,-4.0652651758795875,0.0,0.0
static_ac,850,5.539433847180253,0.0,0.0
static_ac,851,7.061817057512529,0.0,0.0
static_ac,852,-17.715402444039757,0.0,0.0
static_ac,853,-8.45185868737562,0.0,0.0
static_ac,854,3.832477292504055,0.0,0.0
static_ac,855,6.268710820867329,0.0,0.0
static_ac,856,1.2517148983525552,0.0,0.0
static_ac,857,2.900747423983214,0.0,0.0
static_ac,858,8.663078956744755,0.0,0.0
static_ac,859,1.1796646531535726,0.0,0.0
static_ac,860,2.2015272687283702,0.0,0.0
static_ac,861,41.630200330746554,0.0,0.0
static_ac,862,11.52834903795281,0.0,0.0
static_ac,863,-0.2161465537521522,0.0,0.0
static_ac,864,12.600470464484223,0.0,0.0
static_ac,865,-6.2090875835594,0.0,0.0
static_ac,866,-8.247163483813281,0.0,0.0
static_ac,867,-0.11997719242618679,0.0,0.0
static_ac,868,8.044670000432928,0.0,0.0
static_ac,869,3.898993397146364,0.0,0.0
static_ac,870,18.874038394074677,0.0,0.0
static_ac,871,4.249092701644483,0.0,0.0
static_ac,872,-3.561736288165282,0.0,0.0
static_ac,873,6.015061842474087,0.0,0.0
static_ac,874,-10.73170865740544,0.0,0.0
static_ac,875,-10.585277173728981,0.0,0.0
static_ac,876,6.862023933040343,0.0,0.0
static_ac,877,1.9710464003593233,0.0,0.0
static_ac,878,-1.8190338098423269,0.0,0.0
static_ac,879,8.24105238728818,0.0,0.0
static_ac,880,-8.956624941262218,0.0,0.0
static_ac,881,-4.560543433607922,0.0,0.0
static_ac,882,-9.802774752780737,0.0,0.0
static_ac,883,-2.178044404923952,0.0,0.0
static_ac,884,-17.232198696476058,0.0,0.0
static_ac,885,14.46288220786096,0.0,0.0
static_ac,886,19.82901671525953,0.0,0.0
static_ac,887,8.370738981662061,0.0,0.0
static_ac,888,-2.9062211971350727,0.0,0.0
static_ac,889,-3.6615841115716545,0.0,0.0
static_ac,890,1.0320937292887689,0.0,0.0
static_ac,891,-1.9043053290447014,0.0,0.0
static_ac,892,-0.9705574323891593,0.0,0.0
static_ac,893,-4.447062730176939,0.0,0.0
static_ac,894,-1.7133988255539505,0.0,0.0
static_ac,895,2.529958151811541,0.0,0.0
static_ac,896,-2.8991597725560307,0.0,0.0
static_ac,897,-6.813946125982312,0.0,0.0
static_ac,898,-2.0273270327353563,0.0,0.0
static_ac,899,0.7684504190895873,0.0,0.0
static_ac,900,10.188167476095101,0.0,0.0
static_ac,901,-10.189629770390379,0.0,0.0
static_ac,902,4.295480947205148,0.0,0.0
static_ac,903,-3.034543309447381,0.0,0.0
static_ac,904,-23.370438580803967,0.0,0.0
static_ac,905,12.368096597850172,0.0,0.0
static_ac,906,8.585738262110548,0.0,0.0
static_ac,907,-3.8813953504314505,0.0,0.0
static_ac,908,9.648822788362235,0.0,0.0
static_ac,909,2.905818757828693,0.0,0.0
static_ac,910,-15.26602243782138,0.0,0.0
static_ac,911,8.120118658365863,0.0,0.0
static_ac,912,-10.16621907698198,0.0,0.0
static_ac,913,16.585414981000472,0.0,0.0
static_ac,914,-2.947528726408468,0.0,0.0
static_ac,915,10.367088125311318,0.0,0.0
static_ac,916,-2.100036432949216,0.0,0.0
static_ac,917,-8.778481360293247,0.0,0.0
static_ac,918,-7.196438294282033,0.0,0.0
static_ac,919,-3.7989958123369503,0.0,0.0
static_ac,920,-6.775534379427435,0.0,0.0
static_ac,921,15.968148461917105,0.0,0.0
static_ac,922,-6.56736202094629,0.0,0.0
static_ac,923,-0.9992262086224984,0.0,0.0
static_ac,924,27.297429417444633,0.0,0.0
static_ac,925,28.936024642292285,0.0,0.0
static_ac,926,4.033183693608619,0.0,0.0
static_ac,927,3.82066851570221,0.0,0.0
static_ac,928,14.776856028315416,0.0,0.0
static_ac,929,-2.1006904186678397,0.0,0.0
static_ac,930,-13.611494789301485,0.0,0.0
static_ac,931,-16.487757115644907,0.0,0.0
static_ac,932,6.9791306647825895,0.0,0.0
static_ac,933,0.9088921810474575,0.0,0.0
static_ac,934,9.55421032619196,0.0,0.0
static_ac,935,3.625442323028236,0.0,0.0
static_ac,936,9.68026641615173,0.0,0.0
static_ac,937,-22.902419286547246,0.0,0.0
static_ac,938,-2.628826187902413,0.0,0.0
static_ac,939,-17.51901260956526,0.0,0.0
static_ac,940,-8.488071997041589,0.0,0.0
static_ac,941,11.762283490433711,0.0,0.0
static_ac,942,8.245515191642736,0.0,0.0
static_ac,943,10.373974886047714,0.0,0.0
static_ac,944,-7.326089516283981,0.0,0.0
static_ac,945,0.4330101456668074,0.0,0.0
static_ac,946,7.7352459158576785,0.0,0.0
static_ac,947,-4.38175406493719,0.0,0.0
static_ac,948,-3.227334337813235,0.0,0.0
static_ac,949,4.5896158892671854,0.0,0.0
static_ac,950,2.1424074539153004,0.0,0.0
static_ac,951,-4.361861147688358,0.0,0.0
static_ac,952,8.575537036388601,0.0,0.0
static_ac,953,4.125657545097513,0.0,0.0
static_ac,954,7.481191060946685,0.0,0.0
static_ac,955,-5.243696814896301,0.0,0.0
static_ac,956,1.6232209792583023,0.0,0.0
static_ac,957,2.4093276601198963,0.0,0.0
static_ac,958,-16.246785016179796,0.0,0.0
static_ac,959,-6.8080161458134105,0.0,0.0
static_ac,960,7.088190026985579,0.0,0.0
static_ac,961,4.48429698602797,0.0,0.0
static_ac,962,1.5204499389218638,0.0,0.0
static_ac,963,2.885967755452081,0.0,0.0
static_ac,964,7.642212297623135,0.0,0.0
static_ac,965,-11.097860007701208,0.0,0.0
static_ac,966,2.098879998729771,0.0,0.0
static_ac,967,-26.381773942625976,0.0,0.0
static_ac,968,5.342176242129254,0.0,0.0
static_ac,969,-3.663093023064154,0.0,0.0
static_ac,970,-2.3173027494223724,0.0,0.0
static_ac,971,1.608038078022449,0.0,0.0
static_ac,972,-1.5255243776936465,0.0,0.0
static_ac,973,2.282060318646275,0.0,0.0
static_ac,974,13.167115682528628,0.0,0.0
static_ac,975,2.795431897300264,0.0,0.0
static_ac,976,4.708191890300475,0.0,0.0
static_ac,977,-3.0589668189632855,0.0,0.0
static_ac,978,-5.212714349506981,0.0,0.0
static_ac,979,26.102005011530814,0.0,0.0
static_ac,980,10.233445239873047,0.0,0.0
static_ac,981,-11.93188364526109,0.0,0.0
static_ac,982,-11.677277985154255,0.0,0.0
static_ac,983,-10.59078325275341,0.0,0.0
static_ac,984,5.077893407760347,0.0,0.0
static_ac,985,-3.717218256093039,0.0,0.0
static_ac,986,-17.10533583925707,0.0,0.0
static_ac,987,4.868422259368579,0.0,0.0
static_ac,988,-9.010948927544948,0.0,0.0
static_ac,989,3.773482658892134,0.0,0.0
static_ac,990,12.822461136300625,0.0,0.0
static_ac,991,2.0176640793372993,0.0,0.0
static_ac,992,-11.905395723149345,0.0,0.0
static_ac,993,1.3705348544671137,0.0,0.0
static_ac,994,6.750909793472081,0.0,0.0
static_ac,995,-12.669509669976597,0.0,0.0
static_ac,996,15.705482835437145,0.0,0.0
static_ac,997,8.949141170824527,0.0,0.0
static_ac,998,0.5963542979392832,0.0,0.0
static_ac,999,4.152351481009836,0.0,0.0
static_ac,1000,-18.54693554109734,0.0,0.0
static_ac,1001,3.204842783076964,0.0,0.0
static_ac,1002,3.498101576395218,0.0,0.0
static_ac,1003,4.556872230108979,0.0,0.0
static_ac,1004,1.1778260701411924,0.0,0.0
static_ac,1005,-3.859614756195659,0.0,0.0
static_ac,1006,-9.59527618557145,0.0,0.0
static_ac,1007,-2.8472251846273244,0.0,0.0
static_ac,1008,-9.044578032823912,0.0,0.0
static_ac,1009,0.4210436113298649,0.0,0.0
static_ac,1010,5.663020020981854,0.0,0.0
static_ac,1011,1.4862127157879998,0.0,0.0
static_ac,1012,-8.305495274617556,0.0,0.0
static_ac,1013,-11.43356222757883,0.0,0.0
static_ac,1014,18.601273798163735,0.0,0.0
static_ac,1015,-4.813591397513496,0.0,0.0
static_ac,1016,4.808069611698852,0.0,0.0
static_ac,1017,-12.696929572695288,0.0,0.0
static_ac,1018,8.69662739737351,0.0,0.0
static_ac,1019,1.5344012860834095,0.0,0.0
static_ac,1020,2.4007413990003004,0.0,0.0
static_ac,1021,27.029563842733218,0.0,0.0
static_ac,1022,8.83439969415251,0.0,0.0
static_ac,1023,0.03678238752325659,0.0,0.0
static_ac,1024,-6.8267913491846315,0.0,0.0
static_ac,1025,-1.2697802298726082,0.0,0.0
static_ac,1026,-13.882425649915263,0.0,0.0
static_ac,1027,-12.684270575889926,0.0,0.0
static_ac,1028,12.402175331464244,0.0,0.0
static_ac,1029,-3.7294669868081374,0.0,0.0
static_ac,1030,6.101735331224544,0.0,0.0
static_ac,1031,14.2981139748879,0.0,0.0
static_ac,1032,9.180691154905787,0.0,0.0
static_ac,1033,15.899207574400254,0.0,0.0
static_ac,1034,-6.686794931753668,0.0,0.0
static_ac,1035,5.709423044807947,0.0,0.0
static_ac,1036,-10.24525800970746,0.0,0.0
static_ac,1037,1.2533631711846696,0.0,0.0
static_ac,1038,8.81486697772872,0.0,0.0
static_ac,1039,-7.150203594698973,0.0,0.0
static_ac,1040,-3.7008633273791016,0.0,0.0
static_ac,1041,7.272377700643031,0.0,0.0
static_ac,1042,-6.286185683173166,0.0,0.0
static_ac,1043,-5.17991834543732,0.0,0.0
static_ac,1044,10.410332171682882,0.0,0.0
static_ac,1045,4.843291149691199,0.0,0.0
static_ac,1046,-1.9661024733802872,0.0,0.0
static_ac,1047,-1.3085431622614818,0.0,0.0
static_ac,1048,14.769845460700271,0.0,0.0
static_ac,1049,-0.04348848953078931,0.0,0.0
static_ac,1050,5.590963042217077,0.0,0.0
static_ac,1051,-5.369496243425662,0.0,0.0
static_ac,1052,-16.068152011726973,0.0,0.0
static_ac,1053,-3.0498536062844757,0.0,0.0
static_ac,1054,9.83872495501793,0.0,0.0
static_ac,1055,3.2797755431604383,0.0,0.0
static_ac,1056,-14.2134992549872,0.0,0.0
static_ac,1057,5.825543553220896,0.0,0.0
static_ac,1058,-7.571160858760927,0.0,0.0
static_ac,1059,7.453712105518592,0.0,0.0
static_ac,1060,13.183276370705352,0.0,0.0
static_ac,1061,0.18054507658079147,0.0,0.0
static_ac,1062,1.1724237072899903,0.0,0.0
static_ac,1063,4.304857804365741,0.0,0.0
static_ac,1064,-1.3860491098553682,0.0,0.0
static_ac,1065,9.03576456155493,0.0,0.0
static_ac,1066,6.1226457375683285,0.0,0.0
static_ac,1067,-0.25253153875700857,0.0,0.0
static_ac,1068,2.994209360165469,0.0,0.0
static_ac,1069,17.7320192558547,0.0,0.0
static_ac,1070,5.444451245976795,0.0,0.0
static_ac,1071,-13.416330470100661,0.0,0.0
static_ac,1072,-9.476646119664103,0.0,0.0
static_ac,1073,9.658097903502194,0.0,0.0
static_ac,1074,7.244759735417844,0.0,0.0
static_ac,1075,10.722332779943839,0.0,0.0
static_ac,1076,-2.168890788126139,0.0,0.0
static_ac,1077,-13.459418339096342,0.0,0.0
static_ac,1078,2.0852595916005687,0.0,0.0
static_ac,1079,6.693333430741155,0.0,0.0
static_ac,1080,3.989077928788519,0.0,0.0
static_ac,1081,17.756796836072546,0.0,0.0
static_ac,1082,-5.862252739897,0.0,0.0
static_ac,1083,3.66611543332598,0.0,0.0
static_ac,1084,-5.1364301652367885,0.0,0.0
static_ac,1085,7.457839379944242,0.0,0.0
static_ac,1086,3.966039328528342,0.0,0.0
static_ac,1087,-9.559379547114558,0.0,0.0
static_ac,1088,-10.828611414038726,0.0,0.0
static_ac,1089,-7.52045295870801,0.0,0.0
static_ac,1090,12.081681093220292,0.0,0.0
static_ac,1091,12.739979812149478,0.0,0.0
static_ac,1092,6.913603724062641,0.0,0.0
static_ac,1093,-3.4660859866672755,0.0,0.0
static_ac,1094,-3.7475123985217933,0.0,0.0
static_ac,1095,-0.40818173339341546,0.0,0.0
static_ac,1096,14.63947648763376,0.0,0.0
static_ac,1097,15.342324678325987,0.0,0.0
static_ac,1098,11.10654372372876,0.0,0.0
static_ac,1099,26.396674746707475,0.0,0.0
static_ac,1100,-21.273647128517567,0.0,0.0
static_ac,1101,6.391345455791209,0.0,0.0
static_ac,1102,-2.070474080559852,0.0,0.0
static_ac,1103,3.694845715139098,0.0,0.0
static_ac,1104,-12.56419593756193,0.0,0.0
static_ac,1105,3.402080063428566,0.0,0.0
static_ac,1106,-12.526050760616794,0.0,0.0
static_ac,1107,1.364501526833066,0.0,0.0
static_ac,1108,9.750813787081782,0.0,0.0
static_ac,1109,-7.810119448205918,0.0,0.0
static_ac,1110,2.124230987870758,0.0,0.0
static_ac,1111,-6.500886405789348,0.0,0.0
static_ac,1112,13.20456808418106,0.0,0.0
static_ac,1113,0.2562614929824479,0.0,0.0
static_ac,1114,-9.809261992943606,0.0,0.0
static_ac,1115,-6.7280329667042515,0.0,0.0
static_ac,1116,-1.5481770416707181,0.0,0.0
static_ac,1117,26.67886707606094,0.0,0.0
static_ac,1118,7.006519130524055,0.0,0.0
static_ac,1119,-1.5833756045208298,0.0,0.0
static_ac,1120,2.7533008467257605,0.0,0.0
static_ac,1121,-1.809746635544559,0.0,0.0
static_ac,1122,-6.0092728833880535,0.0,0.0
static_ac,1123,-20.96869927410039,0.0,0.0
static_ac,1124,30.64157593531176,0.0,0.0
static_ac,1125,11.88042346436694,0.0,0.0
static_ac,1126,1.930781397110638,0.0,0.0
static_ac,1127,3.997807400825207,0.0,0.0
static_ac,1128,7.203683629816437,0.0,0.0
static_ac,1129,-7.831639811811086,0.0,0.0
static_ac,1130,3.3461473259678227,0.0,0.0
static_ac,1131,14.375851561281928,0.0,0.0
static_ac,1132,1.1829607967305633,0.0,0.0
static_ac,1133,3.4023153605043364,0.0,0.0
static_ac,1134,3.6190478518579643,0.0,0.0
static_ac,1135,9.361863154804338,0.0,0.0
static_ac,1136,12.895842744574418,0.0,0.0
static_ac,1137,8.179681187461188,0.0,0.0
static_ac,1138,-11.062802529653716,0.0,0.0
static_ac,1139,-14.017908411480759,0.0,0.0
static_ac,1140,-16.95852225489338,0.0,0.0
static_ac,1141,7.284495105818846,0.0,0.0
static_ac,1142,-7.020956272599263,0.0,0.0
static_ac,1143,-10.888181734324387,0.0,0.0
static_ac,1144,-0.5806642500321776,0.0,0.0
static_ac,1145,10.014197808586415,0.0,0.0
static_ac,1146,1.4701738529657498,0.0,0.0
static_ac,1147,19.41962623108695,0.0,0.0
static_ac,1148,-15.561518844725601,0.0,0.0
static_ac,1149,-9.123592690533918,0.0,0.0
static_ac,1150,-5.1906687046687185,0.0,0.0
static_ac,1151,16.27194685431281,0.0,0.0
static_ac,1152,-6.489911459530524,0.0,0.0
static_ac,1153,-20.502030049113802,0.0,0.0
static_ac,1154,5.8190619657711,0.0,0.0
static_ac,1155,-13.945301953430736,0.0,0.0
static_ac,1156,17.117654122810233,0.0,0.0
static_ac,1157,-13.45880193839309,0.0,0.0
static_ac,1158,-1.7310833632446836,0.0,0.0
static_ac,1159,0.9163617124622486,0.0,0.0
static_ac,1160,4.423965695378739,0.0,0.0
static_ac,1161,-7.368493185873424,0.0,0.0
static_ac,1162,0.3423966101089218,0.0,0.0
static_ac,1163,-11.629777186590214,0.0,0.0
static_ac,1164,1.9899176625058845,0.0,0.0
static_ac,1165,23.24718551599731,0.0,0.0
static_ac,1166,4.471674025418876,0.0,0.0
static_ac,1167,-5.161002899749735,0.0,0.0
static_ac,1168,-8.334429682546064,0.0,0.0
static_ac,1169,3.446935381262992,0.0,0.0
static_ac,1170,-5.768806921529934,0.0,0.0
static_ac,1171,12.780017321234832,0.0,0.0
static_ac,1172,-14.888752012984273,0.0,0.0
static_ac,1173,0.49842603765365184,0.0,0.0
static_ac,1174,0.7880743948628778,0.0,0.0
static_ac,1175,5.181861168584577,0.0,0.0
static_ac,1176,8.916565435569222,0.0,0.0
static_ac,1177,3.159447318206814,0.0,0.0
static_ac,1178,-9.1279132514853,0.0,0.0
static_ac,1179,-0.8495692963200112,0.0,0.0
static_ac,1180,-12.233742668753901,0.0,0.0
static_ac,1181,-4.904407961111779,0.0,0.0
static_ac,1182,2.4381683367330633,0.0,0.0
static_ac,1183,1.3493557073382185,0.0,0.0
static_ac,1184,-3.1823647411948985,0.0,0.0
static_ac,1185,-10.647864423399207,0.0,0.0
static_ac,1186,6.123271337408619,0.0,0.0
static_ac,1187,6.72225681439793,0.0,0.0
static_ac,1188,-8.729723400760871,0.0,0.0
static_ac,1189,1.9936877374861535,0.0,0.0
static_ac,1190,-3.329735062085549,0.0,0.0
static_ac,1191,-0.60836598664017,0.0,0.0
static_ac,1192,-39.70024361845473,0.0,0.0
static_ac,1193,9.89733146979238,0.0,0.0
static_ac,1194,5.105093469297914,0.0,0.0
static_ac,1195,3.9593002207962265,0.0,0.0
static_ac,1196,-5.206519429384333,0.0,0.0
static_ac,1197,-0.04039839007051989,0.0,0.0
static_ac,1198,3.28635517544866,0.0,0.0
static_ac,1199,16.35313657459769,0.0,0.0
regime_aware_mpc,0,13.0595351358883,0.0,0.0
regime_aware_mpc,1,-3.13247058906557,0.0,0.0
regime_aware_mpc,2,-7.693592015256658,0.0,0.0
regime_aware_mpc,3,13.336601225634007,0.0,0.0
regime_aware_mpc,4,17.35556735833531,0.0,0.0
regime_aware_mpc,5,6.176381360652273,0.0,0.0
regime_aware_mpc,6,-4.39815830579256,0.0,0.0
regime_aware_mpc,7,6.181843248683758,0.0,0.0
regime_aware_mpc,8,-19.565616772427436,0.0,0.0
regime_aware_mpc,9,2.826141980370359,0.0,0.0
regime_aware_mpc,10,-4.660185188283286,0.0,0.0
regime_aware_mpc,11,0.6795291168154871,0.0,0.0
regime_aware_mpc,12,-7.768466207631366,0.0,0.0
regime_aware_mpc,13,2.8994088508054436,0.0,0.0
regime_aware_mpc,14,1.2815570759448178,0.0,0.0
regime_aware_mpc,15,5.7712193488540935,0.0,0.0
regime_aware_mpc,16,-25.65922412861045,0.0,0.0
regime_aware_mpc,17,0.7046191202627485,0.0,0.0
regime_aware_mpc,18,4.498802972978915,0.0,0.0
regime_aware_mpc,19,-23.548404654460775,0.0,0.0
regime_aware_mpc,20,-2.5603463167405724,0.0,0.0
regime_aware_mpc,21,-6.566095876144016,0.0,0.0
regime_aware_mpc,22,17.19621177995403,0.0,0.0
regime_aware_mpc,23,-0.24571858230440266,0.0,0.0
regime_aware_mpc,24,-0.15171946832261282,0.0,0.0
regime_aware_mpc,25,-0.2781603562030023,0.0,0.0
regime_aware_mpc,26,-2.172917544339237,0.0,0.0
regime_aware_mpc,27,-9.262399920418845,0.0,0.0
regime_aware_mpc,28,-6.913696250672667,0.0,0.0
regime_aware_mpc,29,-2.7356844657465103,0.0,0.0
regime_aware_mpc,30,9.488155644415583,0.0,0.0
regime_aware_mpc,31,-5.702676071110698,0.0,0.0
regime_aware_mpc,32,3.133607551925691,0.0,0.0
regime_aware_mpc,33,-20.617455260036124,0.0,0.0
regime_aware_mpc,34,8.165893734190687,0.0,0.0
regime_aware_mpc,35,-2.239501166998428,0.0,0.0
regime_aware_mpc,36,4.5982004556943,0.0,0.0
regime_aware_mpc,37,-2.1686854047088078,0.0,0.0
regime_aware_mpc,38,1.4256442332955475,0.0,0.0
regime_aware_mpc,39,5.858661584635293,0.0,0.0
regime_aware_mpc,40,-7.892049190885207,0.0,0.0
regime_aware_mpc,41,5.210952665979211,0.0,0.0
regime_aware_mpc,42,-0.35372618175360154,0.0,0.0
regime_aware_mpc,43,12.310606595665453,0.0,0.0
regime_aware_mpc,44,-0.2579045890258307,0.0,0.0
regime_aware_mpc,45,5.406593624158842,0.0,0.0
regime_aware_mpc,46,4.394595473349641,0.0,0.0
regime_aware_mpc,47,-0.551560147676574,0.0,0.0
regime_aware_mpc,48,-4.138450263457013,0.0,0.0
regime_aware_mpc,49,-19.68230214198482,0.0,0.0
regime_aware_mpc,50,-0.0934804453892566,0.0,0.0
regime_aware_mpc,51,6.5812082906391565,0.0,0.0
regime_aware_mpc,52,13.08465972906371,0.0,0.0
regime_aware_mpc,53,-0.07158925014400616,0.0,0.0
regime_aware_mpc,54,4.277030033967223,0.0,0.0
regime_aware_mpc,55,-7.388427644337996,0.0,0.0
regime_aware_mpc,56,12.533705735733662,0.0,0.0
regime_aware_mpc,57,10.531292752854819,0.0,0.0
regime_aware_mpc,58,12.32522283379516,0.0,0.0
regime_aware_mpc,59,12.73721139222477,0.0,0.0
regime_aware_mpc,60,12.810028402513735,0.0,0.0
regime_aware_mpc,61,4.228298522180189,0.0,0.0
regime_aware_mpc,62,-1.713096456610922,0.0,0.0
regime_aware_mpc,63,-23.33611254332151,0.0,0.0
regime_aware_mpc,64,-4.124260892710424,0.0,0.0
regime_aware_mpc,65,5.139490891801761,0.0,0.0
regime_aware_mpc,66,0.922201656118395,0.0,0.0
regime_aware_mpc,67,9.193009929132883,0.0,0.0
regime_aware_mpc,68,-1.53820890198096,0.0,0.0
regime_aware_mpc,69,13.829626447628424,0.0,0.0
regime_aware_mpc,70,-3.42480997843832,0.0,0.0
regime_aware_mpc,71,19.294565013698687,0.0,0.0
regime_aware_mpc,72,3.029183753632851,0.0,0.0
regime_aware_mpc,73,5.238417427233955,0.0,0.0
regime_aware_mpc,74,18.424837410434197,0.0,0.0
regime_aware_mpc,75,-2.1490442436099904,0.0,0.0
regime_aware_mpc,76,2.1116180255650434,0.0,0.0
regime_aware_mpc,77,-10.790920730081016,0.0,0.0
regime_aware_mpc,78,4.769828693750524,0.0,0.0
regime_aware_mpc,79,4.194421048318615,0.0,0.0
regime_aware_mpc,80,-9.907045166728578,0.0,0.0
regime_aware_mpc,81,-4.082972488323615,0.0,0.0
regime_aware_mpc,82,7.357167362737281,0.0,0.0
regime_aware_mpc,83,-2.3629662667656515,0.0,0.0
regime_aware_mpc,84,0.28321412017120695,0.0,0.0
regime_aware_mpc,85,-4.17319583714776,0.0,0.0
regime_aware_mpc,86,-13.545152477044102,0.0,0.0
regime_aware_mpc,87,6.753392872092155,0.0,0.0
regime_aware_mpc,88,13.441846542003862,0.0,0.0
regime_aware_mpc,89,-14.938574153916383,0.0,0.0
regime_aware_mpc,90,-16.28295628670175,0.0,0.0
regime_aware_mpc,91,27.467111407734023,0.0,0.0
regime_aware_mpc,92,17.018728249056842,0.0,0.0
regime_aware_mpc,93,-9.00069514867219,0.0,0.0
regime_aware_mpc,94,-19.56598161128806,0.0,0.0
regime_aware_mpc,95,-6.066960013993476,0.0,0.0
regime_aware_mpc,96,0.00984510522710318,0.0,0.0
regime_aware_mpc,97,-9.925747166516949,0.0,0.0
regime_aware_mpc,98,6.187450603250325,0.0,0.0
regime_aware_mpc,99,2.4647398458214123,0.0,0.0
regime_aware_mpc,100,-1.473289854997931,0.0,0.0
regime_aware_mpc,101,3.5864628969853505,0.0,0.0
regime_aware_mpc,102,-4.67002580656482,0.0,0.0
regime_aware_mpc,103,7.293322757299893,0.0,0.0
regime_aware_mpc,104,-9.013622072653115,0.0,0.0
regime_aware_mpc,105,5.816446014600011,0.0,0.0
regime_aware_mpc,106,12.378626133646135,0.0,0.0
regime_aware_mpc,107,-13.04128307318943,0.0,0.0
regime_aware_mpc,108,10.28083049527454,0.0,0.0
regime_aware_mpc,109,24.64257295696308,0.0,0.0
regime_aware_mpc,110,11.541874295380765,0.0,0.0
regime_aware_mpc,111,9.99081739068524,0.0,0.0
regime_aware_mpc,112,7.230425431309356,0.0,0.0
regime_aware_mpc,113,16.693881727367376,0.0,0.0
regime_aware_mpc,114,3.28903696822266,0.0,0.0
regime_aware_mpc,115,-11.77508227534848,0.0,0.0
regime_aware_mpc,116,-4.163543880142005,0.0,0.0
regime_aware_mpc,117,-11.157569045916777,0.0,0.0
regime_aware_mpc,118,15.145616722847175,0.0,0.0
regime_aware_mpc,119,7.317452635049374,0.0,0.0
regime_aware_mpc,120,0.8239198211890041,0.0,0.0
regime_aware_mpc,121,-10.426543204354527,0.0,0.0
regime_aware_mpc,122,1.2808727662339416,0.0,0.0
regime_aware_mpc,123,-2.935896030750427,0.0,0.0
regime_aware_mpc,124,-8.776299646032331,0.0,0.0
regime_aware_mpc,125,3.325816513642698,0.0,0.0
regime_aware_mpc,126,3.346553677641161,0.0,0.0
regime_aware_mpc,127,0.8640296766952414,0.0,0.0
regime_aware_mpc,128,2.9387187385769384,0.0,0.0
regime_aware_mpc,129,-0.9653126431399491,0.0,0.0
regime_aware_mpc,130,-24.666439872623048,0.0,0.0
regime_aware_mpc,131,12.31327290380189,0.0,0.0
regime_aware_mpc,132,15.972659762119722,0.0,0.0
regime_aware_mpc,133,-2.2610397031388363,0.0,0.0
regime_aware_mpc,134,-5.372582778810438,0.0,0.0
regime_aware_mpc,135,-5.708995013963074,0.0,0.0
regime_aware_mpc,136,18.619983127903197,0.0,0.0
regime_aware_mpc,137,-1.0442312569590724,0.0,0.0
regime_aware_mpc,138,-7.61995788770392,0.0,0.0
regime_aware_mpc,139,-8.314202320047853,0.0,0.0
regime_aware_mpc,140,-13.765244811058455,0.0,0.0
regime_aware_mpc,141,-15.387441108686186,0.0,0.0
regime_aware_mpc,142,7.445708929669807,0.0,0.0
regime_aware_mpc,143,-24.246332189312646,0.0,0.0
regime_aware_mpc,144,7.954616547694132,0.0,0.0
regime_aware_mpc,145,11.398652541719457,0.0,0.0
regime_aware_mpc,146,-7.077603286260036,0.0,0.0
regime_aware_mpc,147,-12.73969885411924,0.0,0.0
regime_aware_mpc,148,0.9190561965630095,0.0,0.0
regime_aware_mpc,149,-1.3464724942373163,0.0,0.0
regime_aware_mpc,150,-13.573162025741144,0.0,0.0
regime_aware_mpc,151,0.11633759718775286,0.0,0.0
regime_aware_mpc,152,3.8064085923582005,0.0,0.0
regime_aware_mpc,153,-4.347498070459439,0.0,0.0
regime_aware_mpc,154,16.565219479840078,0.0,0.0
regime_aware_mpc,155,-4.5270570231740805,0.0,0.0
regime_aware_mpc,156,0.07498774055137013,0.0,0.0
regime_aware_mpc,157,3.4336305838709573,0.0,0.0
regime_aware_mpc,158,-5.259986071272071,0.0,0.0
regime_aware_mpc,159,-9.076865450666714,0.0,0.0
regime_aware_mpc,160,0.056192408253413186,0.0,0.0
regime_aware_mpc,161,2.7192985587647716,0.0,0.0
regime_aware_mpc,162,0.5480171965883289,0.0,0.0
regime_aware_mpc,163,-9.142616191259723,0.0,0.0
regime_aware_mpc,164,-12.626468810378748,0.0,0.0
regime_aware_mpc,165,-6.819082239585776,0.0,0.0
regime_aware_mpc,166,-7.577642451999159,0.0,0.0
regime_aware_mpc,167,3.5839994672484887,0.0,0.0
regime_aware_mpc,168,22.16270235826941,0.0,0.0
regime_aware_mpc,169,9.438319838833792,0.0,0.0
regime_aware_mpc,170,-6.9814770676947955,0.0,0.0
regime_aware_mpc,171,-9.248315795776959,0.0,0.0
regime_aware_mpc,172,0.2259138518337914,0.0,0.0
regime_aware_mpc,173,-14.334737994394422,0.0,0.0
regime_aware_mpc,174,1.7206186897408589,0.0,0.0
regime_aware_mpc,175,10.289207565684972,0.0,0.0
regime_aware_mpc,176,28.918764789966826,0.0,0.0
regime_aware_mpc,177,1.4630097220534133,0.0,0.0
regime_aware_mpc,178,-0.3150625972931775,0.0,0.0
regime_aware_mpc,179,9.552079327964886,0.0,0.0
regime_aware_mpc,180,5.140399246089422,0.0,0.0
regime_aware_mpc,181,9.428011677214899,0.0,0.0
regime_aware_mpc,182,-0.17771874409010602,0.0,0.0
regime_aware_mpc,183,7.4232320625740655,0.0,0.0
regime_aware_mpc,184,-2.05744385827332,0.0,0.0
regime_aware_mpc,185,-0.5041999437700779,0.0,0.0
regime_aware_mpc,186,-17.53898405700584,0.0,0.0
regime_aware_mpc,187,-2.8082941488140416,0.0,0.0
regime_aware_mpc,188,21.013051173330165,0.0,0.0
regime_aware_mpc,189,7.728140775594489,0.0,0.0
regime_aware_mpc,190,0.9084825954101163,0.0,0.0
regime_aware_mpc,191,-10.418501662444582,0.0,0.0
regime_aware_mpc,192,5.603227893127465,0.0,0.0
regime_aware_mpc,193,8.361237866020707,0.0,0.0
regime_aware_mpc,194,3.682312148692023,0.0,0.0
regime_aware_mpc,195,-11.122284959125595,0.0,0.0
regime_aware_mpc,196,-6.08503926109323,0.0,0.0
regime_aware_mpc,197,19.413634533917442,0.0,0.0
regime_aware_mpc,198,-2.0569111994202176,0.0,0.0
regime_aware_mpc,199,-4.760194559899551,0.0,0.0
regime_aware_mpc,200,-6.764016064635064,0.0,0.0
regime_aware_mpc,201,6.511751308247892,0.0,0.0
regime_aware_mpc,202,-1.4296485649630648,0.0,0.0
regime_aware_mpc,203,-5.605946190506147,0.0,0.0
regime_aware_mpc,204,-14.539921542547408,0.0,0.0
regime_aware_mpc,205,1.0083471864857598,0.0,0.0
regime_aware_mpc,206,-2.9072173752318964,0.0,0.0
regime_aware_mpc,207,-10.30856268638849,0.0,0.0
regime_aware_mpc,208,13.168057270121073,0.0,0.0
regime_aware_mpc,209,-0.06681709890919582,0.0,0.0
regime_aware_mpc,210,-1.6659026397786956,0.0,0.0
regime_aware_mpc,211,7.215485796282234,0.0,0.0
regime_aware_mpc,212,11.228268310017487,0.0,0.0
regime_aware_mpc,213,-12.560154910353651,0.0,0.0
regime_aware_mpc,214,20.049798381344978,0.0,0.0
regime_aware_mpc,215,17.268849622632757,0.0,0.0
regime_aware_mpc,216,5.395828130209717,0.0,0.0
regime_aware_mpc,217,6.163579976893271,0.0,0.0
regime_aware_mpc,218,14.903033036801762,0.0,0.0
regime_aware_mpc,219,4.676134027567264,0.0,0.0
regime_aware_mpc,220,-29.955107738932856,0.0,0.0
regime_aware_mpc,221,2.032178713351878,0.0,0.0
regime_aware_mpc,222,0.05527855272138929,0.0,0.0
regime_aware_mpc,223,2.1496684353190485,0.0,0.0
regime_aware_mpc,224,7.346563800315052,0.0,0.0
regime_aware_mpc,225,-6.348324909399782,0.0,0.0
regime_aware_mpc,226,-5.27363707455842,0.0,0.0
regime_aware_mpc,227,-3.8158072464051878,0.0,0.0
regime_aware_mpc,228,-1.462936458138333,0.0,0.0
regime_aware_mpc,229,0.5918545422318731,0.0,0.0
regime_aware_mpc,230,16.164472710650106,0.0,0.0
regime_aware_mpc,231,-0.20734516410842418,0.0,0.0
regime_aware_mpc,232,-2.6375703093608545,0.0,0.0
regime_aware_mpc,233,3.751907292138363,0.0,0.0
regime_aware_mpc,234,-5.18726255165098,0.0,0.0
regime_aware_mpc,235,26.138771603202017,0.0,0.0
regime_aware_mpc,236,-7.5834899672540566,0.0,0.0
regime_aware_mpc,237,-0.6258045717568514,0.0,0.0
regime_aware_mpc,238,-7.17997985819623,0.0,0.0
regime_aware_mpc,239,0.976652958644315,0.0,0.0
regime_aware_mpc,240,6.029940663252523,0.0,0.0
regime_aware_mpc,241,17.891287385875152,0.0,0.0
regime_aware_mpc,242,-15.914246045202653,0.0,0.0
regime_aware_mpc,243,2.59236658612987,0.0,0.0
regime_aware_mpc,244,-4.860396112585795,0.0,0.0
regime_aware_mpc,245,-4.265922874459484,0.0,0.0
regime_aware_mpc,246,-0.029598855697563046,0.0,0.0
regime_aware_mpc,247,-4.604740135291774,0.0,0.0
regime_aware_mpc,248,-6.942898979802907,0.0,0.0
regime_aware_mpc,249,2.566986735741053,0.0,0.0
regime_aware_mpc,250,8.505461462798506,0.0,0.0
regime_aware_mpc,251,10.772576808603851,0.0,0.0
regime_aware_mpc,252,-14.059243155572831,0.0,0.0
regime_aware_mpc,253,3.6773099325665046,0.0,0.0
regime_aware_mpc,254,15.555448071576514,0.0,0.0
regime_aware_mpc,255,8.165818353793016,0.0,0.0
regime_aware_mpc,256,-0.11390002959152294,0.0,0.0
regime_aware_mpc,257,-5.1662160028456166,0.0,0.0
regime_aware_mpc,258,-15.690487726432147,0.0,0.0
regime_aware_mpc,259,-1.949236881821467,0.0,0.0
regime_aware_mpc,260,9.663449401734555,0.0,0.0
regime_aware_mpc,261,-2.8871914398307106,0.0,0.0
regime_aware_mpc,262,-10.280521360746025,0.0,0.0
regime_aware_mpc,263,-6.524681903178328,0.0,0.0
regime_aware_mpc,264,2.6277737548817277,0.0,0.0
regime_aware_mpc,265,6.5090744336967,0.0,0.0
regime_aware_mpc,266,14.06367995762926,0.0,0.0
regime_aware_mpc,267,-4.576870005209509,0.0,0.0
regime_aware_mpc,268,10.537167073774956,0.0,0.0
regime_aware_mpc,269,20.253324695951324,0.0,0.0
regime_aware_mpc,270,1.8761760799817269,0.0,0.0
regime_aware_mpc,271,-4.1169611914668,0.0,0.0
regime_aware_mpc,272,8.143138285819418,0.0,0.0
regime_aware_mpc,273,-15.175162600778172,0.0,0.0
regime_aware_mpc,274,-1.2183792333948196,0.0,0.0
regime_aware_mpc,275,-2.544598533593683,0.0,0.0
regime_aware_mpc,276,12.062800710762819,0.0,0.0
regime_aware_mpc,277,-4.749524739414323,0.0,0.0
regime_aware_mpc,278,5.2284345990797245,0.0,0.0
regime_aware_mpc,279,-13.515318576912998,0.0,0.0
regime_aware_mpc,280,12.537830580749368,0.0,0.0
regime_aware_mpc,281,-0.9438695922601998,0.0,0.0
regime_aware_mpc,282,-3.700149613422842,0.0,0.0
regime_aware_mpc,283,1.4587554130365465,0.0,0.0
regime_aware_mpc,284,-2.624063548516432,0.0,0.0
regime_aware_mpc,285,1.6196657334331737,0.0,0.0
regime_aware_mpc,286,16.808961007094226,0.0,0.0
regime_aware_mpc,287,-7.2857613988463426,0.0,0.0
regime_aware_mpc,288,10.115745519703138,0.0,0.0
regime_aware_mpc,289,9.918744681320218,0.0,0.0
regime_aware_mpc,290,10.042508868928296,0.0,0.0
regime_aware_mpc,291,1.3634944569111522,0.0,0.0
regime_aware_mpc,292,11.814559176995369,0.0,0.0
regime_aware_mpc,293,10.766926015150124,0.0,0.0
regime_aware_mpc,294,-0.4084607052648398,0.0,0.0
regime_aware_mpc,295,9.023077123114158,0.0,0.0
regime_aware_mpc,296,-3.252974254129637,0.0,0.0
regime_aware_mpc,297,18.879859155353277,0.0,0.0
regime_aware_mpc,298,-0.8853670096213954,0.0,0.0
regime_aware_mpc,299,9.057671400301295,0.0,0.0
regime_aware_mpc,300,1.7376016457468946,0.0,0.0
regime_aware_mpc,301,0.9978261509455154,0.0,0.0
regime_aware_mpc,302,5.135493236654633,0.0,0.0
regime_aware_mpc,303,9.205857997320996,0.0,0.0
regime_aware_mpc,304,-16.95294365275348,0.0,0.0
regime_aware_mpc,305,-10.346876634093217,0.0,0.0
regime_aware_mpc,306,5.465576274280297,0.0,0.0
regime_aware_mpc,307,-11.914921010954526,0.0,0.0
regime_aware_mpc,308,-0.24758703347034622,0.0,0.0
regime_aware_mpc,309,14.737804445717705,0.0,0.0
regime_aware_mpc,310,2.2880883289039895,0.0,0.0
regime_aware_mpc,311,-16.64162340380131,0.0,0.0
regime_aware_mpc,312,-1.680992419387992,0.0,0.0
regime_aware_mpc,313,5.069962018034789,0.0,0.0
regime_aware_mpc,314,12.055360560073323,0.0,0.0
regime_aware_mpc,315,-7.70395101966719,0.0,0.0
regime_aware_mpc,316,-3.771294959504224,0.0,0.0
regime_aware_mpc,317,15.109062897647826,0.0,0.0
regime_aware_mpc,318,1.6518818953506633,0.0,0.0
regime_aware_mpc,319,-18.27739076752329,0.0,0.0
regime_aware_mpc,320,1.9446625393733734,0.0,0.0
regime_aware_mpc,321,0.06360874700358653,0.0,0.0
regime_aware_mpc,322,23.30326713092841,0.0,0.0
regime_aware_mpc,323,7.597625949950755,0.0,0.0
regime_aware_mpc,324,19.80645367295947,0.0,0.0
regime_aware_mpc,325,22.053229927128882,0.0,0.0
regime_aware_mpc,326,12.161589690574738,0.0,0.0
regime_aware_mpc,327,11.083698840867957,0.0,0.0
regime_aware_mpc,328,-24.800109755655306,0.0,0.0
regime_aware_mpc,329,5.497582695791906,0.0,0.0
regime_aware_mpc,330,-0.8249677928480099,0.0,0.0
regime_aware_mpc,331,4.0623819380378485,0.0,0.0
regime_aware_mpc,332,11.947993305161905,0.0,0.0
regime_aware_mpc,333,-6.405800943644307,0.0,0.0
regime_aware_mpc,334,-25.288958251417558,0.0,0.0
regime_aware_mpc,335,13.363621081447743,0.0,0.0
regime_aware_mpc,336,-13.677029354480299,0.0,0.0
regime_aware_mpc,337,17.27970172604425,0.0,0.0
regime_aware_mpc,338,-8.731041421074305,0.0,0.0
regime_aware_mpc,339,-4.446813846305395,0.0,0.0
regime_aware_mpc,340,2.529039815777305,0.0,0.0
regime_aware_mpc,341,-6.060325573696304,0.0,0.0
regime_aware_mpc,342,1.567048172058901,0.0,0.0
regime_aware_mpc,343,-6.450215200175766,0.0,0.0
regime_aware_mpc,344,-5.941114716990291,0.0,0.0
regime_aware_mpc,345,-4.95068780211382,0.0,0.0
regime_aware_mpc,346,-5.04809105739629,0.0,0.0
regime_aware_mpc,347,-5.919907610284228,0.0,0.0
regime_aware_mpc,348,3.2612485300158527,0.0,0.0
regime_aware_mpc,349,13.716100820241467,0.0,0.0
regime_aware_mpc,350,-3.2100138686404662,0.0,0.0
regime_aware_mpc,351,0.8851513337240003,0.0,0.0
regime_aware_mpc,352,7.255441648472536,0.0,0.0
regime_aware_mpc,353,-1.3669921963469125,0.0,0.0
regime_aware_mpc,354,-8.465176403047959,0.0,0.0
regime_aware_mpc,355,2.911033027713827,0.0,0.0
regime_aware_mpc,356,-1.729571988278923,0.0,0.0
regime_aware_mpc,357,3.6138065274813127,0.0,0.0
regime_aware_mpc,358,5.308678723210203,0.0,0.0
regime_aware_mpc,359,0.036198288611478294,0.0,0.0
regime_aware_mpc,360,-7.640143375437755,0.0,0.0
regime_aware_mpc,361,3.092763918019338,0.0,0.0
regime_aware_mpc,362,2.8178500473508836,0.0,0.0
regime_aware_mpc,363,-10.624309444264451,0.0,0.0
regime_aware_mpc,364,-5.293004546779865,0.0,0.0
regime_aware_mpc,365,10.186821205250771,0.0,0.0
regime_aware_mpc,366,-4.746830691167268,0.0,0.0
regime_aware_mpc,367,26.597734351631633,0.0,0.0
regime_aware_mpc,368,-0.46440349924380575,0.0,0.0
regime_aware_mpc,369,22.153170496358232,0.0,0.0
regime_aware_mpc,370,1.4541328545942318,0.0,0.0
regime_aware_mpc,371,-0.665341762334158,0.0,0.0
regime_aware_mpc,372,17.530058965729232,0.0,0.0
regime_aware_mpc,373,-7.285755401025483,0.0,0.0
regime_aware_mpc,374,7.78775201681925,0.0,0.0
regime_aware_mpc,375,7.2266566016471145,0.0,0.0
regime_aware_mpc,376,-12.173254603021247,0.0,0.0
regime_aware_mpc,377,-0.7697517434667681,0.0,0.0
regime_aware_mpc,378,-17.035516163229786,0.0,0.0
regime_aware_mpc,379,-0.07191074438772757,0.0,0.0
regime_aware_mpc,380,0.7652092266417393,0.0,0.0
regime_aware_mpc,381,-1.0112757458662485,0.0,0.0
regime_aware_mpc,382,-3.0865988241460456,0.0,0.0
regime_aware_mpc,383,-2.3317527742701745,0.0,0.0
regime_aware_mpc,384,-1.421746412197645,0.0,0.0
regime_aware_mpc,385,-1.803164084359941,0.0,0.0
regime_aware_mpc,386,-6.748265628537999,0.0,0.0
regime_aware_mpc,387,3.5867962300160148,0.0,0.0
regime_aware_mpc,388,0.917160993287402,0.0,0.0
regime_aware_mpc,389,11.286740958940777,0.0,0.0
regime_aware_mpc,390,8.285761611090697,0.0,0.0
regime_aware_mpc,391,5.6913728378520245,0.0,0.0
regime_aware_mpc,392,-10.604848823617418,0.0,0.0
regime_aware_mpc,393,-3.630771656549105,0.0,0.0
regime_aware_mpc,394,15.53540951790614,0.0,0.0
regime_aware_mpc,395,-0.8617437052182516,0.0,0.0
regime_aware_mpc,396,2.1888823105109734,0.0,0.0
regime_aware_mpc,397,5.753348935563908,0.0,0.0
regime_aware_mpc,398,-1.7848676086314377,0.0,0.0
regime_aware_mpc,399,-4.14365475670042,0.0,0.0
regime_aware_mpc,400,12.26232589970055,0.0,0.0
regime_aware_mpc,401,9.188745012469091,0.0,0.0
regime_aware_mpc,402,6.655738893609022,0.0,0.0
regime_aware_mpc,403,24.508620527096593,0.0,0.0
regime_aware_mpc,404,-4.790103499776647,0.0,0.0
regime_aware_mpc,405,13.049059890625362,0.0,0.0
regime_aware_mpc,406,8.070735868657128,0.0,0.0
regime_aware_mpc,407,3.4310473004431676,0.0,0.0
regime_aware_mpc,408,-4.283105562178691,0.0,0.0
regime_aware_mpc,409,27.382602313647816,0.0,0.0
regime_aware_mpc,410,5.324281969695141,0.0,0.0
regime_aware_mpc,411,1.6248494897295453,0.0,0.0
regime_aware_mpc,412,16.79315463520446,0.0,0.0
regime_aware_mpc,413,9.600071919984343,0.0,0.0
regime_aware_mpc,414,10.377336957810684,0.0,0.0
regime_aware_mpc,415,-2.9896021369439434,0.0,0.0
regime_aware_mpc,416,9.350506183520901,0.0,0.0
regime_aware_mpc,417,-7.4342815282710815,0.0,0.0
regime_aware_mpc,418,-14.861306963105156,0.0,0.0
regime_aware_mpc,419,0.6960310810589232,0.0,0.0
regime_aware_mpc,420,-2.688814786090456,0.0,0.0
regime_aware_mpc,421,-1.7198852911023428,0.0,0.0
regime_aware_mpc,422,-1.9789526107833542,0.0,0.0
regime_aware_mpc,423,-5.18100131955011,0.0,0.0
regime_aware_mpc,424,-10.036213357772402,0.0,0.0
regime_aware_mpc,425,-2.808492754699496,0.0,0.0
regime_aware_mpc,426,-8.342959030878024,0.0,0.0
regime_aware_mpc,427,-9.434134521527733,0.0,0.0
regime_aware_mpc,428,9.365160919561275,0.0,0.0
regime_aware_mpc,429,-11.248240337570987,0.0,0.0
regime_aware_mpc,430,2.0479561816938636,0.0,0.0
regime_aware_mpc,431,13.547204755597893,0.0,0.0
regime_aware_mpc,432,-7.795378350285438,0.0,0.0
regime_aware_mpc,433,-6.952034320419691,0.0,0.0
regime_aware_mpc,434,6.54403952698949,0.0,0.0
regime_aware_mpc,435,-0.4568574175247858,0.0,0.0
regime_aware_mpc,436,2.16805865150336,0.0,0.0
regime_aware_mpc,437,0.6935237668017307,0.0,0.0
regime_aware_mpc,438,-0.6946805015783794,0.0,0.0
regime_aware_mpc,439,8.458287045930483,0.0,0.0
regime_aware_mpc,440,-5.971858906791329,0.0,0.0
regime_aware_mpc,441,-7.472487075936595,0.0,0.0
regime_aware_mpc,442,8.024827382601996,0.0,0.0
regime_aware_mpc,443,-3.4046957917557426,0.0,0.0
regime_aware_mpc,444,5.949183472767553,0.0,0.0
regime_aware_mpc,445,1.7643219497848996,0.0,0.0
regime_aware_mpc,446,4.719929906518256,0.0,0.0
regime_aware_mpc,447,0.1924598840290628,0.0,0.0
regime_aware_mpc,448,-13.769079363939229,0.0,0.0
regime_aware_mpc,449,-8.6067746314591,0.0,0.0
regime_aware_mpc,450,-1.133337236160546,0.0,0.0
regime_aware_mpc,451,9.761562826290474,0.0,0.0
regime_aware_mpc,452,14.86191562630815,0.0,0.0
regime_aware_mpc,453,45.614802902470174,0.0,0.0
regime_aware_mpc,454,-0.05452561163921431,0.0,0.0
regime_aware_mpc,455,13.626473114192164,0.0,0.0
regime_aware_mpc,456,-2.912308163316866,0.0,0.0
regime_aware_mpc,457,-4.284318985077429,0.0,0.0
regime_aware_mpc,458,-16.93637937670824,0.0,0.0
regime_aware_mpc,459,-5.620856798904447,0.0,0.0
regime_aware_mpc,460,-4.351725753313231,0.0,0.0
regime_aware_mpc,461,12.581149040564565,0.0,0.0
regime_aware_mpc,462,-10.064691151999556,0.0,0.0
regime_aware_mpc,463,11.846529871255703,0.0,0.0
regime_aware_mpc,464,-13.769570751762586,0.0,0.0
regime_aware_mpc,465,9.788130445933799,0.0,0.0
regime_aware_mpc,466,1.9714273373677225,0.0,0.0
regime_aware_mpc,467,1.4576023123299473,0.0,0.0
regime_aware_mpc,468,-7.682456126036656,0.0,0.0
regime_aware_mpc,469,0.6922994534236544,0.0,0.0
regime_aware_mpc,470,10.226471191789795,0.0,0.0
regime_aware_mpc,471,-15.661801845326348,0.0,0.0
regime_aware_mpc,472,-3.857987053410684,0.0,0.0
regime_aware_mpc,473,-3.4142835074477236,0.0,0.0
regime_aware_mpc,474,-8.342268824517,0.0,0.0
regime_aware_mpc,475,-11.735872561598047,0.0,0.0
regime_aware_mpc,476,-7.296341183869376,0.0,0.0
regime_aware_mpc,477,22.074997018573285,0.0,0.0
regime_aware_mpc,478,5.473420190177619,0.0,0.0
regime_aware_mpc,479,-10.383195917847104,0.0,0.0
regime_aware_mpc,480,2.8741849597472724,0.0,0.0
regime_aware_mpc,481,-11.776870410216302,0.0,0.0
regime_aware_mpc,482,-15.480421156903304,0.0,0.0
regime_aware_mpc,483,8.833751344425824,0.0,0.0
regime_aware_mpc,484,-4.3489030993497995,0.0,0.0
regime_aware_mpc,485,14.180443464779444,0.0,0.0
regime_aware_mpc,486,1.1008456964257556,0.0,0.0
regime_aware_mpc,487,15.29840937547579,0.0,0.0
regime_aware_mpc,488,-10.432207720168881,0.0,0.0
regime_aware_mpc,489,-0.7240441712755079,0.0,0.0
regime_aware_mpc,490,-18.4591037578316,0.0,0.0
regime_aware_mpc,491,7.558850490267509,0.0,0.0
regime_aware_mpc,492,5.704387287476505,0.0,0.0
regime_aware_mpc,493,0.5337080615073132,0.0,0.0
regime_aware_mpc,494,21.586366954279185,0.0,0.0
regime_aware_mpc,495,2.6111974540048672,0.0,0.0
regime_aware_mpc,496,9.385128366047553,0.0,0.0
regime_aware_mpc,497,0.5044024935273804,0.0,0.0
regime_aware_mpc,498,10.190442052533879,0.0,0.0
regime_aware_mpc,499,-9.683671980057024,0.0,0.0
regime_aware_mpc,500,6.24742368882578,0.0,0.0
regime_aware_mpc,501,7.388029825168739,0.0,0.0
regime_aware_mpc,502,-3.2009376055529026,0.0,0.0
regime_aware_mpc,503,6.009089284089673,0.0,0.0
regime_aware_mpc,504,2.2772439895870353,0.0,0.0
regime_aware_mpc,505,-0.09051620452856199,0.0,0.0
regime_aware_mpc,506,8.829215829423152,0.0,0.0
regime_aware_mpc,507,-12.404345353817156,0.0,0.0
regime_aware_mpc,508,28.125323738678087,0.0,0.0
regime_aware_mpc,509,20.54362285911468,0.0,0.0
regime_aware_mpc,510,13.765924956538209,0.0,0.0
regime_aware_mpc,511,-7.197526713829265,0.0,0.0
regime_aware_mpc,512,-6.144195054562805,0.0,0.0
regime_aware_mpc,513,15.745613210026542,0.0,0.0
regime_aware_mpc,514,2.249180144286143,0.0,0.0
regime_aware_mpc,515,-12.702797221731217,0.0,0.0
regime_aware_mpc,516,-4.047672573492848,0.0,0.0
regime_aware_mpc,517,-7.423992382837634,0.0,0.0
regime_aware_mpc,518,-0.5588440787116156,0.0,0.0
regime_aware_mpc,519,-11.520865375177378,0.0,0.0
regime_aware_mpc,520,0.1287334156776465,0.0,0.0
regime_aware_mpc,521,1.6570963558889638,0.0,0.0
regime_aware_mpc,522,6.157461784171099,0.0,0.0
regime_aware_mpc,523,-10.389578877262618,0.0,0.0
regime_aware_mpc,524,-5.577353930163057,0.0,0.0
regime_aware_mpc,525,0.6733867396436912,0.0,0.0
regime_aware_mpc,526,2.7274861513993627,0.0,0.0
regime_aware_mpc,527,-3.9060290849672445,0.0,0.0
regime_aware_mpc,528,4.91357957054698,0.0,0.0
regime_aware_mpc,529,-8.621787430886746,0.0,0.0
regime_aware_mpc,530,2.1377827067137725,0.0,0.0
regime_aware_mpc,531,-8.08927416318669,0.0,0.0
regime_aware_mpc,532,16.47533547989146,0.0,0.0
regime_aware_mpc,533,6.432358447828858,0.0,0.0
regime_aware_mpc,534,-3.7123789859140257,0.0,0.0
regime_aware_mpc,535,4.165271653692454,0.0,0.0
regime_aware_mpc,536,-1.073781391900459,0.0,0.0
regime_aware_mpc,537,-16.414700601931337,0.0,0.0
regime_aware_mpc,538,1.917693098932994,0.0,0.0
regime_aware_mpc,539,-9.061501635565078,0.0,0.0
regime_aware_mpc,540,-5.122278154017671,0.0,0.0
regime_aware_mpc,541,9.381078176520651,0.0,0.0
regime_aware_mpc,542,-21.451816803431818,0.0,0.0
regime_aware_mpc,543,5.435293075166306,0.0,0.0
regime_aware_mpc,544,11.442678056451648,0.0,0.0
regime_aware_mpc,545,4.976034915877832,0.0,0.0
regime_aware_mpc,546,1.9123890538492883,0.0,0.0
regime_aware_mpc,547,-11.95361486203585,0.0,0.0
regime_aware_mpc,548,-2.496349332197033,0.0,0.0
regime_aware_mpc,549,1.2239411306219445,0.0,0.0
regime_aware_mpc,550,19.453876738623844,0.0,0.0
regime_aware_mpc,551,-6.180461297197245,0.0,0.0
regime_aware_mpc,552,-3.4182520136325008,0.0,0.0
regime_aware_mpc,553,10.17422934549955,0.0,0.0
regime_aware_mpc,554,-15.97459397027244,0.0,0.0
regime_aware_mpc,555,12.46282109420146,0.0,0.0
regime_aware_mpc,556,-4.442924479849092,0.0,0.0
regime_aware_mpc,557,22.23237309920207,0.0,0.0
regime_aware_mpc,558,-0.40025517996712856,0.0,0.0
regime_aware_mpc,559,-26.924312271036218,0.0,0.0
regime_aware_mpc,560,-7.985685825839262,0.0,0.0
regime_aware_mpc,561,11.538401769382778,0.0,0.0
regime_aware_mpc,562,-13.288143839588464,0.0,0.0
regime_aware_mpc,563,10.833706500662158,0.0,0.0
regime_aware_mpc,564,-8.731303868623328,0.0,0.0
regime_aware_mpc,565,-4.7624366831224485,0.0,0.0
regime_aware_mpc,566,35.001314783679646,0.0,0.0
regime_aware_mpc,567,-16.30457332809359,0.0,0.0
regime_aware_mpc,568,0.8505242564406387,0.0,0.0
regime_aware_mpc,569,-15.996994493668883,0.0,0.0
regime_aware_mpc,570,6.573009068327448,0.0,0.0
regime_aware_mpc,571,-13.749461509814246,0.0,0.0
regime_aware_mpc,572,10.97425838123973,0.0,0.0
regime_aware_mpc,573,15.900332906001372,0.0,0.0
regime_aware_mpc,574,0.5747180199877846,0.0,0.0
regime_aware_mpc,575,6.830145841019884,0.0,0.0
regime_aware_mpc,576,-5.792917476864108,0.0,0.0
regime_aware_mpc,577,-30.05972112713537,0.0,0.0
regime_aware_mpc,578,7.674786176720043,0.0,0.0
regime_aware_mpc,579,5.602831340651641,0.0,0.0
regime_aware_mpc,580,-0.4826581131817884,0.0,0.0
regime_aware_mpc,581,4.9084432300623,0.0,0.0
regime_aware_mpc,582,-0.1815571339610622,0.0,0.0
regime_aware_mpc,583,16.902812644409245,0.0,0.0
regime_aware_mpc,584,24.581229356136625,0.0,0.0
regime_aware_mpc,585,24.173030700428416,0.0,0.0
regime_aware_mpc,586,2.6873100850734675,0.0,0.0
regime_aware_mpc,587,-16.107039438605863,0.0,0.0
regime_aware_mpc,588,2.644503007810255,0.0,0.0
regime_aware_mpc,589,8.698580523085159,0.0,0.0
regime_aware_mpc,590,22.745923055171595,0.0,0.0
regime_aware_mpc,591,8.572955546198044,0.0,0.0
regime_aware_mpc,592,-2.348809706246492,0.0,0.0
regime_aware_mpc,593,16.757578030119234,0.0,0.0
regime_aware_mpc,594,-3.370383796570221,0.0,0.0
regime_aware_mpc,595,11.58221822772904,0.0,0.0
regime_aware_mpc,596,1.8554755564929377,0.0,0.0
regime_aware_mpc,597,-4.309776685028793,0.0,0.0
regime_aware_mpc,598,-4.159812782686134,0.0,0.0
regime_aware_mpc,599,-15.241211577571145,0.0,0.0
regime_aware_mpc,600,-6.694309906977781,0.0,0.0
regime_aware_mpc,601,-23.880718971921812,0.0,0.0
regime_aware_mpc,602,-2.788034892674554,0.0,0.0
regime_aware_mpc,603,13.173031066465079,0.0,0.0
regime_aware_mpc,604,2.6301825486547825,0.0,0.0
regime_aware_mpc,605,-12.518221694485266,0.0,0.0
regime_aware_mpc,606,-13.400327844320085,0.0,0.0
regime_aware_mpc,607,10.311000134640464,0.0,0.0
regime_aware_mpc,608,19.857071382548035,0.0,0.0
regime_aware_mpc,609,-4.5207905179149614,0.0,0.0
regime_aware_mpc,610,14.791918476534727,0.0,0.0
regime_aware_mpc,611,-29.49434850253841,0.0,0.0
regime_aware_mpc,612,8.379807693806626,0.0,0.0
regime_aware_mpc,613,-11.668354669621513,0.0,0.0
regime_aware_mpc,614,7.364672444349907,0.0,0.0
regime_aware_mpc,615,5.952860724017576,0.0,0.0
regime_aware_mpc,616,8.233113896230085,0.0,0.0
regime_aware_mpc,617,8.383584337343388,0.0,0.0
regime_aware_mpc,618,11.729420844583027,0.0,0.0
regime_aware_mpc,619,15.937664450131534,0.0,0.0
regime_aware_mpc,620,2.9955455319311652,0.0,0.0
regime_aware_mpc,621,1.296320384704872,0.0,0.0
regime_aware_mpc,622,-6.68958420618002,0.0,0.0
regime_aware_mpc,623,1.4469351114456293,0.0,0.0
regime_aware_mpc,624,-8.2367224920861,0.0,0.0
regime_aware_mpc,625,-15.017057773649906,0.0,0.0
regime_aware_mpc,626,4.429750216548965,0.0,0.0
regime_aware_mpc,627,9.460278200504145,0.0,0.0
regime_aware_mpc,628,-4.6974080625535635,0.0,0.0
regime_aware_mpc,629,5.411167699961539,0.0,0.0
regime_aware_mpc,630,1.0060293675194374,0.0,0.0
regime_aware_mpc,631,-7.8032234693923295,0.0,0.0
regime_aware_mpc,632,-5.459689428003965,0.0,0.0
regime_aware_mpc,633,1.9266773276089426,0.0,0.0
regime_aware_mpc,634,7.796522582114286,0.0,0.0
regime_aware_mpc,635,-1.8662646391136595,0.0,0.0
regime_aware_mpc,636,-10.569629640567463,0.0,0.0
regime_aware_mpc,637,0.41821769564232475,0.0,0.0
regime_aware_mpc,638,-9.544840280524365,0.0,0.0
regime_aware_mpc,639,1.327690709984705,0.0,0.0
regime_aware_mpc,640,2.1622563898781233,0.0,0.0
regime_aware_mpc,641,10.505128531944127,0.0,0.0
regime_aware_mpc,642,31.35024480267781,0.0,0.0
regime_aware_mpc,643,-5.877239891716429,0.0,0.0
regime_aware_mpc,644,8.950535524988775,0.0,0.0
regime_aware_mpc,645,-19.90924933281907,0.0,0.0
regime_aware_mpc,646,-15.94334962806237,0.0,0.0
regime_aware_mpc,647,22.016848916857104,0.0,0.0
regime_aware_mpc,648,4.8831892533164725,0.0,0.0
regime_aware_mpc,649,1.3475546083463512,0.0,0.0
regime_aware_mpc,650,6.171648921172414,0.0,0.0
regime_aware_mpc,651,-1.660659190018458,0.0,0.0
regime_aware_mpc,652,-5.025550116952101,0.0,0.0
regime_aware_mpc,653,5.744107363003757,0.0,0.0
regime_aware_mpc,654,-10.712405998752452,0.0,0.0
regime_aware_mpc,655,11.661351386889127,0.0,0.0
regime_aware_mpc,656,-17.575755327148613,0.0,0.0
regime_aware_mpc,657,-12.195558462666188,0.0,0.0
regime_aware_mpc,658,14.036023088189186,0.0,0.0
regime_aware_mpc,659,-0.576705949818727,0.0,0.0
regime_aware_mpc,660,-8.186813349630881,0.0,0.0
regime_aware_mpc,661,8.503888121650313,0.0,0.0
regime_aware_mpc,662,-2.1392956957708242,0.0,0.0
regime_aware_mpc,663,-3.022106182406399,0.0,0.0
regime_aware_mpc,664,2.506768520298161,0.0,0.0
regime_aware_mpc,665,0.6562981324656626,0.0,0.0
regime_aware_mpc,666,4.933909666743919,0.0,0.0
regime_aware_mpc,667,18.929120839023284,0.0,0.0
regime_aware_mpc,668,-8.896627296400661,0.0,0.0
regime_aware_mpc,669,-0.37253383864666684,0.0,0.0
regime_aware_mpc,670,-6.682130804144666,0.0,0.0
regime_aware_mpc,671,-1.1126551094323995,0.0,0.0
regime_aware_mpc,672,6.36197283671268,0.0,0.0
regime_aware_mpc,673,-8.586944501395212,0.0,0.0
regime_aware_mpc,674,14.103176472653976,0.0,0.0
regime_aware_mpc,675,3.8099788387199593,0.0,0.0
regime_aware_mpc,676,27.760466309970255,0.0,0.0
regime_aware_mpc,677,14.346332534448496,0.0,0.0
regime_aware_mpc,678,2.234867493306046,0.0,0.0
regime_aware_mpc,679,-8.823132664917336,0.0,0.0
regime_aware_mpc,680,-7.189219326497475,0.0,0.0
regime_aware_mpc,681,8.48747374503869,0.0,0.0
regime_aware_mpc,682,10.068072126655116,0.0,0.0
regime_aware_mpc,683,-12.008507712315463,0.0,0.0
regime_aware_mpc,684,-12.469862728521905,0.0,0.0
regime_aware_mpc,685,28.369989382095934,0.0,0.0
regime_aware_mpc,686,-4.9587754794029815,0.0,0.0
regime_aware_mpc,687,10.024626309804434,0.0,0.0
regime_aware_mpc,688,-14.05742487718124,0.0,0.0
regime_aware_mpc,689,-2.061830717511261,0.0,0.0
regime_aware_mpc,690,-5.709237945069925,0.0,0.0
regime_aware_mpc,691,3.947045796082024,0.0,0.0
regime_aware_mpc,692,-4.501406499316731,0.0,0.0
regime_aware_mpc,693,10.632181580269735,0.0,0.0
regime_aware_mpc,694,-9.75789266472555,0.0,0.0
regime_aware_mpc,695,-5.627476401245221,0.0,0.0
regime_aware_mpc,696,12.585682945732863,0.0,0.0
regime_aware_mpc,697,-10.271651214741434,0.0,0.0
regime_aware_mpc,698,-1.9924172937678652,0.0,0.0
regime_aware_mpc,699,-10.659306906782453,0.0,0.0
regime_aware_mpc,700,10.921518243775335,0.0,0.0
regime_aware_mpc,701,1.3104151499982395,0.0,0.0
regime_aware_mpc,702,8.28317395288511,0.0,0.0
regime_aware_mpc,703,-6.254625231275461,0.0,0.0
regime_aware_mpc,704,7.860095313690604,0.0,0.0
regime_aware_mpc,705,3.1611380043358954,0.0,0.0
regime_aware_mpc,706,9.578021462406255,0.0,0.0
regime_aware_mpc,707,4.402159245701671,0.0,0.0
regime_aware_mpc,708,-6.580732425631018,0.0,0.0
regime_aware_mpc,709,-11.594554705860114,0.0,0.0
regime_aware_mpc,710,9.366881050015113,0.0,0.0
regime_aware_mpc,711,-6.664562676325676,0.0,0.0
regime_aware_mpc,712,4.788253476471105,0.0,0.0
regime_aware_mpc,713,-12.667016725570102,0.0,0.0
regime_aware_mpc,714,-2.901569939048716,0.0,0.0
regime_aware_mpc,715,13.318096132116866,0.0,0.0
regime_aware_mpc,716,15.677605584384212,0.0,0.0
regime_aware_mpc,717,-4.045309201547967,0.0,0.0
regime_aware_mpc,718,-0.023803864448833104,0.0,0.0
regime_aware_mpc,719,-8.698426028288667,0.0,0.0
regime_aware_mpc,720,25.707428835018753,0.0,0.0
regime_aware_mpc,721,-5.721313114079062,0.0,0.0
regime_aware_mpc,722,-9.574165010758444,0.0,0.0
regime_aware_mpc,723,15.965114778142276,0.0,0.0
regime_aware_mpc,724,-6.842569122405736,0.0,0.0
regime_aware_mpc,725,15.393224639309937,0.0,0.0
regime_aware_mpc,726,21.679465462508336,0.0,0.0
regime_aware_mpc,727,1.5283758983916702,0.0,0.0
regime_aware_mpc,728,14.264723932208625,0.0,0.0
regime_aware_mpc,729,1.193253034740555,0.0,0.0
regime_aware_mpc,730,9.708456785391142,0.0,0.0
regime_aware_mpc,731,19.53075389258626,0.0,0.0
regime_aware_mpc,732,6.225765266442625,0.0,0.0
regime_aware_mpc,733,1.6338508142494388,0.0,0.0
regime_aware_mpc,734,-4.616610847560041,0.0,0.0
regime_aware_mpc,735,-2.2820928402330845,0.0,0.0
regime_aware_mpc,736,-0.25047688686425273,0.0,0.0
regime_aware_mpc,737,-13.736794875877127,0.0,0.0
regime_aware_mpc,738,-5.38909042629165,0.0,0.0
regime_aware_mpc,739,-25.849986228285342,0.0,0.0
regime_aware_mpc,740,-2.4517872436618076,0.0,0.0
regime_aware_mpc,741,2.844832799854863,0.0,0.0
regime_aware_mpc,742,0.823600137983359,0.0,0.0
regime_aware_mpc,743,7.280128712188737,0.0,0.0
regime_aware_mpc,744,27.86893342276973,0.0,0.0
regime_aware_mpc,745,-11.700113745302545,0.0,0.0
regime_aware_mpc,746,-0.025576469527888432,0.0,0.0
regime_aware_mpc,747,-5.718359963754394,0.0,0.0
regime_aware_mpc,748,3.559121828590886,0.0,0.0
regime_aware_mpc,749,7.92227096146715,0.0,0.0
regime_aware_mpc,750,-2.416185153596293,0.0,0.0
regime_aware_mpc,751,-12.178079889291197,0.0,0.0
regime_aware_mpc,752,-0.6654973207628203,0.0,0.0
regime_aware_mpc,753,-1.5779238074946238,0.0,0.0
regime_aware_mpc,754,1.9226512562947389,0.0,0.0
regime_aware_mpc,755,0.11416351990994356,0.0,0.0
regime_aware_mpc,756,-0.8048932798884707,0.0,0.0
regime_aware_mpc,757,-5.869644267368983,0.0,0.0
regime_aware_mpc,758,-4.518980676134421,0.0,0.0
regime_aware_mpc,759,3.3725494115598047,0.0,0.0
regime_aware_mpc,760,-2.5775223920360752,0.0,0.0
regime_aware_mpc,761,1.2826936709412768,0.0,0.0
regime_aware_mpc,762,-5.294416923740056,0.0,0.0
regime_aware_mpc,763,-4.835105384178336,0.0,0.0
regime_aware_mpc,764,-4.495118305904981,0.0,0.0
regime_aware_mpc,765,-5.836377716243743,0.0,0.0
regime_aware_mpc,766,-6.712673951088596,0.0,0.0
regime_aware_mpc,767,-15.405875722597674,0.0,0.0
regime_aware_mpc,768,3.1045866746717965,0.0,0.0
regime_aware_mpc,769,5.153909750155924,0.0,0.0
regime_aware_mpc,770,-7.078818842701404,0.0,0.0
regime_aware_mpc,771,-2.1684095501832275,0.0,0.0
regime_aware_mpc,772,-1.2309017996707947,0.0,0.0
regime_aware_mpc,773,3.6185208410099543,0.0,0.0
regime_aware_mpc,774,-4.860800134853992,0.0,0.0
regime_aware_mpc,775,15.127610915381316,0.0,0.0
regime_aware_mpc,776,2.5443093811647093,0.0,0.0
regime_aware_mpc,777,-4.096846833800741,0.0,0.0
regime_aware_mpc,778,-0.2987369781104461,0.0,0.0
regime_aware_mpc,779,2.784530457673297,0.0,0.0
regime_aware_mpc,780,0.8109244213762028,0.0,0.0
regime_aware_mpc,781,6.449605418429083,0.0,0.0
regime_aware_mpc,782,-4.564032396410895,0.0,0.0
regime_aware_mpc,783,9.919786046628065,0.0,0.0
regime_aware_mpc,784,-0.4968691581327906,0.0,0.0
regime_aware_mpc,785,3.0696560997750453,0.0,0.0
regime_aware_mpc,786,-0.2541297139927809,0.0,0.0
regime_aware_mpc,787,8.207176683878098,0.0,0.0
regime_aware_mpc,788,7.824035089016,0.0,0.0
regime_aware_mpc,789,1.5488135541019372,0.0,0.0
regime_aware_mpc,790,-10.216311760540838,0.0,0.0
regime_aware_mpc,791,-0.3564030734075911,0.0,0.0
regime_aware_mpc,792,-14.172975173930901,0.0,0.0
regime_aware_mpc,793,-11.397820039468623,0.0,0.0
regime_aware_mpc,794,4.824674097136703,0.0,0.0
regime_aware_mpc,795,-3.9321474117543955,0.0,0.0
regime_aware_mpc,796,-4.858470230365258,0.0,0.0
regime_aware_mpc,797,7.308940736072068,0.0,0.0
regime_aware_mpc,798,1.4758629160392736,0.0,0.0
regime_aware_mpc,799,2.068216408310903,0.0,0.0
regime_aware_mpc,800,-2.6301323529084346,0.0,0.0
regime_aware_mpc,801,-5.009445189607665,0.0,0.0
regime_aware_mpc,802,-1.2920026482849265,0.0,0.0
regime_aware_mpc,803,3.5355653295103577,0.0,0.0
regime_aware_mpc,804,-2.7186431537191367,0.0,0.0
regime_aware_mpc,805,-7.280947315900794,0.0,0.0
regime_aware_mpc,806,8.723687440005312,0.0,0.0
regime_aware_mpc,807,-7.03612028523595,0.0,0.0
regime_aware_mpc,808,-1.3549515363029783,0.0,0.0
regime_aware_mpc,809,6.641561892688336,0.0,0.0
regime_aware_mpc,810,-9.152411398541414,0.0,0.0
regime_aware_mpc,811,17.517233032253376,0.0,0.0
regime_aware_mpc,812,3.1364246427466664,0.0,0.0
regime_aware_mpc,813,-4.6080207011696865,0.0,0.0
regime_aware_mpc,814,3.394502345124343,0.0,0.0
regime_aware_mpc,815,3.6004365543609986,0.0,0.0
regime_aware_mpc,816,1.2786147895772335,0.0,0.0
regime_aware_mpc,817,-11.720656997884468,0.0,0.0
regime_aware_mpc,818,-0.5190168105784987,0.0,0.0
regime_aware_mpc,819,1.825261635912746,0.0,0.0
regime_aware_mpc,820,-1.4039617636831565,0.0,0.0
regime_aware_mpc,821,-0.4955634252732527,0.0,0.0
regime_aware_mpc,822,3.2225889612026526,0.0,0.0
regime_aware_mpc,823,19.538179826154312,0.0,0.0
regime_aware_mpc,824,-8.835167242575485,0.0,0.0
regime_aware_mpc,825,-5.429853401779759,0.0,0.0
regime_aware_mpc,826,0.1070904050812516,0.0,0.0
regime_aware_mpc,827,-1.2813009069954384,0.0,0.0
regime_aware_mpc,828,6.832715166083742,0.0,0.0
regime_aware_mpc,829,8.094005358798945,0.0,0.0
regime_aware_mpc,830,5.759193997184173,0.0,0.0
regime_aware_mpc,831,6.800238388650773,0.0,0.0
regime_aware_mpc,832,-6.041510124053359,0.0,0.0
regime_aware_mpc,833,-5.776876801275973,0.0,0.0
regime_aware_mpc,834,1.466437728877492,0.0,0.0
regime_aware_mpc,835,-19.396958385671432,0.0,0.0
regime_aware_mpc,836,6.592746856902949,0.0,0.0
regime_aware_mpc,837,4.247140316087924,0.0,0.0
regime_aware_mpc,838,-13.819349216364378,0.0,0.0
regime_aware_mpc,839,7.821181574872295,0.0,0.0
regime_aware_mpc,840,14.004020990067497,0.0,0.0
regime_aware_mpc,841,2.470627768099598,0.0,0.0
regime_aware_mpc,842,-3.031986384062417,0.0,0.0
regime_aware_mpc,843,-4.416277385120099,0.0,0.0
regime_aware_mpc,844,16.2616635001192,0.0,0.0
regime_aware_mpc,845,-47.667817422029906,0.0,0.0
regime_aware_mpc,846,22.794786098034404,0.0,0.0
regime_aware_mpc,847,1.0221515541903807,0.0,0.0
regime_aware_mpc,848,0.18918034408417972,0.0,0.0
regime_aware_mpc,849,-4.059823712794838,0.0,0.0
regime_aware_mpc,850,5.557072182880992,0.0,0.0
regime_aware_mpc,851,6.998648080549785,0.0,0.0
regime_aware_mpc,852,-17.703532803671788,0.0,0.0
regime_aware_mpc,853,-8.415695712371235,0.0,0.0
regime_aware_mpc,854,3.835903394786681,0.0,0.0
regime_aware_mpc,855,6.279434433420266,0.0,0.0
regime_aware_mpc,856,1.2532719819795524,0.0,0.0
regime_aware_mpc,857,2.9378679558865803,0.0,0.0
regime_aware_mpc,858,8.664726844122644,0.0,0.0
regime_aware_mpc,859,1.2306942979023474,0.0,0.0
regime_aware_mpc,860,2.1863832675666073,0.0,0.0
regime_aware_mpc,861,41.66071250682682,0.0,0.0
regime_aware_mpc,862,11.52465481642213,0.0,0.0
regime_aware_mpc,863,-0.18698096764286132,0.0,0.0
regime_aware_mpc,864,12.601947845192413,0.0,0.0
regime_aware_mpc,865,-6.266617331619626,0.0,0.0
regime_aware_mpc,866,-8.192077922552322,0.0,0.0
regime_aware_mpc,867,-0.17186854298803064,0.0,0.0
regime_aware_mpc,868,8.072882824930662,0.0,0.0
regime_aware_mpc,869,3.86367017374433,0.0,0.0
regime_aware_mpc,870,18.86709659854224,0.0,0.0
regime_aware_mpc,871,4.343584329575452,0.0,0.0
regime_aware_mpc,872,-3.5949072243537947,0.0,0.0
regime_aware_mpc,873,6.018982898528097,0.0,0.0
regime_aware_mpc,874,-10.725807637266268,0.0,0.0
regime_aware_mpc,875,-10.610459271571292,0.0,0.0
regime_aware_mpc,876,6.853100288485214,0.0,0.0
regime_aware_mpc,877,1.9609390635204722,0.0,0.0
regime_aware_mpc,878,-1.863964077215886,0.0,0.0
regime_aware_mpc,879,8.193131230986003,0.0,0.0
regime_aware_mpc,880,-8.979229565148161,0.0,0.0
regime_aware_mpc,881,-4.563687549962147,0.0,0.0
regime_aware_mpc,882,-9.769574368342008,0.0,0.0
regime_aware_mpc,883,-2.250314112611157,0.0,0.0
regime_aware_mpc,884,-17.22836359509593,0.0,0.0
regime_aware_mpc,885,14.476456407789016,0.0,0.0
regime_aware_mpc,886,19.854104190348863,0.0,0.0
regime_aware_mpc,887,8.407609811445589,0.0,0.0
regime_aware_mpc,888,-2.913223240300825,0.0,0.0
regime_aware_mpc,889,-3.698702586305613,0.0,0.0
regime_aware_mpc,890,1.0232093484001588,0.0,0.0
regime_aware_mpc,891,-1.8802786663796496,0.0,0.0
regime_aware_mpc,892,-0.9264005754044787,0.0,0.0
regime_aware_mpc,893,-4.421593266060944,0.0,0.0
regime_aware_mpc,894,-1.7478024733994866,0.0,0.0
regime_aware_mpc,895,2.5149035173714394,0.0,0.0
regime_aware_mpc,896,-2.9631390817984604,0.0,0.0
regime_aware_mpc,897,-6.839151671667544,0.0,0.0
regime_aware_mpc,898,-2.0302620735945918,0.0,0.0
regime_aware_mpc,899,0.7521981369328015,0.0,0.0
regime_aware_mpc,900,10.163962836166588,0.0,0.0
regime_aware_mpc,901,-10.171657008139357,0.0,0.0
regime_aware_mpc,902,4.291676120892402,0.0,0.0
regime_aware_mpc,903,-2.993926811104195,0.0,0.0
regime_aware_mpc,904,-23.41745344025552,0.0,0.0
regime_aware_mpc,905,12.36111197790082,0.0,0.0
regime_aware_mpc,906,8.635991197168964,0.0,0.0
regime_aware_mpc,907,-3.871569454949883,0.0,0.0
regime_aware_mpc,908,9.696264686193885,0.0,0.0
regime_aware_mpc,909,2.9041675103825795,0.0,0.0
regime_aware_mpc,910,-15.233774949888568,0.0,0.0
regime_aware_mpc,911,8.110824598874975,0.0,0.0
regime_aware_mpc,912,-10.193059840203416,0.0,0.0
regime_aware_mpc,913,16.458799100231353,0.0,0.0
regime_aware_mpc,914,-2.9692685262304925,0.0,0.0
regime_aware_mpc,915,10.325723226747161,0.0,0.0
regime_aware_mpc,916,-2.0967586156334748,0.0,0.0
regime_aware_mpc,917,-8.764302582156715,0.0,0.0
regime_aware_mpc,918,-7.1993283099095855,0.0,0.0
regime_aware_mpc,919,-3.788719292653347,0.0,0.0
regime_aware_mpc,920,-6.891274163572457,0.0,0.0
regime_aware_mpc,921,15.875018936638517,0.0,0.0
regime_aware_mpc,922,-6.562480797183234,0.0,0.0
regime_aware_mpc,923,-0.9136632796997716,0.0,0.0
regime_aware_mpc,924,27.305048492892443,0.0,0.0
regime_aware_mpc,925,28.99381631607135,0.0,0.0
regime_aware_mpc,926,4.018087655470823,0.0,0.0
regime_aware_mpc,927,3.8209252225304593,0.0,0.0
regime_aware_mpc,928,14.724364440865443,0.0,0.0
regime_aware_mpc,929,-2.078077559241834,0.0,0.0
regime_aware_mpc,930,-13.626296189040218,0.0,0.0
regime_aware_mpc,931,-16.50633074571823,0.0,0.0
regime_aware_mpc,932,6.990104912301989,0.0,0.0
regime_aware_mpc,933,0.949741905277058,0.0,0.0
regime_aware_mpc,934,9.575612992649493,0.0,0.0
regime_aware_mpc,935,3.6423639014342317,0.0,0.0
regime_aware_mpc,936,9.724636014521398,0.0,0.0
regime_aware_mpc,937,-22.916407112256138,0.0,0.0
regime_aware_mpc,938,-2.5783738935401885,0.0,0.0
regime_aware_mpc,939,-17.516586731022407,0.0,0.0
regime_aware_mpc,940,-8.458105417417919,0.0,0.0
regime_aware_mpc,941,11.677568397055069,0.0,0.0
regime_aware_mpc,942,8.292472261423038,0.0,0.0
regime_aware_mpc,943,10.339357057167057,0.0,0.0
regime_aware_mpc,944,-7.318973334831996,0.0,0.0
regime_aware_mpc,945,0.4319577892724908,0.0,0.0
regime_aware_mpc,946,7.729070911440133,0.0,0.0
regime_aware_mpc,947,-4.4301135577856225,0.0,0.0
regime_aware_mpc,948,-3.2137433636147485,0.0,0.0
regime_aware_mpc,949,4.573157783840124,0.0,0.0
regime_aware_mpc,950,2.1677562009300044,0.0,0.0
regime_aware_mpc,951,-4.309287088383655,0.0,0.0
regime_aware_mpc,952,8.64473502356008,0.0,0.0
regime_aware_mpc,953,4.145296563366534,0.0,0.0
regime_aware_mpc,954,7.394892000252725,0.0,0.0
regime_aware_mpc,955,-5.282757819186814,0.0,0.0
regime_aware_mpc,956,1.6247787972767593,0.0,0.0
regime_aware_mpc,957,2.4253707133974363,0.0,0.0
regime_aware_mpc,958,-16.217113746449733,0.0,0.0
regime_aware_mpc,959,-6.817513019539769,0.0,0.0
regime_aware_mpc,960,7.10591464636998,0.0,0.0
regime_aware_mpc,961,4.519840431754227,0.0,0.0
regime_aware_mpc,962,1.5306199933464106,0.0,0.0
regime_aware_mpc,963,2.856168289175492,0.0,0.0
regime_aware_mpc,964,7.683497607726822,0.0,0.0
regime_aware_mpc,965,-11.063260333446788,0.0,0.0
regime_aware_mpc,966,2.043855711457992,0.0,0.0
regime_aware_mpc,967,-26.355212567964024,0.0,0.0
regime_aware_mpc,968,5.355638066988652,0.0,0.0
regime_aware_mpc,969,-3.6594507736312765,0.0,0.0
regime_aware_mpc,970,-2.3551719681946572,0.0,0.0
regime_aware_mpc,971,1.5785917419296243,0.0,0.0
regime_aware_mpc,972,-1.4790934268378564,0.0,0.0
regime_aware_mpc,973,2.299630916006126,0.0,0.0
regime_aware_mpc,974,13.122136709818278,0.0,0.0
regime_aware_mpc,975,2.7767938430337056,0.0,0.0
regime_aware_mpc,976,4.7338219421431065,0.0,0.0
regime_aware_mpc,977,-3.016226549816216,0.0,0.0
regime_aware_mpc,978,-5.213043719615791,0.0,0.0
regime_aware_mpc,979,26.09931104618375,0.0,0.0
regime_aware_mpc,980,10.172433359946723,0.0,0.0
regime_aware_mpc,981,-11.901436280853092,0.0,0.0
regime_aware_mpc,982,-11.650699594414878,0.0,0.0
regime_aware_mpc,983,-10.610735047985768,0.0,0.0
regime_aware_mpc,984,5.056774204835997,0.0,0.0
regime_aware_mpc,985,-3.7011680474524873,0.0,0.0
regime_aware_mpc,986,-17.129945030875017,0.0,0.0
regime_aware_mpc,987,4.859170742871724,0.0,0.0
regime_aware_mpc,988,-8.99692205173133,0.0,0.0
regime_aware_mpc,989,3.748878484144091,0.0,0.0
regime_aware_mpc,990,12.807092926515644,0.0,0.0
regime_aware_mpc,991,2.0277312355917467,0.0,0.0
regime_aware_mpc,992,-11.850560414203478,0.0,0.0
regime_aware_mpc,993,1.439463962911951,0.0,0.0
regime_aware_mpc,994,6.750419490041471,0.0,0.0
regime_aware_mpc,995,-12.668497515020139,0.0,0.0
regime_aware_mpc,996,15.678328850653756,0.0,0.0
regime_aware_mpc,997,8.945061764825411,0.0,0.0
regime_aware_mpc,998,0.5976295957099038,0.0,0.0
regime_aware_mpc,999,4.156019470876947,0.0,0.0
regime_aware_mpc,1000,-18.565061912682765,0.0,0.0
regime_aware_mpc,1001,3.1888094504543494,0.0,0.0
regime_aware_mpc,1002,3.528037373525222,0.0,0.0
regime_aware_mpc,1003,4.510640961383886,0.0,0.0
regime_aware_mpc,1004,1.142873560197467,0.0,0.0
regime_aware_mpc,1005,-3.8486078261276218,0.0,0.0
regime_aware_mpc,1006,-9.611825691336662,0.0,0.0
regime_aware_mpc,1007,-2.840527921149727,0.0,0.0
regime_aware_mpc,1008,-8.966331462572775,0.0,0.0
regime_aware_mpc,1009,0.4871934084124909,0.0,0.0
regime_aware_mpc,1010,5.645516863960289,0.0,0.0
regime_aware_mpc,1011,1.5044967610905093,0.0,0.0
regime_aware_mpc,1012,-8.249944929509535,0.0,0.0
regime_aware_mpc,1013,-11.404867374299155,0.0,0.0
regime_aware_mpc,1014,18.578525011397268,0.0,0.0
regime_aware_mpc,1015,-4.8223235167036655,0.0,0.0
regime_aware_mpc,1016,4.87779615982553,0.0,0.0
regime_aware_mpc,1017,-12.702792628857,0.0,0.0
regime_aware_mpc,1018,8.725748770736827,0.0,0.0
regime_aware_mpc,1019,1.557369286699845,0.0,0.0
regime_aware_mpc,1020,2.4968220086227655,0.0,0.0
regime_aware_mpc,1021,27.018599897551873,0.0,0.0
regime_aware_mpc,1022,8.859776331778495,0.0,0.0
regime_aware_mpc,1023,-0.016475219345636616,0.0,0.0
regime_aware_mpc,1024,-6.800147544350767,0.0,0.0
regime_aware_mpc,1025,-1.2037973163228939,0.0,0.0
regime_aware_mpc,1026,-13.855419090228727,0.0,0.0
regime_aware_mpc,1027,-12.65770240297864,0.0,0.0
regime_aware_mpc,1028,12.409953755667958,0.0,0.0
regime_aware_mpc,1029,-3.7330273147026425,0.0,0.0
regime_aware_mpc,1030,6.093448316820229,0.0,0.0
regime_aware_mpc,1031,14.29982935336087,0.0,0.0
regime_aware_mpc,1032,9.190287788673464,0.0,0.0
regime_aware_mpc,1033,15.890977888330685,0.0,0.0
regime_aware_mpc,1034,-6.68516547206903,0.0,0.0
regime_aware_mpc,1035,5.681635943021329,0.0,0.0
regime_aware_mpc,1036,-10.297032212858033,0.0,0.0
regime_aware_mpc,1037,1.2547802370222096,0.0,0.0
regime_aware_mpc,1038,8.795392834730832,0.0,0.0
regime_aware_mpc,1039,-7.142698331350946,0.0,0.0
regime_aware_mpc,1040,-3.6738873133482097,0.0,0.0
regime_aware_mpc,1041,7.244356559446818,0.0,0.0
regime_aware_mpc,1042,-6.243470927739131,0.0,0.0
regime_aware_mpc,1043,-5.175640277607466,0.0,0.0
regime_aware_mpc,1044,10.412770379236221,0.0,0.0
regime_aware_mpc,1045,4.778289096561426,0.0,0.0
regime_aware_mpc,1046,-1.9501508812837027,0.0,0.0
regime_aware_mpc,1047,-1.287551537347313,0.0,0.0
regime_aware_mpc,1048,14.762778492923879,0.0,0.0
regime_aware_mpc,1049,-0.027033765854660222,0.0,0.0
regime_aware_mpc,1050,5.645740159521414,0.0,0.0
regime_aware_mpc,1051,-5.3995411322697855,0.0,0.0
regime_aware_mpc,1052,-16.07391301674894,0.0,0.0
regime_aware_mpc,1053,-3.049616057429363,0.0,0.0
regime_aware_mpc,1054,9.8579085778777,0.0,0.0
regime_aware_mpc,1055,3.26053083851142,0.0,0.0
regime_aware_mpc,1056,-14.22855881508066,0.0,0.0
regime_aware_mpc,1057,5.802715954122073,0.0,0.0
regime_aware_mpc,1058,-7.5581516945580764,0.0,0.0
regime_aware_mpc,1059,7.439764077708234,0.0,0.0
regime_aware_mpc,1060,13.17919683067251,0.0,0.0
regime_aware_mpc,1061,0.24440317414867196,0.0,0.0
regime_aware_mpc,1062,1.1510565771357955,0.0,0.0
regime_aware_mpc,1063,4.357724326998894,0.0,0.0
regime_aware_mpc,1064,-1.3412848648620572,0.0,0.0
regime_aware_mpc,1065,9.0637933888668,0.0,0.0
regime_aware_mpc,1066,6.151994095956987,0.0,0.0
regime_aware_mpc,1067,-0.28391970176493525,0.0,0.0
regime_aware_mpc,1068,2.9932373032557793,0.0,0.0
regime_aware_mpc,1069,17.769664947266147,0.0,0.0
regime_aware_mpc,1070,5.447956432692923,0.0,0.0
regime_aware_mpc,1071,-13.395996373552299,0.0,0.0
regime_aware_mpc,1072,-9.418081929094102,0.0,0.0
regime_aware_mpc,1073,9.651157790097502,0.0,0.0
regime_aware_mpc,1074,7.269551785717153,0.0,0.0
regime_aware_mpc,1075,10.67745984796215,0.0,0.0
regime_aware_mpc,1076,-2.1731654753649003,0.0,0.0
regime_aware_mpc,1077,-13.462557810955754,0.0,0.0
regime_aware_mpc,1078,2.049289022878253,0.0,0.0
regime_aware_mpc,1079,6.68287287517686,0.0,0.0
regime_aware_mpc,1080,3.98347508289431,0.0,0.0
regime_aware_mpc,1081,17.778599243106054,0.0,0.0
regime_aware_mpc,1082,-5.8580303993672045,0.0,0.0
regime_aware_mpc,1083,3.707022237429297,0.0,0.0
regime_aware_mpc,1084,-5.154104981106461,0.0,0.0
regime_aware_mpc,1085,7.4307982207693755,0.0,0.0
regime_aware_mpc,1086,3.981417117124373,0.0,0.0
regime_aware_mpc,1087,-9.544159394774944,0.0,0.0
regime_aware_mpc,1088,-10.81122428350574,0.0,0.0
regime_aware_mpc,1089,-7.479115862466646,0.0,0.0
regime_aware_mpc,1090,12.07501414524201,0.0,0.0
regime_aware_mpc,1091,12.745063872674567,0.0,0.0
regime_aware_mpc,1092,6.868901609567471,0.0,0.0
regime_aware_mpc,1093,-3.441464738138088,0.0,0.0
regime_aware_mpc,1094,-3.7316072849677746,0.0,0.0
regime_aware_mpc,1095,-0.3844787308392411,0.0,0.0
regime_aware_mpc,1096,14.626884016208292,0.0,0.0
regime_aware_mpc,1097,15.342046210009906,0.0,0.0
regime_aware_mpc,1098,11.088662414937122,0.0,0.0
regime_aware_mpc,1099,26.334457737906497,0.0,0.0
regime_aware_mpc,1100,-21.331830695186405,0.0,0.0
regime_aware_mpc,1101,6.365892677727778,0.0,0.0
regime_aware_mpc,1102,-2.0815736233451076,0.0,0.0
regime_aware_mpc,1103,3.6626987503303474,0.0,0.0
regime_aware_mpc,1104,-12.572292122605562,0.0,0.0
regime_aware_mpc,1105,3.388073057700512,0.0,0.0
regime_aware_mpc,1106,-12.513760679730709,0.0,0.0
regime_aware_mpc,1107,1.374585950237653,0.0,0.0
regime_aware_mpc,1108,9.751000362544717,0.0,0.0
regime_aware_mpc,1109,-7.753748651779659,0.0,0.0
regime_aware_mpc,1110,2.050892347783868,0.0,0.0
regime_aware_mpc,1111,-6.489881483022957,0.0,0.0
regime_aware_mpc,1112,13.246804354860016,0.0,0.0
regime_aware_mpc,1113,0.2785149898703193,0.0,0.0
regime_aware_mpc,1114,-9.847405778561932,0.0,0.0
regime_aware_mpc,1115,-6.716260135339714,0.0,0.0
regime_aware_mpc,1116,-1.5492226540045169,0.0,0.0
regime_aware_mpc,1117,26.676110911144114,0.0,0.0
regime_aware_mpc,1118,7.010234558300496,0.0,0.0
regime_aware_mpc,1119,-1.5871750244383604,0.0,0.0
regime_aware_mpc,1120,2.7538960100442953,0.0,0.0
regime_aware_mpc,1121,-1.6935288428063056,0.0,0.0
regime_aware_mpc,1122,-6.007700723550965,0.0,0.0
regime_aware_mpc,1123,-20.96910623774933,0.0,0.0
regime_aware_mpc,1124,30.619077460616793,0.0,0.0
regime_aware_mpc,1125,11.870815915864622,0.0,0.0
regime_aware_mpc,1126,1.8458888835900853,0.0,0.0
regime_aware_mpc,1127,4.017208255366823,0.0,0.0
regime_aware_mpc,1128,7.21704640822068,0.0,0.0
regime_aware_mpc,1129,-7.840210511403374,0.0,0.0
regime_aware_mpc,1130,3.4176079832251958,0.0,0.0
regime_aware_mpc,1131,14.477092451907026,0.0,0.0
regime_aware_mpc,1132,1.159254703385796,0.0,0.0
regime_aware_mpc,1133,3.339150319243326,0.0,0.0
regime_aware_mpc,1134,3.610059822124752,0.0,0.0
regime_aware_mpc,1135,9.301310764244842,0.0,0.0
regime_aware_mpc,1136,12.868979056324092,0.0,0.0
regime_aware_mpc,1137,8.197452959178102,0.0,0.0
regime_aware_mpc,1138,-11.056424218460275,0.0,0.0
regime_aware_mpc,1139,-14.094928178734476,0.0,0.0
regime_aware_mpc,1140,-16.987013084908707,0.0,0.0
regime_aware_mpc,1141,7.310000851412915,0.0,0.0
regime_aware_mpc,1142,-6.990658915418945,0.0,0.0
regime_aware_mpc,1143,-10.899067477716015,0.0,0.0
regime_aware_mpc,1144,-0.55828608289636,0.0,0.0
regime_aware_mpc,1145,10.007707022349074,0.0,0.0
regime_aware_mpc,1146,1.4784176160443665,0.0,0.0
regime_aware_mpc,1147,19.45767038843531,0.0,0.0
regime_aware_mpc,1148,-15.557667176282992,0.0,0.0
regime_aware_mpc,1149,-9.12912914516556,0.0,0.0
regime_aware_mpc,1150,-5.2991581836782,0.0,0.0
regime_aware_mpc,1151,16.2757874930313,0.0,0.0
regime_aware_mpc,1152,-6.512957851791234,0.0,0.0
regime_aware_mpc,1153,-20.387079843302363,0.0,0.0
regime_aware_mpc,1154,5.810471785170748,0.0,0.0
regime_aware_mpc,1155,-13.9325732483454,0.0,0.0
regime_aware_mpc,1156,17.164348773185484,0.0,0.0
regime_aware_mpc,1157,-13.436445909055626,0.0,0.0
regime_aware_mpc,1158,-1.713615767559997,0.0,0.0
regime_aware_mpc,1159,0.8974634661757093,0.0,0.0
regime_aware_mpc,1160,4.463879294960847,0.0,0.0
regime_aware_mpc,1161,-7.4198676615232335,0.0,0.0
regime_aware_mpc,1162,0.33873959899530925,0.0,0.0
regime_aware_mpc,1163,-11.65958010594408,0.0,0.0
regime_aware_mpc,1164,1.9680083057960716,0.0,0.0
regime_aware_mpc,1165,23.245757943727888,0.0,0.0
regime_aware_mpc,1166,4.4356578447548936,0.0,0.0
regime_aware_mpc,1167,-5.1845196061955985,0.0,0.0
regime_aware_mpc,1168,-8.362209346092646,0.0,0.0
regime_aware_mpc,1169,3.4771471128555516,0.0,0.0
regime_aware_mpc,1170,-5.857242033952014,0.0,0.0
regime_aware_mpc,1171,12.807002187318401,0.0,0.0
regime_aware_mpc,1172,-14.969277421172622,0.0,0.0
regime_aware_mpc,1173,0.5529952973831809,0.0,0.0
regime_aware_mpc,1174,0.7972836753383031,0.0,0.0
regime_aware_mpc,1175,5.17414475294876,0.0,0.0
regime_aware_mpc,1176,8.924439099346607,0.0,0.0
regime_aware_mpc,1177,3.159626411328754,0.0,0.0
regime_aware_mpc,1178,-9.14997749559589,0.0,0.0
regime_aware_mpc,1179,-0.8118831557523495,0.0,0.0
regime_aware_mpc,1180,-12.26124671102159,0.0,0.0
regime_aware_mpc,1181,-4.887058120632896,0.0,0.0
regime_aware_mpc,1182,2.546429936297877,0.0,0.0
regime_aware_mpc,1183,1.364337416681714,0.0,0.0
regime_aware_mpc,1184,-3.190141127276634,0.0,0.0
regime_aware_mpc,1185,-10.647212366387755,0.0,0.0
regime_aware_mpc,1186,6.174160273399278,0.0,0.0
regime_aware_mpc,1187,6.713338440752718,0.0,0.0
regime_aware_mpc,1188,-8.673123703912914,0.0,0.0
regime_aware_mpc,1189,2.0572031701161637,0.0,0.0
regime_aware_mpc,1190,-3.3677275419644728,0.0,0.0
regime_aware_mpc,1191,-0.516567124874476,0.0,0.0
regime_aware_mpc,1192,-39.69659478362648,0.0,0.0
regime_aware_mpc,1193,9.880896836572887,0.0,0.0
regime_aware_mpc,1194,5.091295734049421,0.0,0.0
regime_aware_mpc,1195,3.878052217318309,0.0,0.0
regime_aware_mpc,1196,-5.224115814630172,0.0,0.0
regime_aware_mpc,1197,-0.06829768985951123,0.0,0.0
regime_aware_mpc,1198,3.249640937258463,0.0,0.0
regime_aware_mpc,1199,16.31102500038641,0.0,0.0
oracle_mpc,0,13.102758978925738,0.0,0.0
oracle_mpc,1,-3.2005308347190993,0.0,0.0
oracle_mpc,2,-7.713211858109404,0.0,0.0
oracle_mpc,3,13.384208501260929,0.0,0.0
oracle_mpc,4,17.22774124122473,0.0,0.0
oracle_mpc,5,6.183101066560052,0.0,0.0
oracle_mpc,6,-4.394899396551755,0.0,0.0
oracle_mpc,7,6.239026780278494,0.0,0.0
oracle_mpc,8,-19.503240559067265,0.0,0.0
oracle_mpc,9,2.8215658111011344,0.0,0.0
oracle_mpc,10,-4.613764317673375,0.0,0.0
oracle_mpc,11,0.7245744385374143,0.0,0.0
oracle_mpc,12,-7.810491406052597,0.0,0.0
oracle_mpc,13,2.841368962275728,0.0,0.0
oracle_mpc,14,1.236419028253968,0.0,0.0
oracle_mpc,15,5.780889323233053,0.0,0.0
oracle_mpc,16,-25.618678308671903,0.0,0.0
oracle_mpc,17,0.7370345653279128,0.0,0.0
oracle_mpc,18,4.561799628623911,0.0,0.0
oracle_mpc,19,-23.5262528195143,0.0,0.0
oracle_mpc,20,-2.5094401736242813,0.0,0.0
oracle_mpc,21,-6.546959451267801,0.0,0.0
oracle_mpc,22,17.232851074373915,0.0,0.0
oracle_mpc,23,-0.34822544629897706,0.0,0.0
oracle_mpc,24,-0.0702286906671957,0.0,0.0
oracle_mpc,25,-0.1691004246816419,0.0,0.0
oracle_mpc,26,-2.11114366009786,0.0,0.0
oracle_mpc,27,-9.314902191846288,0.0,0.0
oracle_mpc,28,-6.930253229951679,0.0,0.0
oracle_mpc,29,-3.3772676744610486,0.0,0.0
oracle_mpc,30,9.434061270099864,0.0,0.0
oracle_mpc,31,-5.680881702299351,0.0,0.0
oracle_mpc,32,3.122283061344641,0.0,0.0
oracle_mpc,33,-20.663498252858247,0.0,0.0
oracle_mpc,34,8.033759720757468,0.0,0.0
oracle_mpc,35,-2.225215779580106,0.0,0.0
oracle_mpc,36,4.772909096264883,0.0,0.0
oracle_mpc,37,-2.0282921660372404,0.0,0.0
oracle_mpc,38,1.4070094073080157,0.0,0.0
oracle_mpc,39,5.726609266786848,0.0,0.0
oracle_mpc,40,-7.910401680189674,0.0,0.0
oracle_mpc,41,5.169089282094974,0.0,0.0
oracle_mpc,42,-0.3707889588044488,0.0,0.0
oracle_mpc,43,12.134612217600159,0.0,0.0
oracle_mpc,44,-0.17861912807819813,0.0,0.0
oracle_mpc,45,5.14467819594165,0.0,0.0
oracle_mpc,46,4.559216738741394,0.0,0.0
oracle_mpc,47,-0.5173547019888026,0.0,0.0
oracle_mpc,48,-3.4580311501623444,0.0,0.0
oracle_mpc,49,-19.78012866037157,0.0,0.0
oracle_mpc,50,-0.18175000930643115,0.0,0.0
oracle_mpc,51,6.57801589475681,0.0,0.0
oracle_mpc,52,12.981030166637655,0.0,0.0
oracle_mpc,53,-0.1410107721431547,0.0,0.0
oracle_mpc,54,4.273862080986505,0.0,0.0
oracle_mpc,55,-7.317576461960736,0.0,0.0
oracle_mpc,56,12.572356065805973,0.0,0.0
oracle_mpc,57,10.570571045182364,0.0,0.0
oracle_mpc,58,12.337149228989759,0.0,0.0
oracle_mpc,59,12.80464473511199,0.0,0.0
oracle_mpc,60,12.822602813181435,0.0,0.0
oracle_mpc,61,4.279183777593239,0.0,0.0
oracle_mpc,62,-1.7172033681039272,0.0,0.0
oracle_mpc,63,-23.386001377432997,0.0,0.0
oracle_mpc,64,-4.06097408951255,0.0,0.0
oracle_mpc,65,5.110114722364855,0.0,0.0
oracle_mpc,66,0.9473301338879477,0.0,0.0
oracle_mpc,67,9.21905218450879,0.0,0.0
oracle_mpc,68,-1.3598614915512162,0.0,0.0
oracle_mpc,69,13.846966873822206,0.0,0.0
oracle_mpc,70,-3.450717453750284,0.0,0.0
oracle_mpc,71,19.322476662056467,0.0,0.0
oracle_mpc,72,3.0352528303097133,0.0,0.0
oracle_mpc,73,5.292641345660827,0.0,0.0
oracle_mpc,74,18.43227129772753,0.0,0.0
oracle_mpc,75,-2.1846309778268793,0.0,0.0
oracle_mpc,76,2.1422655834095203,0.0,0.0
oracle_mpc,77,-10.831676685121657,0.0,0.0
oracle_mpc,78,4.809497647701565,0.0,0.0
oracle_mpc,79,4.065050706614145,0.0,0.0
oracle_mpc,80,-10.012528003356593,0.0,0.0
oracle_mpc,81,-4.153059344454903,0.0,0.0
oracle_mpc,82,7.37024123360177,0.0,0.0
oracle_mpc,83,-2.485572619964446,0.0,0.0
oracle_mpc,84,0.11293082019390634,0.0,0.0
oracle_mpc,85,-4.134780237374345,0.0,0.0
oracle_mpc,86,-13.53416628235671,0.0,0.0
oracle_mpc,87,6.825918128681287,0.0,0.0
oracle_mpc,88,13.400269046251791,0.0,0.0
oracle_mpc,89,-14.862536739942758,0.0,0.0
oracle_mpc,90,-16.28539633772891,0.0,0.0
oracle_mpc,91,27.545780222470146,0.0,0.0
oracle_mpc,92,17.18318261209719,0.0,0.0
oracle_mpc,93,-9.157348094292297,0.0,0.0
oracle_mpc,94,-19.628156947264202,0.0,0.0
oracle_mpc,95,-6.070131007399166,0.0,0.0
oracle_mpc,96,-0.02739089897784238,0.0,0.0
oracle_mpc,97,-9.939631200587382,0.0,0.0
oracle_mpc,98,6.223557722798645,0.0,0.0
oracle_mpc,99,2.414081420248262,0.0,0.0
oracle_mpc,100,-1.4899557325878527,0.0,0.0
oracle_mpc,101,3.3730170351324666,0.0,0.0
oracle_mpc,102,-4.623676997867267,0.0,0.0
oracle_mpc,103,7.21662377042942,0.0,0.0
oracle_mpc,104,-9.041050855640115,0.0,0.0
oracle_mpc,105,5.809660681582099,0.0,0.0
oracle_mpc,106,12.379181863974294,0.0,0.0
oracle_mpc,107,-12.981007625356296,0.0,0.0
oracle_mpc,108,10.34634558620394,0.0,0.0
oracle_mpc,109,24.750932762759707,0.0,0.0
oracle_mpc,110,11.453589728229229,0.0,0.0
oracle_mpc,111,9.82305261858014,0.0,0.0
oracle_mpc,112,7.323911384961109,0.0,0.0
oracle_mpc,113,16.466191635507407,0.0,0.0
oracle_mpc,114,3.28820262389622,0.0,0.0
oracle_mpc,115,-11.86046103044725,0.0,0.0
oracle_mpc,116,-4.459264173322259,0.0,0.0
oracle_mpc,117,-11.054079858487622,0.0,0.0
oracle_mpc,118,15.128258702388932,0.0,0.0
oracle_mpc,119,7.327424873343221,0.0,0.0
oracle_mpc,120,0.7771348702514037,0.0,0.0
oracle_mpc,121,-10.402974329398893,0.0,0.0
oracle_mpc,122,1.6443112311397123,0.0,0.0
oracle_mpc,123,-2.90078167091888,0.0,0.0
oracle_mpc,124,-8.827068355390423,0.0,0.0
oracle_mpc,125,3.3058130326367436,0.0,0.0
oracle_mpc,126,3.503610630431938,0.0,0.0
oracle_mpc,127,0.9713178558917371,0.0,0.0
oracle_mpc,128,2.8901039761008915,0.0,0.0
oracle_mpc,129,-0.9153703481962743,0.0,0.0
oracle_mpc,130,-24.60627744345181,0.0,0.0
oracle_mpc,131,12.39966466559824,0.0,0.0
oracle_mpc,132,15.97356655058532,0.0,0.0
oracle_mpc,133,-2.251707098777631,0.0,0.0
oracle_mpc,134,-5.338830157214692,0.0,0.0
oracle_mpc,135,-5.70575487246118,0.0,0.0
oracle_mpc,136,18.6304267558295,0.0,0.0
oracle_mpc,137,-1.0665695324191755,0.0,0.0
oracle_mpc,138,-7.666323155726051,0.0,0.0
oracle_mpc,139,-8.190566342608031,0.0,0.0
oracle_mpc,140,-13.801585353635724,0.0,0.0
oracle_mpc,141,-15.339923665153641,0.0,0.0
oracle_mpc,142,7.312605874955939,0.0,0.0
oracle_mpc,143,-24.431261826379643,0.0,0.0
oracle_mpc,144,7.969204778787329,0.0,0.0
oracle_mpc,145,11.492962355556514,0.0,0.0
oracle_mpc,146,-7.013453267426204,0.0,0.0
oracle_mpc,147,-12.807198949798567,0.0,0.0
oracle_mpc,148,1.244118663206457,0.0,0.0
oracle_mpc,149,-1.5397958776136762,0.0,0.0
oracle_mpc,150,-13.631945496830506,0.0,0.0
oracle_mpc,151,0.12889742099279292,0.0,0.0
oracle_mpc,152,3.792309146337703,0.0,0.0
oracle_mpc,153,-4.391698831296544,0.0,0.0
oracle_mpc,154,16.641209245118677,0.0,0.0
oracle_mpc,155,-4.492249120772508,0.0,0.0
oracle_mpc,156,0.21654033148127838,0.0,0.0
oracle_mpc,157,3.4102402862142522,0.0,0.0
oracle_mpc,158,-5.194609175393368,0.0,0.0
oracle_mpc,159,-9.070363628448701,0.0,0.0
oracle_mpc,160,0.21675403771319565,0.0,0.0
oracle_mpc,161,2.674588226672865,0.0,0.0
oracle_mpc,162,0.5461842994101839,0.0,0.0
oracle_mpc,163,-8.69088009823353,0.0,0.0
oracle_mpc,164,-12.784578715730861,0.0,0.0
oracle_mpc,165,-6.8018570248851775,0.0,0.0
oracle_mpc,166,-7.561200613030418,0.0,0.0
oracle_mpc,167,3.5710886353410687,0.0,0.0
oracle_mpc,168,22.215670612637005,0.0,0.0
oracle_mpc,169,9.483299888119285,0.0,0.0
oracle_mpc,170,-7.0215104728080435,0.0,0.0
oracle_mpc,171,-9.217588047954766,0.0,0.0
oracle_mpc,172,0.20135012875274844,0.0,0.0
oracle_mpc,173,-14.33107489036791,0.0,0.0
oracle_mpc,174,1.6930906134543673,0.0,0.0
oracle_mpc,175,10.286708692888007,0.0,0.0
oracle_mpc,176,28.913857767933973,0.0,0.0
oracle_mpc,177,1.4672949822486292,0.0,0.0
oracle_mpc,178,-0.2894776399522217,0.0,0.0
oracle_mpc,179,9.748469219530191,0.0,0.0
oracle_mpc,180,5.116090165476917,0.0,0.0
oracle_mpc,181,9.432117372310097,0.0,0.0
oracle_mpc,182,-0.31355162037783163,0.0,0.0
oracle_mpc,183,7.433379997788233,0.0,0.0
oracle_mpc,184,-2.1674498007501932,0.0,0.0
oracle_mpc,185,-0.2506913914683682,0.0,0.0
oracle_mpc,186,-17.582287984086946,0.0,0.0
oracle_mpc,187,-3.189050638491807,0.0,0.0
oracle_mpc,188,20.907655059827803,0.0,0.0
oracle_mpc,189,7.8538409897735555,0.0,0.0
oracle_mpc,190,0.2185928940330683,0.0,0.0
oracle_mpc,191,-10.403242931583852,0.0,0.0
oracle_mpc,192,5.628525194302074,0.0,0.0
oracle_mpc,193,8.356361115602308,0.0,0.0
oracle_mpc,194,3.6065852630282014,0.0,0.0
oracle_mpc,195,-11.136686094252186,0.0,0.0
oracle_mpc,196,-6.031829073181836,0.0,0.0
oracle_mpc,197,19.34377147995008,0.0,0.0
oracle_mpc,198,-2.1194262881483414,0.0,0.0
oracle_mpc,199,-4.792135301733138,0.0,0.0
oracle_mpc,200,-6.753930608983559,0.0,0.0
oracle_mpc,201,6.507762532668087,0.0,0.0
oracle_mpc,202,-1.3547105702644315,0.0,0.0
oracle_mpc,203,-5.692172723734198,0.0,0.0
oracle_mpc,204,-14.563817493894666,0.0,0.0
oracle_mpc,205,0.861314617645532,0.0,0.0
oracle_mpc,206,-2.7961508073792367,0.0,0.0
oracle_mpc,207,-10.215367839655848,0.0,0.0
oracle_mpc,208,13.097728325103684,0.0,0.0
oracle_mpc,209,-0.08117013204613027,0.0,0.0
oracle_mpc,210,-1.7795603091547987,0.0,0.0
oracle_mpc,211,7.322871056226526,0.0,0.0
oracle_mpc,212,11.174222656001593,0.0,0.0
oracle_mpc,213,-12.58125034027015,0.0,0.0
oracle_mpc,214,19.99806284689203,0.0,0.0
oracle_mpc,215,17.20864309302646,0.0,0.0
oracle_mpc,216,5.279088429643617,0.0,0.0
oracle_mpc,217,6.1337800605674655,0.0,0.0
oracle_mpc,218,14.98003814880516,0.0,0.0
oracle_mpc,219,4.6639466483308505,0.0,0.0
oracle_mpc,220,-30.031904195381713,0.0,0.0
oracle_mpc,221,2.0085373438396465,0.0,0.0
oracle_mpc,222,-0.04906779966997582,0.0,0.0
oracle_mpc,223,2.16626741077085,0.0,0.0
oracle_mpc,224,7.207033310096659,0.0,0.0
oracle_mpc,225,-6.434177083160355,0.0,0.0
oracle_mpc,226,-5.241498807787206,0.0,0.0
oracle_mpc,227,-3.885096773945125,0.0,0.0
oracle_mpc,228,-1.4158885611551995,0.0,0.0
oracle_mpc,229,0.25968870109172776,0.0,0.0
oracle_mpc,230,15.905377231880944,0.0,0.0
oracle_mpc,231,0.0300865986014576,0.0,0.0
oracle_mpc,232,-2.699479165198083,0.0,0.0
oracle_mpc,233,3.8218540918608506,0.0,0.0
oracle_mpc,234,-5.587878642116062,0.0,0.0
oracle_mpc,235,26.099010602595943,0.0,0.0
oracle_mpc,236,-7.576128286286786,0.0,0.0
oracle_mpc,237,-0.6148987718208482,0.0,0.0
oracle_mpc,238,-7.275742933156759,0.0,0.0
oracle_mpc,239,0.9599898464843467,0.0,0.0
oracle_mpc,240,6.01875519805276,0.0,0.0
oracle_mpc,241,17.80693904642612,0.0,0.0
oracle_mpc,242,-16.062847631569614,0.0,0.0
oracle_mpc,243,2.576832022065764,0.0,0.0
oracle_mpc,244,-5.0332505714575815,0.0,0.0
oracle_mpc,245,-4.271577825763417,0.0,0.0
oracle_mpc,246,-0.009981222163694292,0.0,0.0
oracle_mpc,247,-4.592518563249518,0.0,0.0
oracle_mpc,248,-6.984392014133288,0.0,0.0
oracle_mpc,249,2.476918866825396,0.0,0.0
oracle_mpc,250,8.546476901916543,0.0,0.0
oracle_mpc,251,10.833353659415431,0.0,0.0
oracle_mpc,252,-14.029346124481386,0.0,0.0
oracle_mpc,253,3.6924943498994427,0.0,0.0
oracle_mpc,254,15.572505204424267,0.0,0.0
oracle_mpc,255,8.085644169241691,0.0,0.0
oracle_mpc,256,-0.07908202870136832,0.0,0.0
oracle_mpc,257,-5.139332377272355,0.0,0.0
oracle_mpc,258,-15.595596645016203,0.0,0.0
oracle_mpc,259,-2.1223626728355556,0.0,0.0
oracle_mpc,260,9.523345243977586,0.0,0.0
oracle_mpc,261,-2.8999429136539994,0.0,0.0
oracle_mpc,262,-10.347997297230311,0.0,0.0
oracle_mpc,263,-6.605461615739213,0.0,0.0
oracle_mpc,264,2.612332774264074,0.0,0.0
oracle_mpc,265,6.4925306696454665,0.0,0.0
oracle_mpc,266,14.174916502742347,0.0,0.0
oracle_mpc,267,-4.478540005614995,0.0,0.0
oracle_mpc,268,10.549976439757357,0.0,0.0
oracle_mpc,269,20.285652882648836,0.0,0.0
oracle_mpc,270,1.7543431654212258,0.0,0.0
oracle_mpc,271,-4.092836362886788,0.0,0.0
oracle_mpc,272,8.157824131179536,0.0,0.0
oracle_mpc,273,-15.008191545976281,0.0,0.0
oracle_mpc,274,-1.2845596616056179,0.0,0.0
oracle_mpc,275,-2.5365984111211515,0.0,0.0
oracle_mpc,276,12.109811060377977,0.0,0.0
oracle_mpc,277,-4.66848489633474,0.0,0.0
oracle_mpc,278,5.307699325618681,0.0,0.0
oracle_mpc,279,-13.598041364481864,0.0,0.0
oracle_mpc,280,12.431239323367636,0.0,0.0
oracle_mpc,281,-0.9699612464024356,0.0,0.0
oracle_mpc,282,-3.7364570187567194,0.0,0.0
oracle_mpc,283,1.5355783061605008,0.0,0.0
oracle_mpc,284,-2.655098564867357,0.0,0.0
oracle_mpc,285,1.646117635198351,0.0,0.0
oracle_mpc,286,16.869194321641224,0.0,0.0
oracle_mpc,287,-7.330283481026084,0.0,0.0
oracle_mpc,288,10.229246934694253,0.0,0.0
oracle_mpc,289,9.898323949356882,0.0,0.0
oracle_mpc,290,10.094337166151965,0.0,0.0
oracle_mpc,291,1.3229709709369146,0.0,0.0
oracle_mpc,292,11.787829820991835,0.0,0.0
oracle_mpc,293,10.775797368939502,0.0,0.0
oracle_mpc,294,-0.44994207983571655,0.0,0.0
oracle_mpc,295,8.966401320205106,0.0,0.0
oracle_mpc,296,-3.2263294132854865,0.0,0.0
oracle_mpc,297,18.942570685756863,0.0,0.0
oracle_mpc,298,-0.769604270019294,0.0,0.0
oracle_mpc,299,9.086109890210562,0.0,0.0
oracle_mpc,300,1.7433531369267827,0.0,0.0
oracle_mpc,301,1.1032563562193192,0.0,0.0
oracle_mpc,302,5.185150688525319,0.0,0.0
oracle_mpc,303,9.236831880577391,0.0,0.0
oracle_mpc,304,-16.98243879031652,0.0,0.0
oracle_mpc,305,-10.407966525448664,0.0,0.0
oracle_mpc,306,5.515069811737766,0.0,0.0
oracle_mpc,307,-11.900651235380785,0.0,0.0
oracle_mpc,308,-0.28158515939312706,0.0,0.0
oracle_mpc,309,14.654856400435454,0.0,0.0
oracle_mpc,310,2.299367462138419,0.0,0.0
oracle_mpc,311,-16.65818994302184,0.0,0.0
oracle_mpc,312,-1.6683837433420297,0.0,0.0
oracle_mpc,313,4.95719945059235,0.0,0.0
oracle_mpc,314,12.041091514776486,0.0,0.0
oracle_mpc,315,-7.723422326421085,0.0,0.0
oracle_mpc,316,-3.784732833250787,0.0,0.0
oracle_mpc,317,15.184147166349739,0.0,0.0
oracle_mpc,318,1.7213979367516945,0.0,0.0
oracle_mpc,319,-18.34629269794505,0.0,0.0
oracle_mpc,320,1.6713745617889235,0.0,0.0
oracle_mpc,321,0.05704526874621345,0.0,0.0
oracle_mpc,322,23.358209445720732,0.0,0.0
oracle_mpc,323,7.534438645077011,0.0,0.0
oracle_mpc,324,19.705403031360852,0.0,0.0
oracle_mpc,325,22.82436936800073,0.0,0.0
oracle_mpc,326,12.194583631896153,0.0,0.0
oracle_mpc,327,11.108177500691674,0.0,0.0
oracle_mpc,328,-24.756712165588112,0.0,0.0
oracle_mpc,329,5.578914995243969,0.0,0.0
oracle_mpc,330,-0.7867008028036384,0.0,0.0
oracle_mpc,331,4.006614395654665,0.0,0.0
oracle_mpc,332,11.985743173711985,0.0,0.0
oracle_mpc,333,-6.478381695752543,0.0,0.0
oracle_mpc,334,-25.3269330704513,0.0,0.0
oracle_mpc,335,13.502757117902394,0.0,0.0
oracle_mpc,336,-13.65637200570506,0.0,0.0
oracle_mpc,337,17.284709422658253,0.0,0.0
oracle_mpc,338,-8.745981437788155,0.0,0.0
oracle_mpc,339,-4.402685131877527,0.0,0.0
oracle_mpc,340,2.695597651639713,0.0,0.0
oracle_mpc,341,-5.953168283278505,0.0,0.0
oracle_mpc,342,1.555464183589103,0.0,0.0
oracle_mpc,343,-6.397097367529067,0.0,0.0
oracle_mpc,344,-5.989671605143883,0.0,0.0
oracle_mpc,345,-4.970860665788419,0.0,0.0
oracle_mpc,346,-5.100028110286721,0.0,0.0
oracle_mpc,347,-5.8756628374302835,0.0,0.0
oracle_mpc,348,3.267352893713563,0.0,0.0
oracle_mpc,349,13.660235242071089,0.0,0.0
oracle_mpc,350,-3.1879038222672627,0.0,0.0
oracle_mpc,351,0.9201081326924408,0.0,0.0
oracle_mpc,352,7.337497992402114,0.0,0.0
oracle_mpc,353,-1.5376264009552125,0.0,0.0
oracle_mpc,354,-8.434933158735742,0.0,0.0
oracle_mpc,355,2.8991028292102934,0.0,0.0
oracle_mpc,356,-1.7121945505674494,0.0,0.0
oracle_mpc,357,3.6094990577282506,0.0,0.0
oracle_mpc,358,5.311269538078584,0.0,0.0
oracle_mpc,359,0.04109472292162567,0.0,0.0
oracle_mpc,360,-7.879334398612069,0.0,0.0
oracle_mpc,361,3.1412265602481484,0.0,0.0
oracle_mpc,362,2.963554718216804,0.0,0.0
oracle_mpc,363,-10.581438629856526,0.0,0.0
oracle_mpc,364,-5.29167321895421,0.0,0.0
oracle_mpc,365,10.327833130281157,0.0,0.0
oracle_mpc,366,-4.720220053061262,0.0,0.0
oracle_mpc,367,26.5540590754637,0.0,0.0
oracle_mpc,368,-0.6726111944959772,0.0,0.0
oracle_mpc,369,22.146466238551344,0.0,0.0
oracle_mpc,370,1.4334358019532518,0.0,0.0
oracle_mpc,371,-0.49951151577928343,0.0,0.0
oracle_mpc,372,17.521664317337073,0.0,0.0
oracle_mpc,373,-7.406661410948231,0.0,0.0
oracle_mpc,374,7.800184680876476,0.0,0.0
oracle_mpc,375,7.22614078278466,0.0,0.0
oracle_mpc,376,-12.166921097632915,0.0,0.0
oracle_mpc,377,-0.8189303802572694,0.0,0.0
oracle_mpc,378,-17.136650304791807,0.0,0.0
oracle_mpc,379,-0.09101761156868508,0.0,0.0
oracle_mpc,380,0.6889746350960158,0.0,0.0
oracle_mpc,381,-1.017075688715493,0.0,0.0
oracle_mpc,382,-3.117445174616776,0.0,0.0
oracle_mpc,383,-2.1135575300940936,0.0,0.0
oracle_mpc,384,-1.3518267735256704,0.0,0.0
oracle_mpc,385,-1.8108267636114739,0.0,0.0
oracle_mpc,386,-6.738124026609311,0.0,0.0
oracle_mpc,387,3.5467706977241953,0.0,0.0
oracle_mpc,388,1.0009304400570573,0.0,0.0
oracle_mpc,389,11.448633903632956,0.0,0.0
oracle_mpc,390,8.275170379435014,0.0,0.0
oracle_mpc,391,5.731637601468123,0.0,0.0
oracle_mpc,392,-10.65853336998294,0.0,0.0
oracle_mpc,393,-3.5672501017815605,0.0,0.0
oracle_mpc,394,15.373800449975567,0.0,0.0
oracle_mpc,395,-0.8479330908123062,0.0,0.0
oracle_mpc,396,2.2020379044042517,0.0,0.0
oracle_mpc,397,5.805032031347366,0.0,0.0
oracle_mpc,398,-1.8954440040907783,0.0,0.0
oracle_mpc,399,-4.18242767879923,0.0,0.0
oracle_mpc,400,12.140237543555942,0.0,0.0
oracle_mpc,401,9.327426323120202,0.0,0.0
oracle_mpc,402,6.614319209280243,0.0,0.0
oracle_mpc,403,24.6041718202136,0.0,0.0
oracle_mpc,404,-4.765396550788434,0.0,0.0
oracle_mpc,405,13.02372971931385,0.0,0.0
oracle_mpc,406,8.05491511650436,0.0,0.0
oracle_mpc,407,3.420846444781357,0.0,0.0
oracle_mpc,408,-4.275379302220266,0.0,0.0
oracle_mpc,409,27.45524012038496,0.0,0.0
oracle_mpc,410,5.331144407127268,0.0,0.0
oracle_mpc,411,1.5555081551931624,0.0,0.0
oracle_mpc,412,16.627476983820014,0.0,0.0
oracle_mpc,413,9.65511224074677,0.0,0.0
oracle_mpc,414,10.407394291285321,0.0,0.0
oracle_mpc,415,-3.1163205739447783,0.0,0.0
oracle_mpc,416,9.363315688573012,0.0,0.0
oracle_mpc,417,-7.449312990568138,0.0,0.0
oracle_mpc,418,-14.67440565500798,0.0,0.0
oracle_mpc,419,0.5531334028373716,0.0,0.0
oracle_mpc,420,-2.712368287198087,0.0,0.0
oracle_mpc,421,-1.7367990476826118,0.0,0.0
oracle_mpc,422,-1.9861055559433929,0.0,0.0
oracle_mpc,423,-5.115053763135412,0.0,0.0
oracle_mpc,424,-9.995970297281144,0.0,0.0
oracle_mpc,425,-2.8477219781746723,0.0,0.0
oracle_mpc,426,-8.424030901869088,0.0,0.0
oracle_mpc,427,-9.400069705743475,0.0,0.0
oracle_mpc,428,9.356468294600763,0.0,0.0
oracle_mpc,429,-11.156113819290463,0.0,0.0
oracle_mpc,430,1.9678748606576217,0.0,0.0
oracle_mpc,431,13.697250227123641,0.0,0.0
oracle_mpc,432,-7.771643633609542,0.0,0.0
oracle_mpc,433,-6.992784660909919,0.0,0.0
oracle_mpc,434,6.543664570481063,0.0,0.0
oracle_mpc,435,-0.45286211043868974,0.0,0.0
oracle_mpc,436,2.1344594631232847,0.0,0.0
oracle_mpc,437,0.6524675720571393,0.0,0.0
oracle_mpc,438,-0.6424499843142091,0.0,0.0
oracle_mpc,439,8.502057035669774,0.0,0.0
oracle_mpc,440,-5.9358931053129265,0.0,0.0
oracle_mpc,441,-7.628498451580826,0.0,0.0
oracle_mpc,442,8.073116114767389,0.0,0.0
oracle_mpc,443,-3.369361492912159,0.0,0.0
oracle_mpc,444,6.125578537421981,0.0,0.0
oracle_mpc,445,1.849032894670651,0.0,0.0
oracle_mpc,446,4.651575103588266,0.0,0.0
oracle_mpc,447,0.35479621530386046,0.0,0.0
oracle_mpc,448,-13.740084437585036,0.0,0.0
oracle_mpc,449,-8.590256443550551,0.0,0.0
oracle_mpc,450,-1.1567987013406913,0.0,0.0
oracle_mpc,451,9.885977533960608,0.0,0.0
oracle_mpc,452,14.686566610958723,0.0,0.0
oracle_mpc,453,45.685812546464824,0.0,0.0
oracle_mpc,454,-0.10987509572161695,0.0,0.0
oracle_mpc,455,13.91223106753474,0.0,0.0
oracle_mpc,456,-2.905371756076992,0.0,0.0
oracle_mpc,457,-4.267731865205502,0.0,0.0
oracle_mpc,458,-17.010380912486642,0.0,0.0
oracle_mpc,459,-5.62297747173889,0.0,0.0
oracle_mpc,460,-4.385825341973934,0.0,0.0
oracle_mpc,461,12.54821097936838,0.0,0.0
oracle_mpc,462,-9.912196858412843,0.0,0.0
oracle_mpc,463,11.855378187706252,0.0,0.0
oracle_mpc,464,-13.695112833624705,0.0,0.0
oracle_mpc,465,9.847347706733599,0.0,0.0
oracle_mpc,466,2.0265631026580673,0.0,0.0
oracle_mpc,467,1.3614860004768126,0.0,0.0
oracle_mpc,468,-7.720954015646363,0.0,0.0
oracle_mpc,469,0.6404549110642187,0.0,0.0
oracle_mpc,470,10.313997132723598,0.0,0.0
oracle_mpc,471,-15.780629606451479,0.0,0.0
oracle_mpc,472,-3.763494441688264,0.0,0.0
oracle_mpc,473,-3.524807820602695,0.0,0.0
oracle_mpc,474,-8.317171846117128,0.0,0.0
oracle_mpc,475,-11.810589797621544,0.0,0.0
oracle_mpc,476,-7.315373769983828,0.0,0.0
oracle_mpc,477,22.050251387186602,0.0,0.0
oracle_mpc,478,5.504132190461966,0.0,0.0
oracle_mpc,479,-10.45756764323572,0.0,0.0
oracle_mpc,480,2.854433677894194,0.0,0.0
oracle_mpc,481,-11.752782757743066,0.0,0.0
oracle_mpc,482,-15.361298754517076,0.0,0.0
oracle_mpc,483,8.79105866721118,0.0,0.0
oracle_mpc,484,-4.330336100756536,0.0,0.0
oracle_mpc,485,14.296345112389115,0.0,0.0
oracle_mpc,486,1.0824942617193822,0.0,0.0
oracle_mpc,487,14.87818736469635,0.0,0.0
oracle_mpc,488,-10.303411880224845,0.0,0.0
oracle_mpc,489,-0.7843389641804305,0.0,0.0
oracle_mpc,490,-18.573954277277334,0.0,0.0
oracle_mpc,491,7.511612760202836,0.0,0.0
oracle_mpc,492,5.721754406380396,0.0,0.0
oracle_mpc,493,0.4587889020288143,0.0,0.0
oracle_mpc,494,21.373260595244734,0.0,0.0
oracle_mpc,495,2.660713573656487,0.0,0.0
oracle_mpc,496,9.297983463619426,0.0,0.0
oracle_mpc,497,0.25161164218622173,0.0,0.0
oracle_mpc,498,9.904581680223057,0.0,0.0
oracle_mpc,499,-9.634127988118742,0.0,0.0
oracle_mpc,500,6.247774484118199,0.0,0.0
oracle_mpc,501,7.32621542425375,0.0,0.0
oracle_mpc,502,-2.974521610605687,0.0,0.0
oracle_mpc,503,6.053067210414255,0.0,0.0
oracle_mpc,504,2.331702033158015,0.0,0.0
oracle_mpc,505,-0.12154743900819787,0.0,0.0
oracle_mpc,506,8.836508416586813,0.0,0.0
oracle_mpc,507,-12.398743970628583,0.0,0.0
oracle_mpc,508,28.51560460659716,0.0,0.0
oracle_mpc,509,20.591728643537824,0.0,0.0
oracle_mpc,510,13.622388657223224,0.0,0.0
oracle_mpc,511,-7.2030630725441585,0.0,0.0
oracle_mpc,512,-6.06994740471234,0.0,0.0
oracle_mpc,513,15.441568638444599,0.0,0.0
oracle_mpc,514,2.1855190278181396,0.0,0.0
oracle_mpc,515,-12.69348595493007,0.0,0.0
oracle_mpc,516,-4.049259742351122,0.0,0.0
oracle_mpc,517,-7.459389312756641,0.0,0.0
oracle_mpc,518,-0.5589680877533627,0.0,0.0
oracle_mpc,519,-11.559500419212661,0.0,0.0
oracle_mpc,520,0.21432031633799167,0.0,0.0
oracle_mpc,521,1.5593332138273832,0.0,0.0
oracle_mpc,522,6.150253577856116,0.0,0.0
oracle_mpc,523,-10.665296579650052,0.0,0.0
oracle_mpc,524,-5.57200767870209,0.0,0.0
oracle_mpc,525,0.75767625372658,0.0,0.0
oracle_mpc,526,2.7199701686390316,0.0,0.0
oracle_mpc,527,-3.9359979474965643,0.0,0.0
oracle_mpc,528,4.9754008109719665,0.0,0.0
oracle_mpc,529,-8.529393889967174,0.0,0.0
oracle_mpc,530,2.077285227526062,0.0,0.0
oracle_mpc,531,-8.228859585952936,0.0,0.0
oracle_mpc,532,16.490722166561916,0.0,0.0
oracle_mpc,533,6.474189847478525,0.0,0.0
oracle_mpc,534,-3.7995982147552763,0.0,0.0
oracle_mpc,535,4.123527357584236,0.0,0.0
oracle_mpc,536,-1.0714655990949828,0.0,0.0
oracle_mpc,537,-16.374744051390632,0.0,0.0
oracle_mpc,538,1.833140267291004,0.0,0.0
oracle_mpc,539,-9.054328565941164,0.0,0.0
oracle_mpc,540,-4.988232747855216,0.0,0.0
oracle_mpc,541,8.855888587176562,0.0,0.0
oracle_mpc,542,-21.44042618076216,0.0,0.0
oracle_mpc,543,5.486474044027377,0.0,0.0
oracle_mpc,544,11.467561104860602,0.0,0.0
oracle_mpc,545,5.028220927525103,0.0,0.0
oracle_mpc,546,1.9844214423745057,0.0,0.0
oracle_mpc,547,-12.011672956853458,0.0,0.0
oracle_mpc,548,-2.437269595146137,0.0,0.0
oracle_mpc,549,1.2657823000597392,0.0,0.0
oracle_mpc,550,19.609513576294994,0.0,0.0
oracle_mpc,551,-6.089807597836897,0.0,0.0
oracle_mpc,552,-3.39418406415181,0.0,0.0
oracle_mpc,553,10.1145326190187,0.0,0.0
oracle_mpc,554,-15.86571981313886,0.0,0.0
oracle_mpc,555,12.625448568711036,0.0,0.0
oracle_mpc,556,-4.484692741994391,0.0,0.0
oracle_mpc,557,22.26854790354812,0.0,0.0
oracle_mpc,558,-0.3678955655700728,0.0,0.0
oracle_mpc,559,-26.944122708136877,0.0,0.0
oracle_mpc,560,-7.988054154638752,0.0,0.0
oracle_mpc,561,11.564378192722737,0.0,0.0
oracle_mpc,562,-13.405617171087917,0.0,0.0
oracle_mpc,563,10.703982731565802,0.0,0.0
oracle_mpc,564,-8.769806161601858,0.0,0.0
oracle_mpc,565,-4.774478562074819,0.0,0.0
oracle_mpc,566,35.021529827953195,0.0,0.0
oracle_mpc,567,-15.983795176270908,0.0,0.0
oracle_mpc,568,0.7136098885065678,0.0,0.0
oracle_mpc,569,-15.969653759164485,0.0,0.0
oracle_mpc,570,6.469047568642107,0.0,0.0
oracle_mpc,571,-13.721422903667571,0.0,0.0
oracle_mpc,572,11.02518115952366,0.0,0.0
oracle_mpc,573,16.11560015412813,0.0,0.0
oracle_mpc,574,0.5513021885422161,0.0,0.0
oracle_mpc,575,6.839421020354968,0.0,0.0
oracle_mpc,576,-5.863932812608909,0.0,0.0
oracle_mpc,577,-29.926735464185036,0.0,0.0
oracle_mpc,578,7.704168280913661,0.0,0.0
oracle_mpc,579,5.790736939006599,0.0,0.0
oracle_mpc,580,-0.39404863109112037,0.0,0.0
oracle_mpc,581,4.700531370311784,0.0,0.0
oracle_mpc,582,-0.18618525798866548,0.0,0.0
oracle_mpc,583,16.930092681743012,0.0,0.0
oracle_mpc,584,24.625031781445156,0.0,0.0
oracle_mpc,585,24.169551733079324,0.0,0.0
oracle_mpc,586,2.7214758151556286,0.0,0.0
oracle_mpc,587,-16.107723364704707,0.0,0.0
oracle_mpc,588,2.6032870671871526,0.0,0.0
oracle_mpc,589,8.840326358035073,0.0,0.0
oracle_mpc,590,22.856700071174522,0.0,0.0
oracle_mpc,591,8.581051466791271,0.0,0.0
oracle_mpc,592,-2.3672806320596913,0.0,0.0
oracle_mpc,593,16.679895629863847,0.0,0.0
oracle_mpc,594,-3.358048926686546,0.0,0.0
oracle_mpc,595,11.543329990207885,0.0,0.0
oracle_mpc,596,1.8407711738821113,0.0,0.0
oracle_mpc,597,-4.4753121517895575,0.0,0.0
oracle_mpc,598,-4.205716202232414,0.0,0.0
oracle_mpc,599,-15.26541231642576,0.0,0.0
oracle_mpc,600,-6.769651086393175,0.0,0.0
oracle_mpc,601,-23.88670394147179,0.0,0.0
oracle_mpc,602,-2.879411060692132,0.0,0.0
oracle_mpc,603,13.148900778452575,0.0,0.0
oracle_mpc,604,2.630896785206752,0.0,0.0
oracle_mpc,605,-12.474966215676227,0.0,0.0
oracle_mpc,606,-13.378480639942248,0.0,0.0
oracle_mpc,607,10.52422434613233,0.0,0.0
oracle_mpc,608,19.7407774431051,0.0,0.0
oracle_mpc,609,-4.84284603950357,0.0,0.0
oracle_mpc,610,14.844559554129315,0.0,0.0
oracle_mpc,611,-29.38350852593279,0.0,0.0
oracle_mpc,612,8.375837787069866,0.0,0.0
oracle_mpc,613,-11.599171769052678,0.0,0.0
oracle_mpc,614,7.39158699095234,0.0,0.0
oracle_mpc,615,5.90904267037006,0.0,0.0
oracle_mpc,616,8.160021840363854,0.0,0.0
oracle_mpc,617,8.426141711465334,0.0,0.0
oracle_mpc,618,11.836139616426951,0.0,0.0
oracle_mpc,619,15.91777795273881,0.0,0.0
oracle_mpc,620,3.0645986479711618,0.0,0.0
oracle_mpc,621,1.3056238904319106,0.0,0.0
oracle_mpc,622,-6.580754515122176,0.0,0.0
oracle_mpc,623,1.3901680848570197,0.0,0.0
oracle_mpc,624,-8.031008612466424,0.0,0.0
oracle_mpc,625,-14.943237710272443,0.0,0.0
oracle_mpc,626,4.440943334396149,0.0,0.0
oracle_mpc,627,9.348002164414517,0.0,0.0
oracle_mpc,628,-4.728850117719694,0.0,0.0
oracle_mpc,629,5.3455847887039605,0.0,0.0
oracle_mpc,630,1.05867174433146,0.0,0.0
oracle_mpc,631,-7.862273691106559,0.0,0.0
oracle_mpc,632,-5.430096979803733,0.0,0.0
oracle_mpc,633,1.8522742096053177,0.0,0.0
oracle_mpc,634,7.761153375989436,0.0,0.0
oracle_mpc,635,-1.9216614979108926,0.0,0.0
oracle_mpc,636,-10.661001213955375,0.0,0.0
oracle_mpc,637,0.5901729605736551,0.0,0.0
oracle_mpc,638,-9.530045199767404,0.0,0.0
oracle_mpc,639,1.3425572127815968,0.0,0.0
oracle_mpc,640,2.156456811984632,0.0,0.0
oracle_mpc,641,10.451747673504306,0.0,0.0
oracle_mpc,642,31.267726770227444,0.0,0.0
oracle_mpc,643,-5.882239403727286,0.0,0.0
oracle_mpc,644,9.064997021758613,0.0,0.0
oracle_mpc,645,-19.883441945766325,0.0,0.0
oracle_mpc,646,-15.94869076964356,0.0,0.0
oracle_mpc,647,21.944538515491402,0.0,0.0
oracle_mpc,648,4.731539427506852,0.0,0.0
oracle_mpc,649,1.4648644584908443,0.0,0.0
oracle_mpc,650,6.086604075750071,0.0,0.0
oracle_mpc,651,-1.5720400720686754,0.0,0.0
oracle_mpc,652,-4.9996383089122975,0.0,0.0
oracle_mpc,653,5.8081546599909855,0.0,0.0
oracle_mpc,654,-10.776471597762182,0.0,0.0
oracle_mpc,655,11.633591305576026,0.0,0.0
oracle_mpc,656,-17.6329578385581,0.0,0.0
oracle_mpc,657,-12.122105041048105,0.0,0.0
oracle_mpc,658,13.975032813327266,0.0,0.0
oracle_mpc,659,-0.647584301567915,0.0,0.0
oracle_mpc,660,-8.151575738034326,0.0,0.0
oracle_mpc,661,8.600603489917543,0.0,0.0
oracle_mpc,662,-2.189822571274242,0.0,0.0
oracle_mpc,663,-3.013949047435505,0.0,0.0
oracle_mpc,664,2.312590014464318,0.0,0.0
oracle_mpc,665,0.7071316288971006,0.0,0.0
oracle_mpc,666,4.893583063293419,0.0,0.0
oracle_mpc,667,18.91277634785634,0.0,0.0
oracle_mpc,668,-8.882188906896575,0.0,0.0
oracle_mpc,669,-0.35744126166765267,0.0,0.0
oracle_mpc,670,-6.6477592303532,0.0,0.0
oracle_mpc,671,-0.6530938107610758,0.0,0.0
oracle_mpc,672,6.206765603711185,0.0,0.0
oracle_mpc,673,-8.653947568736491,0.0,0.0
oracle_mpc,674,14.36666518220427,0.0,0.0
oracle_mpc,675,3.801961503950554,0.0,0.0
oracle_mpc,676,27.667701596934315,0.0,0.0
oracle_mpc,677,14.316700787393659,0.0,0.0
oracle_mpc,678,2.2339429134208744,0.0,0.0
oracle_mpc,679,-8.826727329900441,0.0,0.0
oracle_mpc,680,-7.2612127645542275,0.0,0.0
oracle_mpc,681,8.440042762547673,0.0,0.0
oracle_mpc,682,10.047935907745348,0.0,0.0
oracle_mpc,683,-12.054954222001676,0.0,0.0
oracle_mpc,684,-12.549558422926571,0.0,0.0
oracle_mpc,685,28.420617305922146,0.0,0.0
oracle_mpc,686,-5.090052074752985,0.0,0.0
oracle_mpc,687,9.994502404471914,0.0,0.0
oracle_mpc,688,-14.064872426662463,0.0,0.0
oracle_mpc,689,-2.1213383493593954,0.0,0.0
oracle_mpc,690,-5.793987947447073,0.0,0.0
oracle_mpc,691,3.9352701578427567,0.0,0.0
oracle_mpc,692,-4.477458900379783,0.0,0.0
oracle_mpc,693,10.694108066611733,0.0,0.0
oracle_mpc,694,-9.616682417621128,0.0,0.0
oracle_mpc,695,-5.656552611038865,0.0,0.0
oracle_mpc,696,12.630425457023549,0.0,0.0
oracle_mpc,697,-10.17965232554687,0.0,0.0
oracle_mpc,698,-2.094674057979236,0.0,0.0
oracle_mpc,699,-10.61054083163589,0.0,0.0
oracle_mpc,700,10.92414956828255,0.0,0.0
oracle_mpc,701,1.3386640298958867,0.0,0.0
oracle_mpc,702,8.285194795681697,0.0,0.0
oracle_mpc,703,-6.203779550782752,0.0,0.0
oracle_mpc,704,7.8828835079402655,0.0,0.0
oracle_mpc,705,3.02865000946632,0.0,0.0
oracle_mpc,706,9.673920178520952,0.0,0.0
oracle_mpc,707,4.4339959792067,0.0,0.0
oracle_mpc,708,-6.57890606080698,0.0,0.0
oracle_mpc,709,-11.577398543018974,0.0,0.0
oracle_mpc,710,9.423191959758535,0.0,0.0
oracle_mpc,711,-6.668569950698887,0.0,0.0
oracle_mpc,712,4.7340030158528235,0.0,0.0
oracle_mpc,713,-12.626595234337596,0.0,0.0
oracle_mpc,714,-2.70190165061229,0.0,0.0
oracle_mpc,715,13.375963978934607,0.0,0.0
oracle_mpc,716,15.673990595537044,0.0,0.0
oracle_mpc,717,-4.098120189276354,0.0,0.0
oracle_mpc,718,-0.475146511782326,0.0,0.0
oracle_mpc,719,-8.702032307099818,0.0,0.0
oracle_mpc,720,25.774347018267136,0.0,0.0
oracle_mpc,721,-5.778653181399685,0.0,0.0
oracle_mpc,722,-9.636473559492043,0.0,0.0
oracle_mpc,723,15.943924563676019,0.0,0.0
oracle_mpc,724,-6.842092891823468,0.0,0.0
oracle_mpc,725,15.38371469628108,0.0,0.0
oracle_mpc,726,21.69700952000393,0.0,0.0
oracle_mpc,727,1.5722065878768912,0.0,0.0
oracle_mpc,728,14.234731981660575,0.0,0.0
oracle_mpc,729,1.3057554676684628,0.0,0.0
oracle_mpc,730,9.589649318553858,0.0,0.0
oracle_mpc,731,19.533247337328987,0.0,0.0
oracle_mpc,732,6.001724862606538,0.0,0.0
oracle_mpc,733,1.6089213868098997,0.0,0.0
oracle_mpc,734,-4.881487558472149,0.0,0.0
oracle_mpc,735,-2.3959141956859673,0.0,0.0
oracle_mpc,736,-0.2774014174484644,0.0,0.0
oracle_mpc,737,-13.787033149554572,0.0,0.0
oracle_mpc,738,-5.635680429720971,0.0,0.0
oracle_mpc,739,-25.81835786760138,0.0,0.0
oracle_mpc,740,-2.361427785896715,0.0,0.0
oracle_mpc,741,2.913302546893841,0.0,0.0
oracle_mpc,742,0.6619141141963496,0.0,0.0
oracle_mpc,743,7.242133690669407,0.0,0.0
oracle_mpc,744,27.872213644615805,0.0,0.0
oracle_mpc,745,-11.560903811069496,0.0,0.0
oracle_mpc,746,-0.08807217587536871,0.0,0.0
oracle_mpc,747,-5.731204616433622,0.0,0.0
oracle_mpc,748,3.559015568777666,0.0,0.0
oracle_mpc,749,7.926017468733404,0.0,0.0
oracle_mpc,750,-2.5463251544494474,0.0,0.0
oracle_mpc,751,-12.138078323640517,0.0,0.0
oracle_mpc,752,-0.7692255213645124,0.0,0.0
oracle_mpc,753,-1.6756971063803967,0.0,0.0
oracle_mpc,754,2.236797574618853,0.0,0.0
oracle_mpc,755,0.06442039242482756,0.0,0.0
oracle_mpc,756,-0.832721607918682,0.0,0.0
oracle_mpc,757,-5.848325082399807,0.0,0.0
oracle_mpc,758,-4.454635664234695,0.0,0.0
oracle_mpc,759,3.3424732552700642,0.0,0.0
oracle_mpc,760,-2.6075479099538708,0.0,0.0
oracle_mpc,761,1.4038802044291392,0.0,0.0
oracle_mpc,762,-5.2597890684113215,0.0,0.0
oracle_mpc,763,-4.812956694343559,0.0,0.0
oracle_mpc,764,-4.537450605567841,0.0,0.0
oracle_mpc,765,-5.816374063096296,0.0,0.0
oracle_mpc,766,-6.694455003138827,0.0,0.0
oracle_mpc,767,-15.412354958584265,0.0,0.0
oracle_mpc,768,2.9125103243741712,0.0,0.0
oracle_mpc,769,5.177660420489403,0.0,0.0
oracle_mpc,770,-7.058205238943608,0.0,0.0
oracle_mpc,771,-2.1161543417463005,0.0,0.0
oracle_mpc,772,-1.5202367079776,0.0,0.0
oracle_mpc,773,3.5732851733350066,0.0,0.0
oracle_mpc,774,-4.945546868757721,0.0,0.0
oracle_mpc,775,15.123015778543236,0.0,0.0
oracle_mpc,776,2.3254828850475278,0.0,0.0
oracle_mpc,777,-4.090389657476208,0.0,0.0
oracle_mpc,778,-0.3471726791802813,0.0,0.0
oracle_mpc,779,2.687645089321732,0.0,0.0
oracle_mpc,780,0.729405838812391,0.0,0.0
oracle_mpc,781,6.458980912046984,0.0,0.0
oracle_mpc,782,-4.62825058126327,0.0,0.0
oracle_mpc,783,10.00069866353697,0.0,0.0
oracle_mpc,784,-0.5849591324350274,0.0,0.0
oracle_mpc,785,3.004872578513164,0.0,0.0
oracle_mpc,786,-0.2461486982918278,0.0,0.0
oracle_mpc,787,8.187523810423174,0.0,0.0
oracle_mpc,788,7.779530741605701,0.0,0.0
oracle_mpc,789,1.5026471626372901,0.0,0.0
oracle_mpc,790,-10.082245464296347,0.0,0.0
oracle_mpc,791,-0.3696453120723352,0.0,0.0
oracle_mpc,792,-14.246560163085801,0.0,0.0
oracle_mpc,793,-11.457775001574994,0.0,0.0
oracle_mpc,794,4.799649916049333,0.0,0.0
oracle_mpc,795,-3.969247588222591,0.0,0.0
oracle_mpc,796,-5.0047151601239985,0.0,0.0
oracle_mpc,797,7.268770280603305,0.0,0.0
oracle_mpc,798,1.5260719764768693,0.0,0.0
oracle_mpc,799,2.0147160099763077,0.0,0.0
oracle_mpc,800,-2.6555962176175174,0.0,0.0
oracle_mpc,801,-4.872310050187964,0.0,0.0
oracle_mpc,802,-1.3331863400295767,0.0,0.0
oracle_mpc,803,3.468992874239696,0.0,0.0
oracle_mpc,804,-2.6917058706194528,0.0,0.0
oracle_mpc,805,-7.2086518684981,0.0,0.0
oracle_mpc,806,8.839493550755328,0.0,0.0
oracle_mpc,807,-7.079686569603385,0.0,0.0
oracle_mpc,808,-1.4706408846834658,0.0,0.0
oracle_mpc,809,6.548384544505024,0.0,0.0
oracle_mpc,810,-9.145653408980568,0.0,0.0
oracle_mpc,811,17.57060146580143,0.0,0.0
oracle_mpc,812,3.203542862218347,0.0,0.0
oracle_mpc,813,-4.567459304692044,0.0,0.0
oracle_mpc,814,3.3645490868546752,0.0,0.0
oracle_mpc,815,3.3912867184735167,0.0,0.0
oracle_mpc,816,1.3827090027074391,0.0,0.0
oracle_mpc,817,-11.813537483848478,0.0,0.0
oracle_mpc,818,-0.535253765723813,0.0,0.0
oracle_mpc,819,1.8882712624199647,0.0,0.0
oracle_mpc,820,-1.5292245050641806,0.0,0.0
oracle_mpc,821,-0.5795769470694916,0.0,0.0
oracle_mpc,822,3.1863918260423523,0.0,0.0
oracle_mpc,823,19.883244931535412,0.0,0.0
oracle_mpc,824,-8.771174351841347,0.0,0.0
oracle_mpc,825,-5.374368672935625,0.0,0.0
oracle_mpc,826,0.07236717526801487,0.0,0.0
oracle_mpc,827,-2.139844425652484,0.0,0.0
oracle_mpc,828,6.892185927605698,0.0,0.0
oracle_mpc,829,8.182099592834811,0.0,0.0
oracle_mpc,830,5.8074365127884,0.0,0.0
oracle_mpc,831,6.879983102933624,0.0,0.0
oracle_mpc,832,-5.988738012007157,0.0,0.0
oracle_mpc,833,-5.702518912562245,0.0,0.0
oracle_mpc,834,1.4982493935549586,0.0,0.0
oracle_mpc,835,-19.381391893328203,0.0,0.0
oracle_mpc,836,6.634890055015361,0.0,0.0
oracle_mpc,837,4.323868070580527,0.0,0.0
oracle_mpc,838,-13.96049885532554,0.0,0.0
oracle_mpc,839,7.756084525209846,0.0,0.0
oracle_mpc,840,14.096234880035585,0.0,0.0
oracle_mpc,841,2.4969263017529397,0.0,0.0
oracle_mpc,842,-2.6699685292626953,0.0,0.0
oracle_mpc,843,-4.452549867395246,0.0,0.0
oracle_mpc,844,16.1525687510342,0.0,0.0
oracle_mpc,845,-47.69932542870006,0.0,0.0
oracle_mpc,846,22.666649650300926,0.0,0.0
oracle_mpc,847,1.1343033603748363,0.0,0.0
oracle_mpc,848,0.22998249478679686,0.0,0.0
oracle_mpc,849,-4.069496773277416,0.0,0.0
oracle_mpc,850,5.527124122999574,0.0,0.0
oracle_mpc,851,7.1187202254113116,0.0,0.0
oracle_mpc,852,-17.720120555163067,0.0,0.0
oracle_mpc,853,-8.488729783913888,0.0,0.0
oracle_mpc,854,3.8162751297948234,0.0,0.0
oracle_mpc,855,6.2603472398301205,0.0,0.0
oracle_mpc,856,1.3280405029541031,0.0,0.0
oracle_mpc,857,3.1364841619586197,0.0,0.0
oracle_mpc,858,8.662995672117345,0.0,0.0
oracle_mpc,859,1.2937543926186519,0.0,0.0
oracle_mpc,860,2.213197095298542,0.0,0.0
oracle_mpc,861,41.60307310118865,0.0,0.0
oracle_mpc,862,11.532001324710114,0.0,0.0
oracle_mpc,863,-0.24543927657722955,0.0,0.0
oracle_mpc,864,12.619474901081865,0.0,0.0
oracle_mpc,865,-6.27803931370967,0.0,0.0
oracle_mpc,866,-8.220461001813216,0.0,0.0
oracle_mpc,867,-0.08249657612134666,0.0,0.0
oracle_mpc,868,8.022233158203646,0.0,0.0
oracle_mpc,869,3.9285121772220757,0.0,0.0
oracle_mpc,870,18.87616932121314,0.0,0.0
oracle_mpc,871,4.357561693002898,0.0,0.0
oracle_mpc,872,-3.540164510530092,0.0,0.0
oracle_mpc,873,6.013314061906548,0.0,0.0
oracle_mpc,874,-10.736880359777569,0.0,0.0
oracle_mpc,875,-10.56835081124936,0.0,0.0
oracle_mpc,876,6.866805616275365,0.0,0.0
oracle_mpc,877,1.9746255808440993,0.0,0.0
oracle_mpc,878,-2.107860653608733,0.0,0.0
oracle_mpc,879,7.8881905043728455,0.0,0.0
oracle_mpc,880,-8.961558503144548,0.0,0.0
oracle_mpc,881,-4.943045825224361,0.0,0.0
oracle_mpc,882,-9.691648340806175,0.0,0.0
oracle_mpc,883,-2.552668985349839,0.0,0.0
oracle_mpc,884,-17.230823281458704,0.0,0.0
oracle_mpc,885,14.456162308074163,0.0,0.0
oracle_mpc,886,19.82296924891405,0.0,0.0
oracle_mpc,887,8.315429053579052,0.0,0.0
oracle_mpc,888,-2.764690832328649,0.0,0.0
oracle_mpc,889,-3.630926060479876,0.0,0.0
oracle_mpc,890,1.0389278545594556,0.0,0.0
oracle_mpc,891,-1.947544774312036,0.0,0.0
oracle_mpc,892,-1.007316094758625,0.0,0.0
oracle_mpc,893,-4.465336027911151,0.0,0.0
oracle_mpc,894,-1.6924762058405942,0.0,0.0
oracle_mpc,895,2.542653520434777,0.0,0.0
oracle_mpc,896,-2.844660445340858,0.0,0.0
oracle_mpc,897,-6.798742165778124,0.0,0.0
oracle_mpc,898,-2.0265879659489245,0.0,0.0
oracle_mpc,899,0.7076495112781583,0.0,0.0
oracle_mpc,900,10.17904526568373,0.0,0.0
oracle_mpc,901,-10.208625104216257,0.0,0.0
oracle_mpc,902,4.324224564683197,0.0,0.0
oracle_mpc,903,-3.0087232127597336,0.0,0.0
oracle_mpc,904,-23.337541659525016,0.0,0.0
oracle_mpc,905,12.369379375854834,0.0,0.0
oracle_mpc,906,8.871864928192247,0.0,0.0
oracle_mpc,907,-3.895331798303326,0.0,0.0
oracle_mpc,908,9.811104804637644,0.0,0.0
oracle_mpc,909,2.916446891510742,0.0,0.0
oracle_mpc,910,-15.293192438579956,0.0,0.0
oracle_mpc,911,8.131302549868545,0.0,0.0
oracle_mpc,912,-10.147892446036257,0.0,0.0
oracle_mpc,913,16.664397299725916,0.0,0.0
oracle_mpc,914,-2.9265423568274835,0.0,0.0
oracle_mpc,915,10.398517673337704,0.0,0.0
oracle_mpc,916,-2.107187028985187,0.0,0.0
oracle_mpc,917,-8.785993235740474,0.0,0.0
oracle_mpc,918,-7.218684982111632,0.0,0.0
oracle_mpc,919,-3.8733284010047946,0.0,0.0
oracle_mpc,920,-6.769432829300674,0.0,0.0
oracle_mpc,921,15.605393345284021,0.0,0.0
oracle_mpc,922,-6.561379473936142,0.0,0.0
oracle_mpc,923,-1.0814152493112297,0.0,0.0
oracle_mpc,924,27.292383324243396,0.0,0.0
oracle_mpc,925,29.429731460563477,0.0,0.0
oracle_mpc,926,4.044642637845755,0.0,0.0
oracle_mpc,927,3.817375964139256,0.0,0.0
oracle_mpc,928,14.820155618901504,0.0,0.0
oracle_mpc,929,-2.118535709200941,0.0,0.0
oracle_mpc,930,-13.581177959813148,0.0,0.0
oracle_mpc,931,-16.47359181760989,0.0,0.0
oracle_mpc,932,6.972565234683988,0.0,0.0
oracle_mpc,933,1.022669975010608,0.0,0.0
oracle_mpc,934,9.540266385454851,0.0,0.0
oracle_mpc,935,3.614303396928964,0.0,0.0
oracle_mpc,936,9.69074874918541,0.0,0.0
oracle_mpc,937,-22.898209570042273,0.0,0.0
oracle_mpc,938,-2.670553564670115,0.0,0.0
oracle_mpc,939,-17.612310502668848,0.0,0.0
oracle_mpc,940,-8.13482934726498,0.0,0.0
oracle_mpc,941,11.73424971661483,0.0,0.0
oracle_mpc,942,8.20465269518707,0.0,0.0
oracle_mpc,943,10.402073821015131,0.0,0.0
oracle_mpc,944,-7.1769115596051885,0.0,0.0
oracle_mpc,945,0.4315397594102387,0.0,0.0
oracle_mpc,946,7.73804749996003,0.0,0.0
oracle_mpc,947,-4.344454228457403,0.0,0.0
oracle_mpc,948,-2.7131130156468486,0.0,0.0
oracle_mpc,949,4.605645457487349,0.0,0.0
oracle_mpc,950,2.075521322113975,0.0,0.0
oracle_mpc,951,-4.045402896201831,0.0,0.0
oracle_mpc,952,8.514729405939674,0.0,0.0
oracle_mpc,953,4.111146450845331,0.0,0.0
oracle_mpc,954,7.548145072504947,0.0,0.0
oracle_mpc,955,-5.523681215851703,0.0,0.0
oracle_mpc,956,1.5993668203576847,0.0,0.0
oracle_mpc,957,2.397354696690971,0.0,0.0
oracle_mpc,958,-16.27038683953323,0.0,0.0
oracle_mpc,959,-6.8020001687541285,0.0,0.0
oracle_mpc,960,7.073596075064958,0.0,0.0
oracle_mpc,961,4.4520707824297245,0.0,0.0
oracle_mpc,962,1.5163657907427737,0.0,0.0
oracle_mpc,963,2.622699569386532,0.0,0.0
oracle_mpc,964,7.608203692471381,0.0,0.0
oracle_mpc,965,-11.127467833769286,0.0,0.0
oracle_mpc,966,2.1368838033793183,0.0,0.0
oracle_mpc,967,-26.409861882204623,0.0,0.0
oracle_mpc,968,5.332196970858993,0.0,0.0
oracle_mpc,969,-3.594922923842624,0.0,0.0
oracle_mpc,970,-2.4982351281555184,0.0,0.0
oracle_mpc,971,1.631886711081792,0.0,0.0
oracle_mpc,972,-1.5630028597539567,0.0,0.0
oracle_mpc,973,2.2079497906683754,0.0,0.0
oracle_mpc,974,13.204432913551825,0.0,0.0
oracle_mpc,975,2.7917259553483644,0.0,0.0
oracle_mpc,976,4.5032898796234235,0.0,0.0
oracle_mpc,977,-3.092222930448474,0.0,0.0
oracle_mpc,978,-5.243248846443191,0.0,0.0
oracle_mpc,979,25.96682361093559,0.0,0.0
oracle_mpc,980,9.890793747013467,0.0,0.0
oracle_mpc,981,-11.94798925128401,0.0,0.0
oracle_mpc,982,-11.700342691992219,0.0,0.0
oracle_mpc,983,-10.577277794385164,0.0,0.0
oracle_mpc,984,5.075044037573615,0.0,0.0
oracle_mpc,985,-3.7356769097440026,0.0,0.0
oracle_mpc,986,-17.09284403573856,0.0,0.0
oracle_mpc,987,4.876977927178204,0.0,0.0
oracle_mpc,988,-9.021318524041284,0.0,0.0
oracle_mpc,989,3.821529133202584,0.0,0.0
oracle_mpc,990,12.832092797040215,0.0,0.0
oracle_mpc,991,2.0130676834123618,0.0,0.0
oracle_mpc,992,-11.9528463248077,0.0,0.0
oracle_mpc,993,1.3528047710482025,0.0,0.0
oracle_mpc,994,6.821296752359305,0.0,0.0
oracle_mpc,995,-12.661117474866659,0.0,0.0
oracle_mpc,996,15.72247519789378,0.0,0.0
oracle_mpc,997,9.006255746987138,0.0,0.0
oracle_mpc,998,0.5697852322781194,0.0,0.0
oracle_mpc,999,4.150863260946739,0.0,0.0
oracle_mpc,1000,-18.507180579866823,0.0,0.0
oracle_mpc,1001,3.2202929312180886,0.0,0.0
oracle_mpc,1002,3.463919411831225,0.0,0.0
oracle_mpc,1003,4.59479625299299,0.0,0.0
oracle_mpc,1004,0.8115443177775117,0.0,0.0
oracle_mpc,1005,-3.872826928582188,0.0,0.0
oracle_mpc,1006,-9.599274072364036,0.0,0.0
oracle_mpc,1007,-2.849652944025693,0.0,0.0
oracle_mpc,1008,-9.13857462220995,0.0,0.0
oracle_mpc,1009,0.35720979340183867,0.0,0.0
oracle_mpc,1010,5.681280212648992,0.0,0.0
oracle_mpc,1011,1.5010436092442208,0.0,0.0
oracle_mpc,1012,-8.350858954986583,0.0,0.0
oracle_mpc,1013,-11.722307206523668,0.0,0.0
oracle_mpc,1014,18.62021188602199,0.0,0.0
oracle_mpc,1015,-4.805669143938257,0.0,0.0
oracle_mpc,1016,4.7419574932483215,0.0,0.0
oracle_mpc,1017,-12.703112234251158,0.0,0.0
oracle_mpc,1018,8.636029065428547,0.0,0.0
oracle_mpc,1019,1.5210147646004122,0.0,0.0
oracle_mpc,1020,2.2955900967829628,0.0,0.0
oracle_mpc,1021,26.92391142871905,0.0,0.0
oracle_mpc,1022,9.004056490814019,0.0,0.0
oracle_mpc,1023,0.08225622000446714,0.0,0.0
oracle_mpc,1024,-6.8474751484371605,0.0,0.0
oracle_mpc,1025,-1.3249208922476166,0.0,0.0
oracle_mpc,1026,-13.744308676348549,0.0,0.0
oracle_mpc,1027,-12.697610890768358,0.0,0.0
oracle_mpc,1028,12.39301915162949,0.0,0.0
oracle_mpc,1029,-3.70019608639077,0.0,0.0
oracle_mpc,1030,6.101876229064188,0.0,0.0
oracle_mpc,1031,14.225289258159611,0.0,0.0
oracle_mpc,1032,9.177394626267526,0.0,0.0
oracle_mpc,1033,15.90782635649992,0.0,0.0
oracle_mpc,1034,-6.597364058299861,0.0,0.0
oracle_mpc,1035,5.75279730431675,0.0,0.0
oracle_mpc,1036,-10.218306588321354,0.0,0.0
oracle_mpc,1037,1.3049747083920007,0.0,0.0
oracle_mpc,1038,8.828031050077046,0.0,0.0
oracle_mpc,1039,-7.150961723465367,0.0,0.0
oracle_mpc,1040,-3.7236783863645937,0.0,0.0
oracle_mpc,1041,7.3316740612981,0.0,0.0
oracle_mpc,1042,-6.320520084727463,0.0,0.0
oracle_mpc,1043,-5.17281405412231,0.0,0.0
oracle_mpc,1044,10.408242015660484,0.0,0.0
oracle_mpc,1045,4.876791781153695,0.0,0.0
oracle_mpc,1046,-1.9959118027705915,0.0,0.0
oracle_mpc,1047,-1.3380138562761814,0.0,0.0
oracle_mpc,1048,15.147275715212078,0.0,0.0
oracle_mpc,1049,-0.05651822880759955,0.0,0.0
oracle_mpc,1050,5.5474949745207285,0.0,0.0
oracle_mpc,1051,-5.340493229135647,0.0,0.0
oracle_mpc,1052,-16.065788305203895,0.0,0.0
oracle_mpc,1053,-3.0491512426952867,0.0,0.0
oracle_mpc,1054,9.91106438568457,0.0,0.0
oracle_mpc,1055,3.1297202229698735,0.0,0.0
oracle_mpc,1056,-14.47652799938995,0.0,0.0
oracle_mpc,1057,5.861526609062339,0.0,0.0
oracle_mpc,1058,-7.15896393538305,0.0,0.0
oracle_mpc,1059,7.46675576170573,0.0,0.0
oracle_mpc,1060,13.101370664658171,0.0,0.0
oracle_mpc,1061,0.06463295573948383,0.0,0.0
oracle_mpc,1062,1.1921650483228703,0.0,0.0
oracle_mpc,1063,4.261851035634535,0.0,0.0
oracle_mpc,1064,-1.4813211958168793,0.0,0.0
oracle_mpc,1065,9.053942939207094,0.0,0.0
oracle_mpc,1066,6.099171172306121,0.0,0.0
oracle_mpc,1067,-0.7765080912887657,0.0,0.0
oracle_mpc,1068,2.9943550183470533,0.0,0.0
oracle_mpc,1069,17.693915325198212,0.0,0.0
oracle_mpc,1070,5.44425956726516,0.0,0.0
oracle_mpc,1071,-13.416168058271875,0.0,0.0
oracle_mpc,1072,-9.314159530672843,0.0,0.0
oracle_mpc,1073,9.332557295969409,0.0,0.0
oracle_mpc,1074,7.231420725984205,0.0,0.0
oracle_mpc,1075,10.683605255127604,0.0,0.0
oracle_mpc,1076,-2.227749820468684,0.0,0.0
oracle_mpc,1077,-13.531417632077826,0.0,0.0
oracle_mpc,1078,1.8997618181012212,0.0,0.0
oracle_mpc,1079,6.771568223170132,0.0,0.0
oracle_mpc,1080,3.994347860631005,0.0,0.0
oracle_mpc,1081,17.73688967102169,0.0,0.0
oracle_mpc,1082,-5.866259584325332,0.0,0.0
oracle_mpc,1083,3.6226082243256355,0.0,0.0
oracle_mpc,1084,-5.120407965474366,0.0,0.0
oracle_mpc,1085,7.477026393924173,0.0,0.0
oracle_mpc,1086,3.951247842924089,0.0,0.0
oracle_mpc,1087,-9.528420439544428,0.0,0.0
oracle_mpc,1088,-10.853688560004258,0.0,0.0
oracle_mpc,1089,-7.554890616231454,0.0,0.0
oracle_mpc,1090,11.91676125711179,0.0,0.0
oracle_mpc,1091,12.734982525594907,0.0,0.0
oracle_mpc,1092,6.944809374820238,0.0,0.0
oracle_mpc,1093,-3.4907585955314677,0.0,0.0
oracle_mpc,1094,-3.7540124475974603,0.0,0.0
oracle_mpc,1095,-0.19961227363913425,0.0,0.0
oracle_mpc,1096,14.647092364873304,0.0,0.0
oracle_mpc,1097,15.366025043321791,0.0,0.0
oracle_mpc,1098,11.114475074947089,0.0,0.0
oracle_mpc,1099,26.348927447709187,0.0,0.0
oracle_mpc,1100,-21.251460282593776,0.0,0.0
oracle_mpc,1101,6.409627585887138,0.0,0.0
oracle_mpc,1102,-2.095855668714798,0.0,0.0
oracle_mpc,1103,3.4911261979191126,0.0,0.0
oracle_mpc,1104,-12.5567993829333,0.0,0.0
oracle_mpc,1105,3.405892134197363,0.0,0.0
oracle_mpc,1106,-12.534974702186155,0.0,0.0
oracle_mpc,1107,1.3552825835377806,0.0,0.0
oracle_mpc,1108,9.72894534604782,0.0,0.0
oracle_mpc,1109,-7.83461777711587,0.0,0.0
oracle_mpc,1110,2.188388191218305,0.0,0.0
oracle_mpc,1111,-6.510003190693432,0.0,0.0
oracle_mpc,1112,13.172851859004043,0.0,0.0
oracle_mpc,1113,0.23147175232985662,0.0,0.0
oracle_mpc,1114,-9.84175345419471,0.0,0.0
oracle_mpc,1115,-6.739662088472462,0.0,0.0
oracle_mpc,1116,-1.544568716869996,0.0,0.0
oracle_mpc,1117,26.680320654055386,0.0,0.0
oracle_mpc,1118,7.001502023377496,0.0,0.0
oracle_mpc,1119,-1.5819253157312447,0.0,0.0
oracle_mpc,1120,2.786606167683609,0.0,0.0
oracle_mpc,1121,-0.38081893621047586,0.0,0.0
oracle_mpc,1122,-6.034412851081475,0.0,0.0
oracle_mpc,1123,-20.816404107929003,0.0,0.0
oracle_mpc,1124,30.66052648412897,0.0,0.0
oracle_mpc,1125,11.890657419154678,0.0,0.0
oracle_mpc,1126,1.6141109220545546,0.0,0.0
oracle_mpc,1127,4.031251477318895,0.0,0.0
oracle_mpc,1128,7.223444616867257,0.0,0.0
oracle_mpc,1129,-7.930391850108306,0.0,0.0
oracle_mpc,1130,3.3107931952543193,0.0,0.0
oracle_mpc,1131,14.674384425583504,0.0,0.0
oracle_mpc,1132,1.0042870006694573,0.0,0.0
oracle_mpc,1133,3.6238172548737055,0.0,0.0
oracle_mpc,1134,3.629168515640677,0.0,0.0
oracle_mpc,1135,9.439599702626849,0.0,0.0
oracle_mpc,1136,12.863315737097686,0.0,0.0
oracle_mpc,1137,8.163067025366615,0.0,0.0
oracle_mpc,1138,-11.032527716757889,0.0,0.0
oracle_mpc,1139,-13.960916648246629,0.0,0.0
oracle_mpc,1140,-16.93654349372257,0.0,0.0
oracle_mpc,1141,7.5780864213403545,0.0,0.0
oracle_mpc,1142,-7.24202464651174,0.0,0.0
oracle_mpc,1143,-10.880390078043895,0.0,0.0
oracle_mpc,1144,-0.5968159950255966,0.0,0.0
oracle_mpc,1145,9.903129067198703,0.0,0.0
oracle_mpc,1146,1.5363356777164705,0.0,0.0
oracle_mpc,1147,19.50855928327739,0.0,0.0
oracle_mpc,1148,-15.566224490446874,0.0,0.0
oracle_mpc,1149,-9.131720270603738,0.0,0.0
oracle_mpc,1150,-5.551547786595073,0.0,0.0
oracle_mpc,1151,16.26601862992796,0.0,0.0
oracle_mpc,1152,-6.4697842353484125,0.0,0.0
oracle_mpc,1153,-20.00645892009596,0.0,0.0
oracle_mpc,1154,5.882179546917057,0.0,0.0
oracle_mpc,1155,-13.989297666690886,0.0,0.0
oracle_mpc,1156,17.495880059220884,0.0,0.0
oracle_mpc,1157,-13.47315887314147,0.0,0.0
oracle_mpc,1158,-1.7428007510044519,0.0,0.0
oracle_mpc,1159,0.9421879331607526,0.0,0.0
oracle_mpc,1160,4.394701475591275,0.0,0.0
oracle_mpc,1161,-7.986331015610684,0.0,0.0
oracle_mpc,1162,0.34291124447738125,0.0,0.0
oracle_mpc,1163,-11.709017968847128,0.0,0.0
oracle_mpc,1164,2.012075878304527,0.0,0.0
oracle_mpc,1165,23.282283359118754,0.0,0.0
oracle_mpc,1166,4.5024371760481365,0.0,0.0
oracle_mpc,1167,-5.293252327088552,0.0,0.0
oracle_mpc,1168,-8.313948527800706,0.0,0.0
oracle_mpc,1169,3.4200548497223537,0.0,0.0
oracle_mpc,1170,-6.1217811249485425,0.0,0.0
oracle_mpc,1171,12.765634971807215,0.0,0.0
oracle_mpc,1172,-14.837715990490665,0.0,0.0
oracle_mpc,1173,0.7289726935356527,0.0,0.0
oracle_mpc,1174,0.6773858887862458,0.0,0.0
oracle_mpc,1175,5.194139932136027,0.0,0.0
oracle_mpc,1176,8.90813450862676,0.0,0.0
oracle_mpc,1177,3.1585827931062997,0.0,0.0
oracle_mpc,1178,-9.112489648981319,0.0,0.0
oracle_mpc,1179,-0.8806752635137441,0.0,0.0
oracle_mpc,1180,-12.21176949820034,0.0,0.0
oracle_mpc,1181,-4.915336998845254,0.0,0.0
oracle_mpc,1182,2.3897903283034196,0.0,0.0
oracle_mpc,1183,1.3369927951222111,0.0,0.0
oracle_mpc,1184,-3.1958307383017366,0.0,0.0
oracle_mpc,1185,-10.649068155406407,0.0,0.0
oracle_mpc,1186,6.082195501491476,0.0,0.0
oracle_mpc,1187,6.540830805665184,0.0,0.0
oracle_mpc,1188,-8.784785040370203,0.0,0.0
oracle_mpc,1189,1.941588519502525,0.0,0.0
oracle_mpc,1190,-3.2843810087720318,0.0,0.0
oracle_mpc,1191,-0.6788711023514752,0.0,0.0
oracle_mpc,1192,-40.02458566091863,0.0,0.0
oracle_mpc,1193,9.910490815664241,0.0,0.0
oracle_mpc,1194,5.10931935811989,0.0,0.0
oracle_mpc,1195,3.9818960039488074,0.0,0.0
oracle_mpc,1196,-5.222637851360721,0.0,0.0
oracle_mpc,1197,-0.06389767108308209,0.0,0.0
oracle_mpc,1198,3.036066447142887,0.0,0.0
oracle_mpc,1199,16.391095621194605,0.0,0.0
